TWIN_ID,score_extraversion,score_agreeableness,score_conscientiousness,score_openness,score_neuroticism,score_needforcognition,score_agency,score_communion,score_minimalism,score_BES,score_GREEN,score_synonym,score_antonym,score_fluid,score_crystallized,score_syllogism_priming,score_syllogism_test,score_syllogism_merged,score_actual_total,score_overconfidence,score_overplacement,score_ultimatum_sender,score_ultimatum_accepted,score_mentalaccounting,crt2_score,MXsum,rotsum
1,2.125,4.555555555555555,4.555555555555555,3.5,1.5,2.611111111111111,7.583333333333333,7.583333333333333,4.416666666666667,3.7,4.0,0,1,1,1,2,3,5,9,1.0,-15.0,0.0,100.0,25,2,1,0
2,3.375,4.333333333333333,2.7777777777777777,4.2,3.25,2.9444444444444446,2.8333333333333335,6.333333333333333,1.75,4.5,3.8333333333333335,3,5,1,8,2,5,7,19,18.0,1.0,60.0,66.66666666666666,25,3,0,1
3,2.875,4.111111111111111,4.333333333333333,4.5,1.625,3.888888888888889,5.0,6.75,3.1666666666666665,3.5,3.1666666666666665,3,5,1,8,3,3,6,18,7.0,3.0,40.0,16.666666666666664,50,3,1,0
4,4.375,5.0,5.0,5.0,1.125,4.555555555555555,3.25,8.75,4.416666666666667,4.5,5.0,2,4,2,6,2,3,5,16,9.0,5.0,100.0,50.0,75,3,1,1
5,2.25,2.5555555555555554,2.6666666666666665,3.8,3.75,2.7222222222222223,4.083333333333333,6.833333333333333,2.3333333333333335,3.6,1.1666666666666667,2,3,2,5,2,3,5,15,15.0,3.0,40.0,100.0,75,3,1,1
6,3.25,4.222222222222222,4.444444444444445,4.0,1.25,3.5555555555555554,3.8333333333333335,6.666666666666667,4.166666666666667,3.55,4.333333333333333,3,6,3,9,2,2,4,17,13.0,0.0,60.0,83.33333333333334,75,1,1,2
7,3.875,4.111111111111111,2.888888888888889,4.6,4.5,4.277777777777778,7.75,6.333333333333333,2.9166666666666665,4.8,4.833333333333333,2,6,1,8,2,2,4,15,15.0,20.0,0.0,100.0,75,2,0,1
8,3.125,3.6666666666666665,4.0,3.6,2.5,3.0,6.5,6.166666666666667,3.5,3.05,4.333333333333333,3,3,1,6,2,2,4,14,10.0,-11.0,20.0,66.66666666666666,100,3,0,1
9,3.125,4.0,4.777777777777778,4.5,2.75,4.333333333333333,5.916666666666667,6.916666666666667,3.75,4.35,4.0,2,4,3,6,3,5,8,21,15.0,11.0,40.0,66.66666666666666,75,4,1,2
10,1.75,3.4444444444444446,2.888888888888889,4.4,4.375,4.0,3.0833333333333335,7.083333333333333,3.1666666666666665,4.6,4.833333333333333,3,6,3,9,3,7,10,25,11.0,20.0,60.0,83.33333333333334,50,3,1,2
11,2.375,3.7777777777777777,4.888888888888889,3.2,1.75,3.1666666666666665,3.0,7.916666666666667,3.9166666666666665,3.75,3.0,3,5,1,8,3,5,8,18,-13.0,-25.0,60.0,83.33333333333334,100,1,1,0
12,3.625,4.888888888888889,4.888888888888889,3.6,1.25,3.7222222222222223,7.75,8.666666666666666,4.333333333333333,3.8,5.0,1,4,0,5,2,4,6,14,-2.0,-6.0,40.0,83.33333333333334,50,3,0,0
13,1.25,5.0,5.0,2.1,2.0,4.333333333333333,3.9166666666666665,8.75,5.0,4.35,5.0,3,5,0,8,2,3,5,16,14.0,8.0,60.0,33.33333333333333,75,3,0,0
14,5.0,4.777777777777778,4.333333333333333,3.8,1.75,3.6666666666666665,3.5833333333333335,5.75,2.5833333333333335,4.25,4.166666666666667,2,2,4,4,2,4,6,17,15.0,-3.0,40.0,83.33333333333334,75,3,1,3
15,3.875,4.222222222222222,4.666666666666667,4.4,2.625,3.0,6.916666666666667,6.75,3.6666666666666665,3.1,5.0,2,2,0,4,2,3,5,11,25.0,6.0,40.0,100.0,75,2,0,0
16,3.25,3.888888888888889,3.888888888888889,3.8,2.25,3.1666666666666665,4.833333333333333,6.666666666666667,2.9166666666666665,3.55,2.8333333333333335,3,3,1,6,2,4,6,15,7.0,0.0,60.0,66.66666666666666,75,2,1,0
17,3.0,4.555555555555555,4.222222222222222,4.6,1.0,3.888888888888889,1.75,5.583333333333333,3.0833333333333335,2.4,4.833333333333333,3,6,3,9,3,6,9,24,14.0,14.0,40.0,66.66666666666666,75,3,1,2
18,4.0,4.555555555555555,4.777777777777778,4.2,1.25,4.388888888888889,4.5,7.833333333333333,3.6666666666666665,4.55,4.833333333333333,3,6,1,9,2,5,7,21,12.0,3.0,40.0,83.33333333333334,75,4,0,1
19,3.875,3.5555555555555554,3.6666666666666665,3.0,3.75,3.3333333333333335,6.083333333333333,8.0,3.0833333333333335,4.45,3.8333333333333335,3,6,0,9,2,3,5,17,13.0,-5.0,40.0,50.0,75,3,0,0
20,2.625,4.555555555555555,4.0,3.1,2.125,4.166666666666667,5.166666666666667,6.25,2.6666666666666665,3.45,3.3333333333333335,2,5,3,7,4,5,9,20,19.0,11.0,40.0,83.33333333333334,50,1,1,2
21,4.0,3.5555555555555554,4.111111111111111,3.9,2.25,3.888888888888889,4.5,6.833333333333333,4.083333333333333,4.45,3.3333333333333335,3,6,3,9,3,7,10,25,13.0,8.0,60.0,100.0,50,3,1,2
22,3.75,3.0,3.888888888888889,4.8,3.25,4.333333333333333,4.166666666666667,6.75,2.6666666666666665,3.75,4.333333333333333,2,3,1,5,0,6,6,13,17.0,-5.0,40.0,100.0,75,1,1,0
23,4.625,4.888888888888889,4.666666666666667,4.2,1.0,3.888888888888889,4.666666666666667,7.416666666666667,3.4166666666666665,3.25,3.0,1,5,3,6,4,7,11,24,12.0,16.0,40.0,100.0,50,4,1,2
24,1.75,3.0,1.6666666666666667,4.3,4.0,2.1666666666666665,5.833333333333333,4.166666666666667,3.0833333333333335,2.35,2.1666666666666665,1,3,2,4,2,5,7,13,22.0,-5.0,0.0,83.33333333333334,25,0,1,1
25,3.125,5.0,4.777777777777778,3.0,1.875,2.2222222222222223,3.6666666666666665,9.0,1.8333333333333333,4.8,3.5,1,0,0,1,1,4,5,6,2.0,-7.0,0.0,100.0,50,0,0,0
26,3.625,4.0,4.888888888888889,4.2,2.25,3.7222222222222223,4.833333333333333,6.583333333333333,2.8333333333333335,3.25,4.5,3,6,1,9,2,3,5,15,0.0,-5.0,40.0,100.0,100,0,1,0
27,2.625,4.222222222222222,3.4444444444444446,3.6,2.5,3.3333333333333335,5.0,7.333333333333333,3.8333333333333335,4.35,2.5,2,4,0,6,4,7,11,20,0.0,0.0,40.0,100.0,100,3,0,0
28,2.375,3.7777777777777777,3.888888888888889,4.0,3.0,4.666666666666667,3.5,7.583333333333333,4.75,4.0,3.3333333333333335,3,5,1,8,4,5,9,20,1.0,0.0,60.0,100.0,75,2,1,0
29,2.75,4.777777777777778,4.777777777777778,3.6,1.375,3.888888888888889,3.8333333333333335,8.083333333333334,4.0,4.4,4.166666666666667,3,5,0,8,3,3,6,17,18.0,-5.0,40.0,83.33333333333334,50,3,0,0
30,3.75,4.555555555555555,5.0,4.7,1.25,4.388888888888889,3.5,6.916666666666667,3.9166666666666665,3.8,4.166666666666667,3,5,3,8,4,2,6,20,10.0,5.0,40.0,83.33333333333334,75,3,0,3
31,2.0,3.4444444444444446,2.111111111111111,3.3,3.75,1.6666666666666667,3.5,6.25,2.75,4.4,2.5,2,4,0,6,2,3,5,15,4.0,-1.0,40.0,66.66666666666666,50,4,0,0
32,1.875,2.888888888888889,2.5555555555555554,2.8,5.0,1.7222222222222223,2.6666666666666665,6.0,4.833333333333333,4.95,5.0,3,5,1,8,0,3,3,12,9.0,0.0,60.0,83.33333333333334,25,0,1,0
33,2.0,3.6666666666666665,4.333333333333333,3.4,4.5,3.2777777777777777,5.75,7.416666666666667,2.8333333333333335,4.1,2.6666666666666665,2,4,2,6,2,6,8,19,-4.0,4.0,0.0,83.33333333333334,75,3,1,1
34,2.0,4.111111111111111,3.888888888888889,4.6,3.125,3.111111111111111,7.75,6.166666666666667,2.9166666666666665,3.7,1.1666666666666667,3,5,2,8,4,7,11,24,11.0,10.0,0.0,83.33333333333334,25,3,1,1
35,2.875,3.888888888888889,3.3333333333333335,3.3,2.875,3.1666666666666665,3.0,7.583333333333333,4.0,3.9,3.0,3,6,4,9,4,6,10,26,9.0,0.0,40.0,100.0,100,3,1,3
36,5.0,5.0,5.0,4.3,1.0,4.833333333333333,4.166666666666667,7.416666666666667,2.9166666666666665,4.05,4.833333333333333,3,5,2,8,1,3,4,17,23.0,0.0,60.0,100.0,100,3,1,1
37,2.125,4.333333333333333,3.7777777777777777,4.6,2.75,5.0,4.333333333333333,7.083333333333333,4.083333333333333,4.45,4.333333333333333,3,5,4,8,3,7,10,23,19.0,20.0,60.0,100.0,100,1,1,3
38,3.625,3.4444444444444446,4.0,2.2,1.875,2.388888888888889,7.0,7.333333333333333,4.0,3.0,3.0,2,3,0,5,1,4,5,14,11.0,-5.0,0.0,50.0,25,4,0,0
39,3.375,5.0,3.6666666666666665,3.2,2.25,3.1666666666666665,5.083333333333333,8.583333333333334,3.5,4.1,1.8333333333333333,3,4,1,7,2,4,6,16,8.0,-11.0,60.0,83.33333333333334,100,2,1,0
40,4.125,3.111111111111111,3.6666666666666665,3.8,2.875,3.4444444444444446,5.0,6.083333333333333,1.3333333333333333,3.9,3.6666666666666665,3,2,0,5,2,2,4,12,24.0,21.0,40.0,100.0,100,3,0,0
41,2.25,4.111111111111111,4.333333333333333,3.7,3.875,4.0,5.833333333333333,7.166666666666667,2.9166666666666665,4.05,2.6666666666666665,2,6,1,8,3,6,9,22,9.0,3.0,60.0,83.33333333333334,50,4,1,0
42,2.875,3.3333333333333335,3.888888888888889,4.0,2.875,4.055555555555555,5.333333333333333,6.0,4.083333333333333,4.15,3.5,3,6,4,9,4,7,11,27,13.0,2.0,40.0,83.33333333333334,75,3,1,3
43,3.625,2.888888888888889,3.7777777777777777,3.0,3.375,3.111111111111111,8.75,8.916666666666666,3.5833333333333335,2.95,3.0,2,0,1,2,2,5,7,10,14.0,0.0,40.0,66.66666666666666,75,0,0,1
44,1.0,4.555555555555555,4.666666666666667,5.0,3.25,4.944444444444445,3.75,6.5,3.25,4.5,5.0,1,4,3,5,4,5,9,20,0.0,-5.0,40.0,100.0,75,3,0,3
45,3.625,4.444444444444445,4.444444444444445,4.3,1.75,3.5,6.333333333333333,5.916666666666667,2.8333333333333335,3.35,4.166666666666667,0,4,3,4,2,3,5,15,17.0,3.0,20.0,83.33333333333334,100,3,1,2
46,1.25,1.6666666666666667,3.0,1.6,1.5,1.1666666666666667,2.8333333333333335,1.75,3.5,1.95,1.0,2,5,4,7,3,6,9,24,-3.0,-4.0,60.0,66.66666666666666,75,4,1,3
47,1.75,3.888888888888889,4.333333333333333,3.1,3.0,4.5,5.833333333333333,7.583333333333333,4.583333333333333,3.5,1.6666666666666667,1,2,2,3,4,4,8,16,8.0,2.0,60.0,83.33333333333334,75,3,1,1
48,4.125,4.0,4.666666666666667,4.6,1.875,4.0,5.5,7.666666666666667,4.416666666666667,3.95,4.0,3,5,2,8,4,7,11,21,17.0,18.0,40.0,50.0,100,0,0,2
49,2.25,4.666666666666667,4.555555555555555,3.6,2.75,4.5,4.583333333333333,7.5,4.666666666666667,4.15,4.0,2,6,2,8,3,6,9,23,5.0,-7.0,60.0,66.66666666666666,100,4,0,2
50,1.5,3.5555555555555554,4.888888888888889,4.1,3.375,4.5,4.0,5.583333333333333,2.3333333333333335,4.65,3.6666666666666665,3,6,2,9,3,6,9,21,17.0,3.0,40.0,100.0,75,1,1,1
51,1.75,4.444444444444445,3.6666666666666665,4.1,2.25,3.7777777777777777,4.833333333333333,7.666666666666667,3.5833333333333335,3.75,4.166666666666667,2,5,0,7,3,5,8,17,13.0,2.0,40.0,66.66666666666666,75,2,0,0
52,2.125,3.7777777777777777,4.333333333333333,2.2,2.25,3.2777777777777777,4.75,7.333333333333333,4.0,3.75,4.5,3,2,4,5,4,6,10,22,13.0,3.0,60.0,100.0,100,3,1,3
53,1.25,2.7777777777777777,3.2222222222222223,3.7,3.375,1.9444444444444444,2.9166666666666665,8.333333333333334,3.8333333333333335,2.65,4.5,3,6,3,9,2,5,7,23,8.0,4.0,60.0,66.66666666666666,100,4,0,3
54,3.25,2.3333333333333335,3.3333333333333335,4.0,3.625,3.111111111111111,8.583333333333334,7.916666666666667,4.666666666666667,3.3,3.0,1,5,0,6,3,7,10,16,20.0,8.0,40.0,66.66666666666666,100,0,0,0
55,1.5,4.444444444444445,4.666666666666667,3.2,2.625,3.4444444444444446,3.9166666666666665,7.5,2.5,4.55,4.0,3,6,2,9,2,5,7,20,16.0,4.0,60.0,83.33333333333334,100,2,1,1
56,3.0,3.888888888888889,4.222222222222222,2.8,1.875,1.7222222222222223,4.583333333333333,6.916666666666667,3.5,4.0,3.3333333333333335,3,4,2,7,2,3,5,17,3.0,-15.0,40.0,83.33333333333334,75,3,1,1
57,3.0,5.0,5.0,3.8,1.0,2.0,4.25,5.666666666666667,2.75,4.4,3.0,1,0,1,1,1,4,5,10,15.0,-10.0,20.0,66.66666666666666,100,3,1,0
58,3.375,3.4444444444444446,3.888888888888889,3.8,3.0,2.5555555555555554,4.083333333333333,7.333333333333333,3.3333333333333335,3.8,3.8333333333333335,3,5,1,8,4,3,7,19,10.0,4.0,0.0,83.33333333333334,100,3,0,1
59,2.625,4.777777777777778,4.888888888888889,3.6,1.625,3.9444444444444446,5.0,4.916666666666667,3.0,4.1,3.1666666666666665,3,4,0,7,4,7,11,19,11.0,10.0,20.0,100.0,25,1,0,0
60,4.0,5.0,5.0,1.5,2.125,1.0555555555555556,3.5833333333333335,9.0,3.6666666666666665,4.3,3.3333333333333335,1,4,1,5,2,4,6,12,3.0,-6.0,40.0,66.66666666666666,100,0,1,0
61,3.875,4.777777777777778,4.777777777777778,4.3,1.75,3.7777777777777777,5.5,7.666666666666667,3.9166666666666665,4.4,4.333333333333333,3,3,0,6,3,2,5,11,20.0,-2.0,60.0,83.33333333333334,75,0,0,0
62,2.75,4.444444444444445,3.7777777777777777,4.6,3.25,4.388888888888889,4.416666666666667,7.25,3.0833333333333335,4.85,4.666666666666667,3,4,2,7,2,3,5,17,17.0,16.0,40.0,100.0,75,3,0,2
63,1.25,3.0,4.0,1.0,1.25,1.0555555555555556,3.25,6.083333333333333,3.25,3.0,1.0,3,3,2,6,4,4,8,19,1.0,-10.0,40.0,66.66666666666666,100,3,0,2
64,3.25,4.444444444444445,4.888888888888889,3.6,1.5,4.0,4.583333333333333,8.083333333333334,3.3333333333333335,4.35,2.8333333333333335,2,3,2,5,1,3,4,12,-2.0,-25.0,40.0,100.0,75,1,0,2
65,2.75,4.0,4.444444444444445,4.9,3.5,4.777777777777778,3.5833333333333335,6.916666666666667,4.833333333333333,4.75,4.5,3,4,1,7,3,4,7,18,7.0,5.0,40.0,83.33333333333334,100,3,1,0
66,3.375,4.0,4.777777777777778,3.8,1.125,3.388888888888889,6.0,7.25,4.333333333333333,3.8,3.8333333333333335,2,5,1,7,2,4,6,15,6.0,0.0,40.0,83.33333333333334,50,1,0,1
67,2.625,2.111111111111111,4.666666666666667,4.5,3.375,4.833333333333333,4.833333333333333,6.416666666666667,2.9166666666666665,4.85,4.166666666666667,3,5,3,8,3,6,9,23,17.0,10.0,40.0,83.33333333333334,75,3,1,2
68,3.625,3.111111111111111,3.111111111111111,3.1,2.875,3.3333333333333335,7.916666666666667,7.833333333333333,3.8333333333333335,2.9,3.5,1,1,1,2,1,2,3,7,33.0,10.0,20.0,100.0,50,1,0,1
69,3.0,3.0,3.7777777777777777,2.8,3.125,3.5555555555555554,6.833333333333333,6.5,4.166666666666667,3.4,3.0,1,2,0,3,0,4,4,9,16.0,-7.0,0.0,50.0,75,2,0,0
70,3.25,4.222222222222222,4.333333333333333,4.4,2.375,3.4444444444444446,7.166666666666667,8.583333333333334,2.75,3.95,4.833333333333333,3,3,3,6,1,4,5,15,15.0,5.0,40.0,33.33333333333333,100,1,1,2
71,3.875,4.555555555555555,4.666666666666667,3.5,1.75,2.9444444444444446,5.083333333333333,7.833333333333333,3.75,3.1,4.0,3,4,3,7,3,5,8,18,12.0,4.0,60.0,100.0,75,0,1,2
72,3.75,4.0,4.666666666666667,3.7,2.0,3.8333333333333335,4.833333333333333,6.25,4.0,3.6,4.0,2,4,1,6,3,6,9,18,14.0,10.0,40.0,83.33333333333334,75,2,0,1
73,2.125,4.111111111111111,3.6666666666666665,4.4,2.5,4.0,4.25,5.083333333333333,3.25,2.9,4.0,2,5,3,7,3,7,10,24,6.0,2.0,20.0,83.33333333333334,50,4,1,2
74,3.75,4.0,4.333333333333333,3.6,2.375,4.0,4.916666666666667,6.583333333333333,3.4166666666666665,3.65,2.1666666666666665,3,5,1,8,2,7,9,19,16.0,3.0,40.0,83.33333333333334,50,1,0,1
75,3.125,3.7777777777777777,4.444444444444445,4.0,2.25,3.7222222222222223,6.75,7.166666666666667,4.083333333333333,3.7,4.0,0,0,1,0,2,3,5,8,20.0,-2.0,40.0,83.33333333333334,75,2,0,1
76,3.375,3.3333333333333335,3.5555555555555554,2.9,3.75,2.3333333333333335,3.5,7.25,3.1666666666666665,3.5,1.3333333333333333,1,1,0,2,1,3,4,7,3.0,-30.0,40.0,33.33333333333333,25,1,0,0
77,1.0,2.2222222222222223,1.3333333333333333,2.3,4.0,1.3888888888888888,3.5833333333333335,5.833333333333333,3.5833333333333335,2.6,1.3333333333333333,2,1,1,3,1,3,4,11,-6.0,-20.0,40.0,66.66666666666666,75,3,1,0
78,3.375,3.2222222222222223,3.2222222222222223,3.5,2.625,3.0,6.833333333333333,5.666666666666667,2.9166666666666665,2.85,1.5,2,4,3,6,2,6,8,20,12.0,2.0,60.0,83.33333333333334,100,3,1,2
79,2.75,3.4444444444444446,4.222222222222222,4.6,3.5,4.666666666666667,5.25,6.583333333333333,2.4166666666666665,4.35,3.3333333333333335,3,4,0,7,3,4,7,15,20.0,14.0,60.0,66.66666666666666,100,1,0,0
80,1.625,3.4444444444444446,4.222222222222222,4.3,1.125,4.5,4.75,5.916666666666667,4.75,2.85,1.0,3,5,3,8,3,5,8,19,14.0,8.0,40.0,66.66666666666666,75,0,1,2
81,2.125,3.111111111111111,4.0,3.7,3.125,3.2777777777777777,3.5833333333333335,5.5,3.0833333333333335,4.2,4.166666666666667,3,6,2,9,4,7,11,26,-4.0,-3.0,40.0,66.66666666666666,100,4,0,2
82,2.25,4.444444444444445,4.222222222222222,3.8,3.5,2.0,4.416666666666667,8.25,2.1666666666666665,3.95,2.6666666666666665,0,2,4,2,2,3,5,13,9.0,-8.0,40.0,100.0,100,2,1,3
83,3.5,4.222222222222222,4.888888888888889,4.0,2.875,3.4444444444444446,4.583333333333333,8.583333333333334,3.75,4.9,4.166666666666667,3,4,2,7,3,4,7,20,7.0,-5.0,60.0,100.0,100,4,1,1
84,2.625,2.7777777777777777,4.333333333333333,4.6,4.75,4.777777777777778,5.333333333333333,7.083333333333333,3.3333333333333335,4.1,4.0,3,5,2,8,3,6,9,20,5.0,-11.0,60.0,100.0,50,1,1,1
85,1.875,4.555555555555555,4.666666666666667,4.4,2.125,3.5555555555555554,4.333333333333333,6.916666666666667,4.333333333333333,3.75,3.6666666666666665,3,5,2,8,3,6,9,22,8.0,0.0,0.0,66.66666666666666,25,3,1,1
86,4.625,2.6666666666666665,3.7777777777777777,3.6,4.125,1.6666666666666667,6.166666666666667,6.0,3.75,4.0,1.5,3,6,1,9,2,4,6,18,12.0,5.0,40.0,66.66666666666666,75,2,1,0
87,4.625,4.888888888888889,5.0,4.7,1.75,4.277777777777778,3.8333333333333335,8.166666666666666,4.166666666666667,4.35,4.666666666666667,1,3,2,4,2,2,4,12,8.0,-10.0,60.0,66.66666666666666,75,2,0,2
88,3.125,3.5555555555555554,3.5555555555555554,3.5,2.75,3.2222222222222223,6.25,6.916666666666667,3.3333333333333335,3.05,3.1666666666666665,3,3,0,6,4,7,11,21,14.0,20.0,60.0,100.0,50,4,0,0
89,3.5,4.0,3.6666666666666665,4.0,4.0,2.888888888888889,4.166666666666667,6.5,3.3333333333333335,3.75,3.6666666666666665,2,3,0,5,2,4,6,12,8.0,-5.0,40.0,66.66666666666666,50,1,0,0
90,2.75,3.6666666666666665,3.888888888888889,4.0,2.5,2.9444444444444446,3.9166666666666665,6.083333333333333,4.5,4.45,4.666666666666667,3,6,1,9,3,3,6,19,11.0,5.0,40.0,66.66666666666666,75,3,1,0
91,4.25,3.7777777777777777,4.0,4.7,2.125,3.0,4.583333333333333,7.0,3.9166666666666665,4.3,4.0,0,2,0,2,2,3,5,9,12.0,-4.0,60.0,83.33333333333334,75,2,0,0
92,1.75,2.7777777777777777,2.3333333333333335,3.3,4.375,2.1666666666666665,4.75,4.333333333333333,2.0,3.95,3.8333333333333335,0,1,0,1,2,5,7,8,17.0,-13.0,0.0,83.33333333333334,50,0,0,0
93,3.75,2.5555555555555554,4.666666666666667,4.6,2.5,4.888888888888889,5.083333333333333,4.916666666666667,3.75,4.35,4.333333333333333,3,6,4,9,3,7,10,27,15.0,3.0,40.0,83.33333333333334,100,4,1,3
94,3.875,4.0,3.888888888888889,2.7,1.0,3.2222222222222223,6.166666666666667,6.583333333333333,2.5,3.85,2.8333333333333335,3,3,1,6,2,3,5,15,15.0,0.0,0.0,100.0,100,3,1,0
95,3.125,4.333333333333333,4.888888888888889,4.3,1.0,4.055555555555555,5.166666666666667,8.083333333333334,3.25,3.05,4.833333333333333,3,6,1,9,4,7,11,25,10.0,10.0,60.0,66.66666666666666,50,4,0,1
96,1.875,3.2222222222222223,3.888888888888889,3.4,3.25,3.111111111111111,6.083333333333333,8.833333333333334,3.0833333333333335,3.7,3.1666666666666665,3,6,1,9,3,3,6,16,22.0,4.0,40.0,100.0,25,0,1,0
97,4.125,3.4444444444444446,3.888888888888889,2.8,3.5,2.888888888888889,6.5,6.666666666666667,4.0,3.7,4.166666666666667,3,5,0,8,3,3,6,15,18.0,13.0,40.0,50.0,75,1,0,0
98,3.125,3.6666666666666665,3.4444444444444446,3.8,2.625,3.1666666666666665,5.5,5.75,2.4166666666666665,3.9,4.0,3,5,4,8,3,5,8,21,11.0,7.0,40.0,83.33333333333334,75,1,1,3
99,1.875,4.222222222222222,3.5555555555555554,4.0,1.25,2.611111111111111,4.333333333333333,6.25,3.1666666666666665,2.5,1.5,2,5,0,7,2,3,5,12,13.0,0.0,40.0,83.33333333333334,75,0,0,0
100,4.125,4.333333333333333,4.444444444444445,4.8,3.0,4.444444444444445,4.0,7.833333333333333,4.5,4.7,4.5,3,5,4,8,4,5,9,24,18.0,32.0,40.0,100.0,100,3,1,3
101,3.0,3.6666666666666665,3.888888888888889,2.9,2.25,3.0555555555555554,4.166666666666667,8.083333333333334,3.8333333333333335,3.85,3.0,3,5,4,8,2,3,5,20,10.0,9.0,100.0,66.66666666666666,75,3,1,3
102,3.125,4.333333333333333,4.555555555555555,3.8,1.625,3.1666666666666665,4.833333333333333,5.916666666666667,4.5,3.6,5.0,2,0,1,2,2,3,5,9,26.0,5.0,40.0,66.66666666666666,75,1,1,0
103,3.5,5.0,4.888888888888889,3.8,1.125,3.388888888888889,9.0,9.0,4.25,4.5,5.0,3,6,1,9,2,6,8,21,21.0,22.0,60.0,83.33333333333334,50,3,1,0
104,1.625,4.222222222222222,4.333333333333333,3.8,2.0,3.7222222222222223,3.3333333333333335,6.916666666666667,3.25,3.35,3.5,3,4,3,7,3,3,6,16,9.0,-5.0,60.0,66.66666666666666,100,0,1,2
105,1.875,4.0,4.555555555555555,3.5,4.0,4.166666666666667,4.166666666666667,6.416666666666667,3.75,3.95,3.0,3,6,2,9,4,6,10,22,8.0,-5.0,40.0,83.33333333333334,100,1,0,2
106,2.5,4.0,4.777777777777778,3.4,1.5,4.333333333333333,3.6666666666666665,6.75,4.75,3.6,4.833333333333333,2,5,0,7,4,5,9,19,7.0,0.0,40.0,100.0,100,3,0,0
107,2.125,2.111111111111111,4.0,4.1,3.125,4.0,6.0,3.5,3.9166666666666665,2.75,2.0,3,6,1,9,2,5,7,20,5.0,1.0,40.0,66.66666666666666,75,3,1,0
108,3.875,4.111111111111111,3.6666666666666665,3.4,2.5,3.7777777777777777,4.333333333333333,8.083333333333334,2.6666666666666665,4.3,2.8333333333333335,2,3,1,5,3,5,8,17,13.0,2.0,40.0,100.0,75,3,1,0
109,2.0,4.444444444444445,4.888888888888889,2.9,2.0,2.0,3.8333333333333335,6.666666666666667,4.833333333333333,4.65,4.333333333333333,2,5,3,7,4,6,10,24,12.0,10.0,60.0,66.66666666666666,100,4,1,2
110,2.875,3.7777777777777777,4.444444444444445,3.5,2.125,3.1666666666666665,6.416666666666667,5.583333333333333,3.8333333333333335,3.7,4.0,3,6,2,9,4,7,11,25,0.0,-5.0,0.0,83.33333333333334,50,3,0,2
111,3.125,3.3333333333333335,3.6666666666666665,3.3,3.0,3.111111111111111,7.083333333333333,7.0,3.75,3.45,4.166666666666667,1,1,2,2,1,4,5,9,16.0,10.0,60.0,100.0,25,0,0,2
112,2.125,4.0,5.0,3.2,2.875,3.4444444444444446,4.083333333333333,7.666666666666667,5.0,3.75,5.0,0,0,0,0,2,4,6,6,4.0,-15.0,40.0,100.0,75,0,0,0
113,3.5,4.777777777777778,2.888888888888889,4.4,2.75,4.055555555555555,6.583333333333333,8.083333333333334,3.9166666666666665,4.15,4.0,3,6,3,9,3,7,10,25,13.0,4.0,40.0,66.66666666666666,100,3,0,3
114,4.75,4.444444444444445,3.888888888888889,4.6,2.0,3.7777777777777777,3.1666666666666665,6.666666666666667,2.25,3.8,4.166666666666667,2,6,1,8,3,6,9,20,15.0,15.0,60.0,100.0,75,2,1,0
115,4.625,4.888888888888889,4.444444444444445,3.9,1.25,4.0,5.333333333333333,6.666666666666667,4.5,4.0,4.333333333333333,1,3,2,4,1,4,5,11,19.0,5.0,60.0,83.33333333333334,75,0,1,1
116,3.875,4.0,3.6666666666666665,4.1,3.375,3.111111111111111,4.916666666666667,5.2727272727272725,2.9166666666666665,3.85,3.3333333333333335,1,1,0,2,1,2,3,5,35.0,4.0,40.0,83.33333333333334,50,0,0,0
117,2.375,3.111111111111111,2.7777777777777777,2.4,2.75,3.0555555555555554,3.3333333333333335,4.416666666666667,2.0,3.15,2.0,2,2,0,4,3,6,9,17,7.0,-8.0,40.0,83.33333333333334,75,4,0,0
118,3.0,4.888888888888889,3.7777777777777777,4.2,1.625,3.5,1.5833333333333333,9.0,2.6666666666666665,3.3,2.5,3,6,2,9,2,4,6,18,9.0,-4.0,60.0,16.666666666666664,50,1,0,2
119,3.25,3.888888888888889,4.555555555555555,4.1,3.125,3.0,3.8333333333333335,7.666666666666667,3.25,4.5,4.833333333333333,3,4,3,7,3,2,5,18,12.0,0.0,60.0,83.33333333333334,100,3,1,2
120,4.25,4.0,4.666666666666667,4.3,1.75,2.888888888888889,3.5,7.0,4.166666666666667,3.4,2.6666666666666665,3,5,1,8,3,7,10,22,3.0,0.0,20.0,83.33333333333334,75,3,0,1
121,1.875,4.333333333333333,4.222222222222222,3.6,2.625,2.9444444444444446,3.6666666666666665,7.166666666666667,3.3333333333333335,2.85,1.8333333333333333,3,5,3,8,3,6,9,21,14.0,10.0,100.0,66.66666666666666,75,1,1,2
122,2.625,4.555555555555555,5.0,2.9,2.25,3.5555555555555554,2.9166666666666665,8.583333333333334,4.583333333333333,4.9,4.5,2,4,1,6,3,3,6,17,22.0,0.0,40.0,66.66666666666666,25,4,1,0
123,3.625,4.333333333333333,3.6666666666666665,3.3,2.125,2.7777777777777777,5.5,7.833333333333333,2.8333333333333335,3.95,4.833333333333333,2,0,0,2,3,4,7,11,1.0,-7.0,0.0,83.33333333333334,50,2,0,0
124,2.75,3.7777777777777777,4.444444444444445,3.4,2.25,3.111111111111111,5.833333333333333,5.666666666666667,3.9166666666666665,3.45,2.8333333333333335,2,2,1,4,1,3,4,11,1.0,2.0,60.0,66.66666666666666,100,2,0,1
125,4.375,4.888888888888889,5.0,4.1,1.5,3.0555555555555554,5.333333333333333,7.0,4.333333333333333,4.55,3.1666666666666665,3,5,1,8,2,3,5,15,15.0,5.0,20.0,83.33333333333334,50,1,1,0
126,3.25,3.5555555555555554,5.0,4.2,1.5,3.7777777777777777,6.666666666666667,7.166666666666667,4.916666666666667,3.65,4.0,3,5,0,8,2,3,5,14,11.0,0.0,40.0,50.0,100,1,0,0
127,2.875,2.5555555555555554,4.0,4.9,3.75,4.833333333333333,4.5,5.583333333333333,4.5,4.4,4.666666666666667,2,5,1,7,3,6,9,19,15.0,6.0,40.0,83.33333333333334,100,2,0,1
128,4.75,4.777777777777778,4.444444444444445,3.6,1.125,2.0555555555555554,4.416666666666667,8.333333333333334,4.5,3.6,4.0,2,1,0,3,2,5,7,11,19.0,0.0,40.0,83.33333333333334,50,1,0,0
129,1.0,2.3333333333333335,3.6666666666666665,3.2,4.375,1.9444444444444444,2.9166666666666665,6.25,4.916666666666667,3.25,3.8333333333333335,3,6,1,9,3,7,10,24,-9.0,-7.0,40.0,83.33333333333334,100,4,0,1
130,2.375,4.666666666666667,4.444444444444445,3.7,1.375,3.8333333333333335,4.916666666666667,7.666666666666667,4.333333333333333,3.65,3.8333333333333335,3,6,1,9,4,6,10,21,14.0,14.0,40.0,100.0,100,1,1,0
131,3.75,4.888888888888889,5.0,4.1,1.25,3.8333333333333335,6.916666666666667,6.75,3.5,3.5,3.0,3,3,0,6,3,3,6,12,30.0,12.0,0.0,100.0,25,0,0,0
132,1.875,2.888888888888889,3.2222222222222223,4.5,5.0,3.111111111111111,7.0,6.916666666666667,5.0,3.4,2.5,2,5,4,7,4,7,11,25,11.0,-2.0,0.0,100.0,100,3,1,3
133,4.25,5.0,5.0,4.5,1.125,4.722222222222222,4.333333333333333,6.583333333333333,3.75,4.15,2.8333333333333335,2,5,1,7,2,3,5,15,15.0,0.0,100.0,100.0,50,2,0,1
134,1.375,3.7777777777777777,4.444444444444445,4.7,3.375,3.2777777777777777,2.5833333333333335,6.166666666666667,3.0833333333333335,4.55,4.166666666666667,3,6,0,9,2,5,7,19,13.0,10.0,40.0,83.33333333333334,50,3,0,0
135,3.5,3.4444444444444446,3.111111111111111,4.3,2.75,3.888888888888889,3.8333333333333335,5.25,3.1666666666666665,3.5,4.0,3,4,1,7,3,6,9,19,15.0,16.0,40.0,83.33333333333334,25,2,1,0
136,2.25,4.222222222222222,4.888888888888889,3.5,4.125,3.1666666666666665,5.333333333333333,7.083333333333333,3.9166666666666665,4.15,4.0,3,6,1,9,3,3,6,19,17.0,8.0,40.0,83.33333333333334,100,3,1,0
137,2.125,4.555555555555555,3.5555555555555554,4.6,2.25,4.388888888888889,3.0,7.5,4.25,4.85,5.0,2,5,3,7,3,3,6,20,8.0,-5.0,60.0,66.66666666666666,75,4,1,2
138,2.5,3.4444444444444446,4.222222222222222,4.7,2.5,4.055555555555555,5.833333333333333,5.083333333333333,4.583333333333333,4.3,4.0,0,1,2,1,3,4,7,10,5.0,-10.0,40.0,83.33333333333334,100,0,1,1
139,3.0,4.222222222222222,4.444444444444445,3.6,2.875,3.2777777777777777,7.833333333333333,8.083333333333334,3.9166666666666665,3.45,2.3333333333333335,0,0,0,0,0,2,2,5,33.0,0.0,100.0,100.0,75,3,0,0
140,3.375,5.0,5.0,4.1,1.5,3.9444444444444446,4.5,5.5,3.0833333333333335,3.9,4.833333333333333,3,5,0,8,2,4,6,15,15.0,-2.0,60.0,83.33333333333334,75,1,0,0
141,3.5,4.0,4.0,4.4,2.125,4.444444444444445,6.75,6.75,3.5,3.8,3.8333333333333335,2,5,0,7,2,3,5,14,22.0,4.0,40.0,66.66666666666666,100,2,0,0
142,1.75,4.888888888888889,5.0,3.7,3.375,3.388888888888889,3.75,8.5,2.5,4.45,3.1666666666666665,3,2,0,5,2,3,5,12,13.0,-5.0,40.0,83.33333333333334,75,2,0,0
143,3.625,4.0,4.777777777777778,3.8,1.75,3.388888888888889,3.4166666666666665,6.416666666666667,3.3333333333333335,3.8,4.0,3,4,0,7,1,3,4,11,9.0,-10.0,60.0,83.33333333333334,50,0,0,0
144,3.25,3.4444444444444446,4.777777777777778,4.3,2.25,4.222222222222222,3.5833333333333335,7.083333333333333,2.4166666666666665,3.9,5.0,2,4,3,6,3,4,7,18,2.0,-5.0,40.0,83.33333333333334,75,2,0,3
145,1.625,4.222222222222222,3.4444444444444446,4.5,3.0,3.7777777777777777,4.583333333333333,8.166666666666666,3.0,4.55,3.6666666666666665,2,3,0,5,2,3,5,10,5.0,-5.0,40.0,50.0,75,0,0,0
146,4.0,3.7777777777777777,3.4444444444444446,3.5,2.625,2.5,4.416666666666667,6.416666666666667,3.5,3.95,4.0,3,5,2,8,4,3,7,20,0.0,5.0,20.0,100.0,100,3,1,1
147,3.0,4.333333333333333,5.0,3.8,1.5,4.166666666666667,7.583333333333333,7.916666666666667,3.9166666666666665,3.75,5.0,3,2,0,5,4,5,9,15,15.0,-5.0,40.0,66.66666666666666,50,1,0,0
148,4.0,3.5555555555555554,4.0,3.9,3.0,3.3333333333333335,4.583333333333333,5.916666666666667,2.75,3.65,2.1666666666666665,3,6,3,9,2,4,6,19,19.0,3.0,20.0,83.33333333333334,75,1,0,3
149,2.5,3.2222222222222223,4.444444444444445,3.3,3.0,3.1666666666666665,5.5,6.583333333333333,2.9166666666666665,3.5,3.0,0,1,0,1,2,3,5,7,25.0,-3.0,60.0,66.66666666666666,75,1,0,0
150,2.5,3.5555555555555554,4.666666666666667,2.5,2.0,1.7777777777777777,4.833333333333333,6.833333333333333,2.8333333333333335,4.4,2.8333333333333335,2,5,0,7,2,7,9,18,11.0,-3.0,40.0,100.0,100,2,0,0
151,3.75,3.3333333333333335,4.555555555555555,3.6,1.375,3.8333333333333335,7.75,7.916666666666667,3.75,3.0,3.6666666666666665,2,2,1,4,2,5,7,14,13.0,7.0,60.0,66.66666666666666,50,2,1,0
152,3.5,4.0,3.888888888888889,3.2,2.0,2.7222222222222223,4.166666666666667,8.25,4.25,3.65,1.5,2,4,3,6,3,3,6,17,8.0,-10.0,40.0,66.66666666666666,75,2,1,2
153,4.625,4.777777777777778,4.666666666666667,4.6,1.5,4.666666666666667,7.416666666666667,8.5,3.4166666666666665,4.65,4.666666666666667,3,5,2,8,3,6,9,20,19.0,-2.0,40.0,83.33333333333334,100,1,1,1
154,2.375,4.666666666666667,4.777777777777778,3.2,1.75,4.0,4.666666666666667,6.916666666666667,3.3333333333333335,3.8,3.6666666666666665,2,2,1,4,3,3,6,15,23.0,3.0,60.0,83.33333333333334,100,4,1,0
155,3.0,4.111111111111111,4.777777777777778,4.2,3.375,4.0,6.166666666666667,7.833333333333333,4.333333333333333,4.8,4.5,1,4,3,5,4,5,9,19,6.0,0.0,60.0,83.33333333333334,75,2,0,3
156,2.375,3.7777777777777777,2.5555555555555554,3.9,3.875,3.1666666666666665,5.083333333333333,6.416666666666667,2.6666666666666665,4.05,3.6666666666666665,3,1,3,4,4,3,7,17,18.0,20.0,40.0,100.0,100,3,0,3
157,3.875,4.777777777777778,4.777777777777778,3.3,3.0,2.1666666666666665,3.1666666666666665,7.75,2.75,3.95,4.0,3,6,0,9,4,6,10,22,8.0,0.0,60.0,83.33333333333334,75,3,0,0
158,2.5,3.4444444444444446,4.111111111111111,3.1,3.375,2.8333333333333335,3.0833333333333335,7.666666666666667,3.9166666666666665,3.35,5.0,3,3,2,6,2,3,5,14,12.0,-4.0,60.0,83.33333333333334,50,1,0,2
159,1.875,4.111111111111111,4.444444444444445,4.6,2.75,4.222222222222222,5.5,6.25,4.0,3.05,3.8333333333333335,3,4,0,7,3,3,6,14,8.0,0.0,40.0,83.33333333333334,100,1,0,0
160,4.125,5.0,5.0,4.8,1.375,4.611111111111111,6.916666666666667,7.583333333333333,4.0,4.75,1.8333333333333333,3,6,3,9,3,7,10,26,10.0,8.0,40.0,83.33333333333334,75,4,1,2
161,2.5,4.777777777777778,5.0,4.6,1.75,4.166666666666667,5.333333333333333,6.0,3.75,4.2,4.0,1,4,0,5,2,4,6,15,15.0,5.0,0.0,50.0,75,4,0,0
162,4.625,5.0,5.0,4.9,1.875,4.888888888888889,8.083333333333334,8.916666666666666,4.75,4.8,5.0,3,2,1,5,2,4,6,13,15.0,8.0,20.0,83.33333333333334,75,1,1,0
163,3.25,4.111111111111111,3.6666666666666665,4.3,2.25,3.2777777777777777,3.4166666666666665,7.0,3.25,3.15,3.6666666666666665,3,6,3,9,4,7,11,26,6.0,14.0,20.0,83.33333333333334,50,3,1,2
164,1.625,4.111111111111111,4.111111111111111,3.4,1.75,2.6666666666666665,6.916666666666667,7.0,3.25,3.7,2.6666666666666665,3,5,0,8,1,4,5,14,6.0,0.0,40.0,83.33333333333334,50,1,0,0
165,2.0,4.777777777777778,4.111111111111111,3.8,3.0,3.7222222222222223,6.25,8.583333333333334,3.0,3.5,1.6666666666666667,2,6,2,8,2,2,4,16,9.0,0.0,20.0,50.0,50,2,0,2
166,3.25,2.6666666666666665,4.222222222222222,3.3,3.125,1.6666666666666667,4.583333333333333,7.166666666666667,3.8333333333333335,4.15,3.6666666666666665,2,2,1,4,2,4,6,15,10.0,0.0,0.0,66.66666666666666,75,4,0,1
167,3.25,3.888888888888889,3.7777777777777777,3.9,2.75,4.222222222222222,6.5,7.333333333333333,4.0,3.6,5.0,1,4,2,5,1,4,5,15,10.0,-10.0,60.0,33.33333333333333,25,3,1,1
168,3.0,3.0,3.2222222222222223,2.6,3.125,3.0,5.583333333333333,5.833333333333333,3.5,3.15,3.3333333333333335,1,2,1,3,0,3,3,10,25.0,-2.0,40.0,100.0,75,3,0,1
169,3.125,3.7777777777777777,4.555555555555555,3.9,2.0,4.888888888888889,5.090909090909091,7.083333333333333,3.0,3.65,5.0,3,6,2,9,4,7,11,23,16.0,14.0,40.0,83.33333333333334,50,1,1,1
170,1.75,4.0,4.444444444444445,2.2,2.75,2.388888888888889,3.5,6.416666666666667,4.25,3.25,3.8333333333333335,3,4,2,7,2,3,5,17,13.0,2.0,40.0,100.0,100,3,1,1
171,1.5,3.0,3.888888888888889,2.9,2.625,3.111111111111111,4.083333333333333,5.666666666666667,3.75,3.05,2.0,2,6,1,8,1,5,6,18,14.0,4.0,60.0,83.33333333333334,0,3,0,1
172,3.125,4.0,4.888888888888889,2.5,1.5,2.0555555555555554,5.25,7.75,4.0,3.4,2.0,1,4,1,5,3,6,9,17,18.0,0.0,100.0,100.0,75,2,1,0
173,1.5,4.222222222222222,3.3333333333333335,3.9,4.0,4.055555555555555,3.9166666666666665,6.416666666666667,3.3333333333333335,4.5,5.0,2,5,0,7,2,4,6,16,4.0,-2.0,40.0,100.0,75,3,0,0
174,4.25,2.3333333333333335,4.555555555555555,3.9,2.5,4.555555555555555,3.6666666666666665,4.916666666666667,3.1666666666666665,4.7,3.3333333333333335,3,3,3,6,4,7,11,24,4.0,3.0,40.0,66.66666666666666,75,4,1,2
175,2.75,3.888888888888889,4.222222222222222,3.8,2.625,3.7777777777777777,5.75,6.25,4.5,3.2,4.166666666666667,2,4,1,6,4,7,11,20,5.0,4.0,40.0,83.33333333333334,100,2,1,0
176,2.25,4.222222222222222,3.111111111111111,4.5,3.625,3.6666666666666665,6.75,8.166666666666666,2.3333333333333335,4.05,3.8333333333333335,1,6,1,7,2,4,6,15,23.0,10.0,60.0,83.33333333333334,75,1,0,1
177,1.875,3.111111111111111,3.7777777777777777,2.3,3.0,2.2222222222222223,4.25,7.083333333333333,3.9166666666666665,3.25,3.5,1,2,0,3,2,4,6,11,-1.0,-10.0,40.0,100.0,75,2,0,0
178,2.0,4.111111111111111,5.0,4.5,2.375,4.111111111111111,3.6666666666666665,7.0,3.1666666666666665,3.7,3.0,2,4,0,6,2,3,5,11,10.0,-4.0,40.0,83.33333333333334,75,0,0,0
179,2.875,4.555555555555555,4.222222222222222,4.3,3.75,2.0,2.5833333333333335,7.416666666666667,4.333333333333333,4.25,4.333333333333333,2,5,3,7,4,5,9,22,13.0,3.0,40.0,100.0,100,3,1,2
180,3.375,4.444444444444445,5.0,4.7,1.0,4.722222222222222,6.333333333333333,9.0,3.9166666666666665,4.35,4.833333333333333,0,1,0,1,2,2,4,5,25.0,1.0,40.0,100.0,25,0,0,0
181,1.375,4.666666666666667,4.222222222222222,3.4,1.75,2.111111111111111,2.9166666666666665,7.75,4.5,4.15,4.0,2,1,3,3,2,5,7,16,0.0,1.0,40.0,83.33333333333334,100,3,1,2
182,3.25,3.4444444444444446,4.777777777777778,4.6,2.0,4.777777777777778,6.5,4.333333333333333,4.666666666666667,3.4,5.0,3,6,3,9,3,7,10,25,11.0,11.0,40.0,83.33333333333334,100,3,1,2
183,1.875,4.0,3.7777777777777777,3.4,2.5,3.8333333333333335,3.75,7.166666666666667,4.25,4.45,3.6666666666666665,3,6,3,9,4,6,10,26,12.0,3.0,40.0,66.66666666666666,75,4,1,2
184,3.5,4.111111111111111,4.333333333333333,4.4,2.5,4.222222222222222,4.5,7.833333333333333,3.25,4.5,3.1666666666666665,2,5,1,7,2,3,5,14,16.0,6.0,100.0,100.0,75,1,1,0
185,3.75,3.6666666666666665,4.0,3.3,2.25,3.111111111111111,6.25,6.916666666666667,3.3333333333333335,3.6,3.3333333333333335,2,4,1,6,4,7,11,19,17.0,6.0,40.0,100.0,25,1,1,0
186,3.875,4.444444444444445,4.444444444444445,3.5,2.375,3.3333333333333335,5.833333333333333,6.416666666666667,3.6666666666666665,3.95,3.6666666666666665,3,4,0,7,2,4,6,15,5.0,0.0,40.0,66.66666666666666,75,2,0,0
187,4.125,4.111111111111111,3.6666666666666665,4.8,1.875,4.0,6.166666666666667,8.333333333333334,3.3333333333333335,3.7,4.666666666666667,3,4,4,7,2,4,6,17,3.0,0.0,40.0,100.0,50,0,1,3
188,3.875,4.111111111111111,4.333333333333333,3.8,2.5,3.1666666666666665,4.5,7.25,3.9166666666666665,3.95,3.5,3,6,4,9,2,6,8,22,15.0,2.0,60.0,33.33333333333333,50,1,1,3
189,1.75,3.5555555555555554,4.888888888888889,3.1,2.125,2.611111111111111,5.333333333333333,6.25,3.6666666666666665,3.4,2.3333333333333335,2,4,1,6,2,3,5,13,7.0,5.0,60.0,66.66666666666666,75,1,0,1
190,3.625,2.7777777777777777,3.4444444444444446,3.7,2.875,3.0,5.416666666666667,5.916666666666667,4.416666666666667,3.35,4.166666666666667,0,0,0,0,1,4,5,9,5.0,4.0,0.0,83.33333333333334,25,4,0,0
191,4.5,4.777777777777778,4.111111111111111,3.9,1.75,4.444444444444445,2.9166666666666665,8.666666666666666,2.1666666666666665,3.65,3.5,3,5,2,8,3,5,8,21,14.0,3.0,40.0,83.33333333333334,75,3,0,2
192,1.5,4.444444444444445,2.888888888888889,5.0,1.0,4.944444444444445,3.25,7.833333333333333,3.4166666666666665,4.65,5.0,3,6,1,9,3,6,9,22,18.0,15.0,100.0,100.0,100,3,0,1
193,3.25,3.6666666666666665,4.111111111111111,2.9,3.125,3.111111111111111,6.333333333333333,7.083333333333333,3.5833333333333335,3.25,3.6666666666666665,0,2,0,2,0,2,2,4,3.0,-13.0,40.0,100.0,50,0,0,0
194,3.875,4.0,3.6666666666666665,3.7,2.25,3.1666666666666665,4.083333333333333,4.833333333333333,3.3333333333333335,4.15,2.5,3,6,0,9,3,5,8,17,18.0,5.0,100.0,100.0,75,0,0,0
195,1.75,3.2222222222222223,2.888888888888889,4.3,4.5,4.055555555555555,4.083333333333333,7.916666666666667,3.75,3.0,3.6666666666666665,3,6,3,9,2,7,9,25,16.0,15.0,60.0,83.33333333333334,75,4,1,2
196,2.625,4.333333333333333,4.333333333333333,4.9,2.875,4.666666666666667,4.666666666666667,8.75,4.75,3.9,5.0,3,5,1,8,3,3,6,15,15.0,5.0,100.0,100.0,75,0,1,0
197,3.625,4.444444444444445,2.7777777777777777,2.8,3.75,2.5555555555555554,2.25,8.333333333333334,2.4166666666666665,4.2,1.8333333333333333,3,6,0,9,4,5,9,21,-4.0,-13.0,60.0,100.0,25,3,0,0
198,2.75,3.3333333333333335,3.6666666666666665,4.4,3.875,3.5555555555555554,4.666666666666667,6.333333333333333,4.666666666666667,4.1,4.0,3,6,4,9,3,7,10,26,4.0,10.0,60.0,83.33333333333334,100,3,1,3
199,2.0,4.666666666666667,4.222222222222222,4.6,1.375,4.055555555555555,3.5833333333333335,7.833333333333333,2.25,3.85,3.5,3,6,2,9,4,7,11,23,12.0,3.0,60.0,100.0,100,1,1,1
200,3.0,4.222222222222222,5.0,4.9,1.0,4.777777777777778,3.6666666666666665,6.833333333333333,2.3333333333333335,4.25,2.0,3,6,3,9,4,7,11,25,5.0,-5.0,40.0,83.33333333333334,75,2,1,2
201,2.375,4.0,4.333333333333333,3.6,1.875,4.0,5.083333333333333,5.333333333333333,2.8333333333333335,4.2,3.8333333333333335,3,6,4,9,4,7,11,27,13.0,15.0,60.0,83.33333333333334,75,3,1,3
202,2.5,4.555555555555555,3.6666666666666665,3.4,2.375,2.388888888888889,6.166666666666667,7.916666666666667,3.75,3.65,3.3333333333333335,0,5,0,5,2,3,5,11,24.0,10.0,40.0,66.66666666666666,75,1,0,0
203,3.625,4.555555555555555,4.111111111111111,3.9,1.875,3.611111111111111,7.5,7.75,4.416666666666667,4.15,4.0,2,1,0,3,1,3,4,10,30.0,5.0,40.0,66.66666666666666,75,3,0,0
204,4.0,3.7777777777777777,4.0,3.4,2.25,3.7222222222222223,4.5,7.166666666666667,3.75,3.75,4.0,2,5,0,7,2,3,5,16,4.0,-13.0,40.0,100.0,75,4,0,0
205,3.375,3.6666666666666665,4.444444444444445,2.7,1.5,3.611111111111111,5.916666666666667,6.416666666666667,2.75,2.3,1.8333333333333333,2,2,0,4,4,4,8,15,15.0,2.0,40.0,66.66666666666666,25,3,0,0
206,3.375,3.111111111111111,4.777777777777778,5.0,1.375,4.833333333333333,2.6666666666666665,5.5,3.25,2.35,1.6666666666666667,2,5,3,7,3,7,10,24,-4.0,5.0,0.0,100.0,100,4,1,2
207,3.25,4.333333333333333,4.666666666666667,3.4,2.5,3.4444444444444446,6.833333333333333,8.75,3.3333333333333335,3.9,3.1666666666666665,3,6,0,9,2,7,9,19,23.0,0.0,60.0,66.66666666666666,100,1,0,0
208,2.0,3.6666666666666665,4.0,3.1,2.625,3.4444444444444446,4.583333333333333,6.166666666666667,2.8333333333333335,3.85,2.3333333333333335,3,6,3,9,2,5,7,21,-1.0,-1.0,60.0,100.0,75,2,1,2
209,4.0,3.7777777777777777,4.666666666666667,4.0,2.0,4.611111111111111,4.833333333333333,8.75,4.916666666666667,3.4,4.166666666666667,3,4,2,7,2,6,8,18,12.0,0.0,60.0,66.66666666666666,25,1,1,1
210,2.25,4.0,3.5555555555555554,4.9,3.625,4.166666666666667,6.166666666666667,8.083333333333334,4.666666666666667,4.45,4.166666666666667,3,6,1,9,4,6,10,24,11.0,10.0,40.0,66.66666666666666,100,4,1,0
211,4.0,2.5555555555555554,3.7777777777777777,2.4,2.5,3.111111111111111,5.583333333333333,4.75,3.5,2.7,1.0,3,5,2,8,4,5,9,22,8.0,5.0,60.0,66.66666666666666,100,3,1,1
212,1.75,4.0,3.0,3.5,2.375,3.4444444444444446,5.25,7.916666666666667,3.0833333333333335,2.95,3.1666666666666665,0,2,0,2,1,5,6,9,6.0,-17.0,100.0,66.66666666666666,25,1,0,0
213,3.875,4.888888888888889,4.888888888888889,4.3,1.0,4.0,4.083333333333333,7.25,4.916666666666667,4.45,4.5,3,6,1,9,2,3,5,19,11.0,-2.0,40.0,83.33333333333334,75,4,0,1
214,3.0,3.2222222222222223,3.2222222222222223,3.2,3.0,3.111111111111111,7.083333333333333,7.666666666666667,4.833333333333333,3.35,4.5,3,4,0,7,4,7,11,22,10.0,-3.0,40.0,83.33333333333334,50,4,0,0
215,1.0,5.0,4.666666666666667,2.1,3.75,2.111111111111111,2.5833333333333335,7.833333333333333,4.583333333333333,4.8,4.166666666666667,3,5,2,8,3,4,7,20,-13.0,-8.0,40.0,66.66666666666666,25,3,1,1
216,3.375,3.3333333333333335,3.2222222222222223,3.1,2.5,3.2222222222222223,7.916666666666667,8.333333333333334,3.8333333333333335,2.95,4.0,0,0,0,0,2,4,6,9,11.0,-3.0,40.0,66.66666666666666,25,3,0,0
217,2.75,3.2222222222222223,4.111111111111111,4.1,1.125,4.0,6.416666666666667,4.333333333333333,2.3333333333333335,2.5,1.1666666666666667,3,0,0,3,2,4,6,10,22.0,12.0,40.0,66.66666666666666,50,1,0,0
218,3.0,3.888888888888889,3.3333333333333335,3.6,3.875,2.5,6.166666666666667,8.583333333333334,3.5833333333333335,4.35,3.0,2,2,1,4,3,3,6,12,16.0,-2.0,0.0,83.33333333333334,75,1,0,1
219,3.25,3.7777777777777777,3.5555555555555554,4.9,2.625,4.333333333333333,6.416666666666667,6.5,2.75,4.65,3.8333333333333335,3,6,4,9,3,6,9,24,14.0,3.0,40.0,83.33333333333334,50,2,1,3
220,3.75,3.6666666666666665,3.888888888888889,3.9,3.75,3.888888888888889,4.25,8.0,4.0,3.85,4.0,3,1,0,4,2,3,5,10,7.0,-18.0,40.0,100.0,75,1,0,0
221,1.875,4.555555555555555,4.444444444444445,2.7,1.5,1.8888888888888888,5.666666666666667,8.0,4.416666666666667,3.2,4.166666666666667,1,3,0,4,2,5,7,14,7.0,-4.0,0.0,83.33333333333334,75,3,0,0
222,2.875,4.666666666666667,4.555555555555555,3.4,1.25,3.8333333333333335,4.666666666666667,7.666666666666667,3.3333333333333335,4.0,3.1666666666666665,3,3,1,6,2,2,4,11,24.0,0.0,60.0,100.0,100,0,0,1
223,3.0,5.0,4.888888888888889,4.7,1.125,3.1666666666666665,6.916666666666667,8.583333333333334,4.083333333333333,3.8,5.0,0,6,1,6,3,7,10,20,5.0,-10.0,40.0,66.66666666666666,75,3,0,1
224,3.125,2.6666666666666665,3.3333333333333335,3.1,2.75,3.0,5.416666666666667,5.416666666666667,3.5,3.05,2.8333333333333335,0,1,1,1,2,3,5,11,27.0,0.0,20.0,83.33333333333334,75,4,0,1
225,4.125,4.555555555555555,4.777777777777778,3.9,1.875,3.6666666666666665,7.5,7.416666666666667,2.25,4.55,4.666666666666667,2,2,1,4,2,3,5,13,17.0,5.0,40.0,66.66666666666666,75,3,0,1
226,4.625,4.888888888888889,4.444444444444445,4.8,1.25,3.5555555555555554,5.416666666666667,8.916666666666666,3.9166666666666665,4.0,4.166666666666667,2,1,1,3,1,4,5,9,17.0,6.0,40.0,66.66666666666666,50,0,1,0
227,3.125,4.888888888888889,4.888888888888889,3.5,1.5,2.888888888888889,4.416666666666667,7.75,3.5833333333333335,4.15,3.6666666666666665,0,2,1,2,2,4,6,10,20.0,-5.0,40.0,100.0,50,1,1,0
228,4.25,4.222222222222222,4.888888888888889,2.8,3.375,4.111111111111111,2.9166666666666665,6.916666666666667,1.9166666666666667,4.9,1.0,3,5,2,8,2,3,5,16,9.0,-9.0,40.0,100.0,50,1,1,1
229,1.625,3.7777777777777777,3.0,4.2,4.0,4.333333333333333,4.0,8.083333333333334,2.0833333333333335,4.55,3.6666666666666665,1,3,3,4,4,3,7,17,13.0,9.0,40.0,83.33333333333334,100,3,1,2
230,2.375,4.111111111111111,4.777777777777778,3.4,2.75,3.3333333333333335,4.416666666666667,7.166666666666667,3.75,4.2,4.0,3,5,1,8,3,5,8,21,12.0,3.0,60.0,50.0,100,4,0,1
231,3.5,4.222222222222222,4.0,2.7,2.625,2.388888888888889,5.416666666666667,7.833333333333333,3.0833333333333335,3.35,1.6666666666666667,3,1,0,4,2,4,6,11,19.0,-6.0,0.0,100.0,50,1,0,0
232,2.875,3.6666666666666665,5.0,4.0,2.375,3.9444444444444446,3.5,7.5,4.916666666666667,3.95,4.0,3,6,0,9,2,5,7,20,10.0,4.0,40.0,100.0,50,4,0,0
233,1.625,3.5555555555555554,4.222222222222222,3.4,3.625,4.055555555555555,4.75,5.583333333333333,4.333333333333333,4.0,4.0,3,6,3,9,4,7,11,26,4.0,6.0,60.0,100.0,100,3,1,2
234,2.875,4.444444444444445,4.0,3.1,2.75,3.6666666666666665,3.5,7.833333333333333,4.25,4.1,3.0,2,3,1,5,3,2,5,13,2.0,-5.0,40.0,83.33333333333334,75,2,1,0
235,3.125,3.2222222222222223,2.888888888888889,3.1,2.625,2.7222222222222223,6.666666666666667,5.916666666666667,3.3333333333333335,3.15,3.8333333333333335,2,1,1,3,2,7,9,15,23.0,8.0,60.0,83.33333333333334,50,2,1,0
236,3.75,3.888888888888889,3.6666666666666665,4.0,2.0,4.0,4.083333333333333,7.416666666666667,4.5,4.25,3.0,1,1,0,2,2,4,6,10,20.0,-10.0,20.0,83.33333333333334,75,2,0,0
237,4.125,3.7777777777777777,3.888888888888889,4.9,3.375,4.444444444444445,5.25,7.166666666666667,4.0,4.35,4.0,3,5,3,8,4,7,11,25,10.0,5.0,60.0,66.66666666666666,50,3,1,2
238,3.75,4.222222222222222,4.666666666666667,3.9,2.25,4.0,4.75,7.5,4.25,4.8,4.666666666666667,3,5,2,8,4,6,10,24,12.0,4.0,60.0,83.33333333333334,75,4,0,2
239,3.5,4.555555555555555,4.0,3.6,2.25,4.222222222222222,4.333333333333333,8.666666666666666,3.8333333333333335,3.55,4.0,2,2,2,4,4,5,9,17,4.0,0.0,80.0,66.66666666666666,75,2,0,2
240,2.75,2.4444444444444446,2.888888888888889,3.4,3.375,3.5555555555555554,7.0,6.916666666666667,3.5,3.3,2.1666666666666665,3,4,0,7,2,2,4,14,16.0,10.0,60.0,66.66666666666666,100,3,0,0
241,1.625,3.5555555555555554,3.4444444444444446,3.3,2.625,3.7777777777777777,5.0,5.25,3.9166666666666665,3.8,3.0,3,5,3,8,4,7,11,25,13.0,13.0,60.0,83.33333333333334,100,3,1,2
242,3.0,4.444444444444445,4.0,4.2,1.5,3.0555555555555554,8.083333333333334,7.416666666666667,3.25,3.8,4.333333333333333,3,4,0,7,3,6,9,17,18.0,5.0,40.0,100.0,75,1,0,0
243,2.125,4.0,4.444444444444445,3.8,3.625,3.0555555555555554,4.166666666666667,7.583333333333333,2.5833333333333335,4.45,3.6666666666666665,3,3,1,6,2,3,5,13,12.0,3.0,40.0,66.66666666666666,25,1,1,0
244,2.875,3.3333333333333335,3.888888888888889,3.6,2.0,3.1666666666666665,8.333333333333334,8.0,4.416666666666667,3.65,4.5,3,3,0,6,3,6,9,16,14.0,-5.0,40.0,100.0,75,1,0,0
245,3.625,3.7777777777777777,3.7777777777777777,3.3,2.25,3.0,6.583333333333333,8.0,4.083333333333333,3.5,4.0,2,3,1,5,2,4,6,15,10.0,-5.0,40.0,66.66666666666666,75,3,1,0
246,2.0,2.6666666666666665,3.2222222222222223,3.6,1.625,3.5555555555555554,5.166666666666667,5.416666666666667,2.75,3.25,1.0,1,1,1,2,3,4,7,11,4.0,-6.0,0.0,100.0,75,1,1,0
247,3.75,4.222222222222222,4.444444444444445,3.7,2.75,3.388888888888889,6.5,7.416666666666667,3.6666666666666665,3.95,4.5,3,3,1,6,2,3,5,12,18.0,9.0,40.0,66.66666666666666,100,0,1,0
248,3.375,4.222222222222222,3.7777777777777777,3.3,2.0,3.111111111111111,7.583333333333333,7.5,3.9166666666666665,3.55,4.333333333333333,3,6,2,9,4,7,11,26,-1.0,-5.0,0.0,66.66666666666666,50,4,0,2
249,4.0,4.888888888888889,4.777777777777778,4.5,1.125,3.9444444444444446,5.666666666666667,8.916666666666666,4.083333333333333,4.2,3.8333333333333335,2,2,0,4,2,4,6,11,14.0,3.0,60.0,83.33333333333334,100,1,0,0
250,2.625,4.444444444444445,3.111111111111111,4.5,4.125,3.5,5.083333333333333,6.0,2.9166666666666665,3.55,1.3333333333333333,3,5,4,8,3,7,10,25,13.0,5.0,0.0,83.33333333333334,75,3,1,3
251,3.875,4.777777777777778,5.0,4.9,1.25,4.777777777777778,6.363636363636363,6.5,3.9166666666666665,4.0,5.0,3,5,1,8,2,5,7,16,19.0,5.0,0.0,83.33333333333334,25,0,1,0
252,3.125,4.555555555555555,3.888888888888889,3.5,2.25,3.0,4.545454545454546,8.0,2.6666666666666665,4.5,3.5,3,6,2,9,4,6,10,21,16.0,0.0,40.0,100.0,75,0,0,2
253,4.75,4.222222222222222,3.3333333333333335,4.7,2.75,3.8333333333333335,5.166666666666667,8.5,2.3333333333333335,5.0,4.166666666666667,3,4,0,7,2,2,4,12,20.0,7.0,100.0,83.33333333333334,50,1,0,0
254,2.375,3.888888888888889,4.888888888888889,4.3,1.375,4.666666666666667,4.333333333333333,7.0,4.833333333333333,3.1,1.8333333333333333,3,6,0,9,2,4,6,18,14.0,2.0,40.0,100.0,50,3,0,0
255,2.25,3.6666666666666665,4.0,4.2,2.375,3.4444444444444446,3.75,5.583333333333333,4.916666666666667,3.4,4.5,3,6,0,9,3,6,9,21,13.0,8.0,80.0,100.0,100,3,0,0
256,3.25,3.5555555555555554,3.0,3.4,2.875,2.388888888888889,6.416666666666667,6.083333333333333,3.4166666666666665,3.8,1.8333333333333333,2,3,0,5,3,3,6,11,25.0,16.0,0.0,50.0,50,0,0,0
257,2.625,3.6666666666666665,4.222222222222222,3.4,3.0,3.7222222222222223,4.666666666666667,5.166666666666667,3.9166666666666665,3.55,2.8333333333333335,3,4,2,7,4,7,11,22,17.0,4.0,40.0,100.0,75,2,0,2
258,1.125,2.3333333333333335,4.444444444444445,2.3,1.75,3.2777777777777777,2.4166666666666665,4.25,5.0,2.85,2.6666666666666665,3,6,4,9,3,6,9,23,12.0,10.0,0.0,83.33333333333334,50,1,1,3
259,3.25,4.333333333333333,4.777777777777778,4.1,1.375,3.7222222222222223,4.333333333333333,7.416666666666667,3.5833333333333335,4.1,3.8333333333333335,3,6,3,9,2,2,4,18,18.0,12.0,60.0,83.33333333333334,100,2,1,2
260,4.125,4.444444444444445,4.888888888888889,4.1,1.125,3.0,7.25,7.0,3.9166666666666665,3.5,4.166666666666667,0,1,1,1,2,3,5,8,22.0,15.0,100.0,100.0,75,1,0,1
261,3.0,3.4444444444444446,4.0,4.1,2.875,3.611111111111111,6.0,6.833333333333333,2.8333333333333335,3.85,3.0,3,6,3,9,2,4,6,22,6.0,14.0,40.0,83.33333333333334,50,4,1,2
262,2.875,3.2222222222222223,3.5555555555555554,3.3,3.125,2.5,5.416666666666667,5.75,3.0,2.85,3.5,0,4,1,4,1,3,4,13,10.0,-1.0,60.0,83.33333333333334,75,4,0,1
263,3.875,4.333333333333333,4.888888888888889,4.2,2.5,3.111111111111111,8.333333333333334,8.5,4.0,3.55,4.666666666666667,1,2,1,3,1,4,5,11,4.0,-15.0,40.0,100.0,0,2,1,0
264,3.375,4.0,4.222222222222222,4.0,3.375,4.111111111111111,4.333333333333333,8.666666666666666,3.5,4.15,4.5,2,2,0,4,2,3,5,11,9.0,-10.0,40.0,83.33333333333334,50,2,0,0
265,2.625,4.555555555555555,5.0,3.8,1.375,4.388888888888889,3.0,7.5,3.1666666666666665,3.9,4.5,3,4,2,7,3,4,7,18,12.0,5.0,60.0,66.66666666666666,0,2,1,1
266,3.125,4.222222222222222,3.3333333333333335,3.7,3.25,3.3333333333333335,5.583333333333333,5.083333333333333,3.5,4.3,4.0,0,1,1,1,2,5,7,10,26.0,3.0,40.0,50.0,75,1,1,0
267,4.375,4.888888888888889,5.0,4.8,1.0,4.611111111111111,7.333333333333333,8.583333333333334,3.0,4.2,5.0,3,6,4,9,3,5,8,22,17.0,29.0,60.0,83.33333333333334,100,1,1,3
268,3.875,4.222222222222222,4.111111111111111,4.1,2.0,4.0,4.666666666666667,7.0,4.0,4.45,4.166666666666667,3,6,4,9,2,6,8,25,11.0,4.0,40.0,83.33333333333334,100,4,1,3
269,1.25,3.888888888888889,3.111111111111111,1.5,4.5,1.4444444444444444,3.5833333333333335,7.416666666666667,3.6666666666666665,1.8,1.0,2,3,0,5,3,2,5,10,10.0,-8.0,60.0,83.33333333333334,75,0,0,0
270,3.375,3.888888888888889,4.777777777777778,3.4,1.75,3.7222222222222223,5.666666666666667,7.416666666666667,3.25,3.35,3.8333333333333335,3,3,4,6,4,6,10,23,11.0,8.0,20.0,100.0,50,3,1,3
271,1.125,4.444444444444445,5.0,4.6,3.5,4.777777777777778,2.5,8.083333333333334,3.5,4.4,3.0,2,6,1,8,2,3,5,14,24.0,3.0,100.0,66.66666666666666,75,0,0,1
272,2.875,5.0,5.0,2.7,3.125,3.0,5.0,8.0,3.25,3.9,4.833333333333333,3,5,1,8,4,5,9,19,6.0,4.0,40.0,100.0,25,1,0,1
273,2.875,4.111111111111111,4.444444444444445,3.4,2.0,2.5,4.666666666666667,6.916666666666667,3.9166666666666665,2.45,1.5,1,1,0,2,2,3,5,8,22.0,5.0,100.0,100.0,50,1,0,0
274,3.875,4.555555555555555,4.222222222222222,3.3,1.5,3.2777777777777777,8.75,9.0,3.6666666666666665,3.3,4.5,2,2,1,4,2,3,5,11,31.0,2.0,40.0,83.33333333333334,25,1,0,1
275,2.875,3.3333333333333335,2.4444444444444446,3.3,2.75,3.3333333333333335,3.5,6.0,2.6666666666666665,4.25,3.6666666666666665,3,6,3,9,3,7,10,25,0.0,5.0,40.0,100.0,100,3,1,2
276,3.625,3.111111111111111,4.666666666666667,3.5,4.375,2.388888888888889,6.0,7.666666666666667,2.4166666666666665,3.9,2.8333333333333335,0,3,0,3,2,3,5,9,16.0,-5.0,40.0,66.66666666666666,50,1,0,0
277,3.375,4.0,3.3333333333333335,4.3,4.375,3.7777777777777777,5.25,6.25,3.25,4.65,2.0,2,5,0,7,3,4,7,14,16.0,7.0,20.0,33.33333333333333,75,0,0,0
278,3.625,4.111111111111111,4.0,3.7,2.75,3.888888888888889,6.333333333333333,7.583333333333333,4.0,3.35,4.166666666666667,1,2,1,3,2,5,7,14,11.0,4.0,60.0,100.0,50,3,0,1
279,2.625,4.444444444444445,3.888888888888889,3.4,2.25,4.111111111111111,5.916666666666667,8.0,3.5833333333333335,3.6,4.0,3,5,1,8,2,7,9,19,-16.0,-34.0,40.0,83.33333333333334,75,1,1,0
280,4.375,4.555555555555555,5.0,3.9,1.0,4.666666666666667,4.583333333333333,6.333333333333333,3.4166666666666665,3.15,4.5,3,4,3,7,4,4,8,20,15.0,5.0,60.0,66.66666666666666,75,2,1,2
281,1.375,3.4444444444444446,3.2222222222222223,2.6,4.25,2.4444444444444446,2.25,6.916666666666667,4.083333333333333,4.45,2.3333333333333335,3,1,0,4,1,3,4,9,-4.0,-5.0,40.0,66.66666666666666,75,1,0,0
282,3.125,3.6666666666666665,3.4444444444444446,3.3,2.875,4.166666666666667,5.333333333333333,6.333333333333333,2.5,4.45,4.833333333333333,3,5,3,8,4,5,9,23,7.0,2.0,40.0,100.0,100,3,1,2
283,4.125,3.111111111111111,4.222222222222222,4.7,4.375,4.611111111111111,7.416666666666667,5.083333333333333,3.0833333333333335,4.3,4.5,3,5,1,8,4,5,9,19,18.0,17.0,40.0,100.0,50,1,1,0
284,2.625,3.4444444444444446,4.444444444444445,3.3,2.375,3.0555555555555554,6.5,7.333333333333333,4.0,3.2,3.5,1,4,1,5,4,4,8,15,5.0,-3.0,20.0,66.66666666666666,75,1,0,1
285,3.375,4.444444444444445,4.888888888888889,4.7,2.375,3.8333333333333335,5.5,7.0,3.6666666666666665,3.85,4.5,3,4,0,7,2,2,4,14,24.0,7.0,40.0,50.0,75,3,0,0
286,2.875,3.7777777777777777,4.111111111111111,3.9,2.625,3.0555555555555554,7.5,7.333333333333333,4.083333333333333,3.25,3.8333333333333335,1,2,0,3,3,3,6,13,23.0,6.0,40.0,100.0,75,4,0,0
287,3.375,4.444444444444445,4.333333333333333,4.0,2.5,3.2222222222222223,6.75,7.25,3.9166666666666665,2.95,4.333333333333333,3,1,1,4,2,4,6,12,18.0,-5.0,40.0,83.33333333333334,75,1,1,0
288,1.5,3.2222222222222223,1.7777777777777777,3.9,4.5,3.9444444444444446,4.583333333333333,7.666666666666667,3.3333333333333335,4.7,3.8333333333333335,2,3,1,5,2,2,4,10,12.0,6.0,40.0,66.66666666666666,50,0,1,0
289,3.5,2.111111111111111,3.3333333333333335,2.9,2.875,2.0555555555555554,4.666666666666667,3.25,4.083333333333333,2.9,2.0,0,3,4,3,2,2,4,13,15.0,-4.0,0.0,83.33333333333334,100,2,1,3
290,1.25,3.4444444444444446,3.0,4.3,2.875,4.055555555555555,4.416666666666667,6.5,2.3333333333333335,4.4,4.5,3,6,4,9,2,3,5,20,14.0,6.0,40.0,66.66666666666666,100,2,1,3
291,3.875,5.0,5.0,3.7,2.0,2.8333333333333335,6.083333333333333,7.75,3.1666666666666665,3.4,3.8333333333333335,1,2,1,3,2,3,5,11,9.0,0.0,0.0,83.33333333333334,75,2,1,0
292,1.375,3.2222222222222223,3.0,4.0,3.75,2.0555555555555554,3.3333333333333335,3.0,3.5,2.4,2.1666666666666665,1,3,1,4,2,5,7,13,7.0,-10.0,40.0,83.33333333333334,100,1,0,1
293,1.0,3.111111111111111,1.8888888888888888,1.6,5.0,1.6111111111111112,2.9166666666666665,6.0,4.25,4.4,3.5,3,6,3,9,4,6,10,26,6.0,3.0,40.0,83.33333333333334,100,4,0,3
294,3.125,3.888888888888889,3.6666666666666665,3.5,2.25,3.0,6.0,6.166666666666667,3.6666666666666665,3.0,3.5,3,5,1,8,2,2,4,16,24.0,10.0,40.0,100.0,75,3,1,0
295,1.625,1.8888888888888888,3.111111111111111,2.9,4.0,3.6666666666666665,3.9166666666666665,6.916666666666667,4.0,3.85,4.333333333333333,3,4,2,7,2,5,7,17,8.0,2.0,40.0,100.0,100,1,0,2
296,2.125,4.222222222222222,4.0,3.4,3.0,4.055555555555555,6.583333333333333,6.416666666666667,4.083333333333333,3.9,3.3333333333333335,3,5,0,8,3,6,9,21,9.0,5.0,40.0,66.66666666666666,50,4,0,0
297,2.625,3.6666666666666665,3.6666666666666665,3.0,2.75,2.7777777777777777,6.25,8.0,3.4166666666666665,3.75,1.5,0,6,3,6,3,6,9,19,13.0,11.0,40.0,83.33333333333334,0,1,1,2
298,4.125,4.222222222222222,4.888888888888889,4.6,1.5,5.0,5.166666666666667,6.75,4.416666666666667,4.55,4.333333333333333,2,3,2,5,3,5,8,19,11.0,9.0,40.0,100.0,75,4,0,2
299,2.375,4.555555555555555,4.666666666666667,4.3,2.125,3.3333333333333335,3.8333333333333335,8.333333333333334,4.666666666666667,4.5,4.5,3,6,1,9,3,4,7,20,15.0,-2.0,40.0,66.66666666666666,75,3,1,0
300,4.75,4.666666666666667,4.666666666666667,3.1,1.375,1.7777777777777777,3.3333333333333335,7.333333333333333,2.25,4.25,3.6666666666666665,2,2,2,4,3,6,9,17,-2.0,-8.0,40.0,66.66666666666666,25,2,0,2
301,1.75,4.111111111111111,3.7777777777777777,3.9,3.5,4.055555555555555,4.416666666666667,6.25,4.25,4.05,4.333333333333333,3,6,2,9,3,7,10,25,10.0,9.0,40.0,83.33333333333334,100,4,1,1
302,4.625,3.5555555555555554,4.333333333333333,4.7,2.875,4.222222222222222,3.9166666666666665,7.416666666666667,2.75,4.4,4.5,3,3,0,6,2,6,8,18,17.0,5.0,100.0,50.0,75,4,0,0
303,2.625,3.888888888888889,4.888888888888889,4.6,2.0,3.7777777777777777,6.25,8.5,4.666666666666667,4.7,4.5,3,6,3,9,2,3,5,19,16.0,5.0,40.0,83.33333333333334,100,2,0,3
304,3.25,3.888888888888889,3.888888888888889,4.2,3.625,3.611111111111111,3.25,6.416666666666667,3.3333333333333335,4.7,3.8333333333333335,3,6,4,9,2,3,5,19,16.0,0.0,100.0,100.0,100,1,1,3
305,1.75,3.6666666666666665,2.888888888888889,3.3,2.125,3.5555555555555554,3.3333333333333335,4.75,3.9166666666666665,3.55,3.6666666666666665,3,3,2,6,2,3,5,16,-4.0,-9.0,60.0,83.33333333333334,100,3,0,2
306,2.375,3.6666666666666665,5.0,4.1,3.0,2.8333333333333335,3.5833333333333335,8.083333333333334,3.3333333333333335,3.95,3.8333333333333335,3,5,2,8,2,4,6,17,18.0,5.0,40.0,50.0,25,1,0,2
307,2.75,4.444444444444445,4.333333333333333,2.2,1.5,1.2777777777777777,3.4166666666666665,6.916666666666667,3.1666666666666665,2.45,1.5,3,5,1,8,2,4,6,17,20.0,4.0,60.0,83.33333333333334,75,2,1,0
308,2.875,4.222222222222222,4.0,4.6,1.875,4.5,3.25,6.5,2.25,4.05,3.8333333333333335,2,5,1,7,2,4,6,16,19.0,5.0,60.0,66.66666666666666,75,2,0,1
309,3.0,3.888888888888889,4.111111111111111,3.8,1.75,3.111111111111111,4.0,7.5,3.5,3.85,3.0,2,5,1,7,2,3,5,15,17.0,-3.0,40.0,66.66666666666666,75,2,0,1
310,1.25,4.444444444444445,4.444444444444445,4.4,1.875,4.277777777777778,3.8333333333333335,6.333333333333333,3.5,4.15,3.5,3,2,4,5,3,7,10,23,10.0,12.0,40.0,83.33333333333334,100,4,1,3
311,3.5,4.111111111111111,4.444444444444445,3.4,2.125,3.0,7.083333333333333,7.0,4.083333333333333,3.6,4.0,3,2,3,5,2,3,5,13,23.0,1.0,40.0,66.66666666666666,100,0,1,2
312,3.625,4.222222222222222,4.444444444444445,3.9,1.5,4.111111111111111,4.166666666666667,7.166666666666667,3.0,3.7,4.0,3,5,0,8,2,5,7,18,21.0,3.0,20.0,100.0,100,3,0,0
313,3.375,4.444444444444445,3.7777777777777777,4.5,4.0,4.777777777777778,4.666666666666667,7.5,3.75,4.75,3.3333333333333335,3,5,4,8,2,4,6,19,11.0,6.0,60.0,100.0,100,1,1,3
314,1.0,2.5555555555555554,4.888888888888889,1.0,4.5,1.1666666666666667,2.4166666666666665,8.0,5.0,3.85,4.166666666666667,2,0,0,2,0,4,4,7,16.0,-8.0,40.0,50.0,50,1,0,0
315,3.375,2.111111111111111,3.111111111111111,4.4,4.875,4.555555555555555,8.166666666666666,7.0,2.3333333333333335,4.65,4.0,3,6,3,9,4,6,10,25,0.0,-5.0,0.0,100.0,75,3,1,2
316,3.5,4.0,3.888888888888889,3.7,2.375,3.2222222222222223,7.0,7.75,3.25,3.7,4.833333333333333,2,4,0,6,1,3,4,11,24.0,-5.0,0.0,66.66666666666666,75,1,0,0
317,4.875,5.0,5.0,3.5,1.0,4.333333333333333,5.75,6.333333333333333,3.8333333333333335,4.45,4.5,1,1,1,2,0,3,3,8,12.0,-10.0,40.0,83.33333333333334,75,2,0,1
318,4.375,3.4444444444444446,4.333333333333333,4.6,1.75,4.5,4.666666666666667,7.416666666666667,3.8333333333333335,4.0,1.5,3,3,2,6,3,5,8,20,10.0,0.0,40.0,83.33333333333334,100,4,1,1
319,2.5,3.6666666666666665,3.3333333333333335,3.3,2.75,3.111111111111111,6.333333333333333,6.75,3.4166666666666665,3.3,2.0,1,2,0,3,3,5,8,14,7.0,6.0,0.0,100.0,25,3,0,0
320,2.125,3.5555555555555554,4.0,4.3,2.25,4.222222222222222,3.25,7.083333333333333,4.333333333333333,3.65,4.333333333333333,3,6,2,9,4,7,11,23,17.0,15.0,60.0,100.0,100,1,1,1
321,3.375,3.7777777777777777,3.5555555555555554,3.4,2.875,3.1666666666666665,5.916666666666667,7.5,3.9166666666666665,3.3,4.0,2,2,1,4,2,4,6,14,16.0,-10.0,40.0,66.66666666666666,75,3,1,0
322,4.625,3.7777777777777777,4.222222222222222,4.1,2.375,3.2222222222222223,5.916666666666667,5.0,3.8333333333333335,3.85,4.0,3,2,1,5,2,4,6,13,27.0,10.0,0.0,66.66666666666666,50,1,1,0
323,2.625,4.777777777777778,4.111111111111111,2.4,1.0,1.2222222222222223,3.1666666666666665,7.75,2.4166666666666665,4.35,1.3333333333333333,3,3,0,6,2,3,5,11,19.0,0.0,40.0,16.666666666666664,75,0,0,0
324,4.125,4.555555555555555,3.6666666666666665,4.0,2.5,3.611111111111111,4.916666666666667,5.5,2.3333333333333335,3.7,3.3333333333333335,3,6,1,9,2,3,5,18,19.0,8.0,60.0,100.0,75,3,0,1
325,3.25,4.555555555555555,5.0,2.2,2.25,1.6666666666666667,5.583333333333333,7.75,3.9166666666666665,4.5,1.0,2,5,1,7,1,4,5,13,5.0,-10.0,40.0,66.66666666666666,75,0,1,0
326,4.5,4.666666666666667,4.888888888888889,4.3,1.0,3.7777777777777777,6.0,8.083333333333334,3.5,4.05,3.8333333333333335,2,3,0,5,2,3,5,10,22.0,2.0,60.0,100.0,50,0,0,0
327,2.75,4.0,4.333333333333333,3.7,1.875,2.9444444444444446,4.166666666666667,7.5,3.5833333333333335,3.5,2.5,1,2,0,3,1,4,5,9,1.0,-5.0,60.0,50.0,50,1,0,0
328,2.625,4.555555555555555,4.111111111111111,2.0,1.125,2.4444444444444446,4.916666666666667,8.727272727272727,3.5833333333333335,3.55,3.5,3,5,3,8,3,7,10,23,10.0,28.0,40.0,83.33333333333334,75,2,0,3
329,4.125,5.0,4.777777777777778,3.4,1.0,4.055555555555555,5.166666666666667,7.083333333333333,3.0833333333333335,3.85,4.833333333333333,2,1,0,3,2,4,6,9,12.0,1.0,60.0,100.0,75,0,0,0
330,2.875,3.888888888888889,4.333333333333333,1.9,2.5,2.611111111111111,4.583333333333333,8.083333333333334,3.4166666666666665,4.0,4.166666666666667,1,4,3,5,1,7,8,19,1.0,-17.0,40.0,66.66666666666666,100,3,1,2
331,3.25,3.3333333333333335,3.4444444444444446,3.8,2.875,2.888888888888889,6.25,7.083333333333333,4.0,3.35,1.6666666666666667,0,4,3,4,3,7,10,18,12.0,5.0,60.0,100.0,50,1,1,2
332,4.125,4.222222222222222,4.0,4.3,1.5,4.666666666666667,6.166666666666667,8.333333333333334,3.6666666666666665,3.5,4.0,3,5,1,8,4,6,10,20,10.0,10.0,60.0,66.66666666666666,100,1,0,1
333,3.0,4.333333333333333,4.333333333333333,3.9,2.0,2.888888888888889,4.333333333333333,6.583333333333333,4.25,3.65,4.666666666666667,3,4,0,7,1,4,5,13,29.0,16.0,60.0,100.0,50,1,0,0
334,3.75,4.777777777777778,3.5555555555555554,4.0,2.375,4.055555555555555,5.333333333333333,6.5,3.0,4.7,4.333333333333333,3,6,4,9,3,3,6,20,10.0,15.0,100.0,100.0,75,1,1,3
335,2.75,3.3333333333333335,3.6666666666666665,3.5,1.625,3.111111111111111,7.0,7.916666666666667,3.75,3.65,3.3333333333333335,2,5,0,7,2,3,5,13,12.0,-5.0,0.0,83.33333333333334,75,1,0,0
336,3.375,3.0,3.5555555555555554,3.3,2.625,2.9444444444444446,5.5,6.5,3.5833333333333335,3.15,2.8333333333333335,1,6,0,7,3,4,7,16,19.0,0.0,40.0,83.33333333333334,50,2,0,0
337,3.875,3.4444444444444446,3.2222222222222223,4.2,3.375,2.9444444444444446,4.083333333333333,7.083333333333333,3.25,4.05,1.0,3,4,3,7,2,4,6,18,17.0,7.0,40.0,100.0,50,2,1,2
338,1.875,4.0,4.555555555555555,3.3,2.25,1.4444444444444444,4.416666666666667,7.75,3.8333333333333335,3.8,3.8333333333333335,3,3,0,6,2,4,6,12,8.0,-14.0,40.0,100.0,75,0,0,0
339,3.75,4.777777777777778,4.666666666666667,3.9,3.0,3.5,6.75,8.0,3.5,3.85,3.3333333333333335,2,0,0,2,2,4,6,8,22.0,-3.0,40.0,66.66666666666666,100,0,0,0
340,2.5,3.888888888888889,4.777777777777778,3.5,3.5,2.388888888888889,6.833333333333333,6.416666666666667,4.083333333333333,4.15,4.333333333333333,2,4,1,6,2,3,5,14,6.0,-5.0,40.0,50.0,75,2,1,0
341,3.125,2.888888888888889,2.5555555555555554,3.3,3.0,3.0,5.75,5.833333333333333,3.4166666666666665,3.0,3.8333333333333335,1,4,0,5,4,5,9,17,15.0,0.0,40.0,83.33333333333334,75,3,0,0
342,2.625,3.3333333333333335,3.888888888888889,3.9,2.375,3.888888888888889,6.333333333333333,6.583333333333333,3.4166666666666665,4.1,4.333333333333333,3,3,0,6,3,3,6,15,5.0,5.0,40.0,66.66666666666666,100,3,0,0
343,2.25,3.4444444444444446,4.222222222222222,3.4,3.875,2.0555555555555554,4.583333333333333,6.25,4.583333333333333,3.85,3.8333333333333335,3,5,2,8,4,5,9,22,10.0,8.0,40.0,83.33333333333334,75,3,0,2
344,2.75,3.2222222222222223,3.888888888888889,3.7,2.25,2.3333333333333335,5.0,6.25,3.9166666666666665,2.85,3.6666666666666665,0,4,3,4,2,5,7,16,-6.0,-5.0,100.0,100.0,75,2,1,2
345,3.0,3.111111111111111,3.3333333333333335,2.7,3.0,3.0555555555555554,4.916666666666667,5.083333333333333,3.1666666666666665,2.9,3.5,2,3,0,5,2,3,5,13,18.0,1.0,40.0,66.66666666666666,50,3,0,0
346,3.0,4.111111111111111,5.0,4.8,1.0,5.0,4.5,7.0,5.0,3.7,5.0,3,2,2,5,3,4,7,15,20.0,5.0,40.0,66.66666666666666,50,1,1,1
347,3.25,3.2222222222222223,4.333333333333333,3.5,3.25,3.8333333333333335,4.5,7.583333333333333,4.166666666666667,3.5,3.6666666666666665,2,5,1,7,3,5,8,20,2.0,2.0,100.0,66.66666666666666,75,4,1,0
348,2.0,4.111111111111111,3.7777777777777777,4.0,3.0,3.888888888888889,3.75,8.333333333333334,4.333333333333333,4.35,3.3333333333333335,2,4,1,6,4,5,9,18,-2.0,-6.0,60.0,100.0,75,2,1,0
349,4.125,4.444444444444445,4.444444444444445,3.5,1.75,3.611111111111111,4.333333333333333,7.5,3.4166666666666665,4.0,2.1666666666666665,2,2,1,4,3,5,8,16,-6.0,-2.0,40.0,83.33333333333334,100,3,1,0
350,4.75,4.555555555555555,4.444444444444445,3.6,1.5,3.2222222222222223,7.083333333333333,7.166666666666667,3.3333333333333335,3.35,4.166666666666667,3,5,2,8,3,3,6,20,16.0,26.0,80.0,66.66666666666666,50,4,1,1
351,1.75,3.6666666666666665,2.888888888888889,3.8,3.25,3.7777777777777777,5.0,7.0,4.0,3.9,4.333333333333333,2,5,4,7,2,2,4,16,14.0,6.0,60.0,83.33333333333334,50,1,1,3
352,3.125,4.444444444444445,2.888888888888889,4.7,3.875,3.888888888888889,3.4166666666666665,7.083333333333333,1.8333333333333333,4.55,4.666666666666667,3,6,2,9,3,3,6,19,14.0,3.0,60.0,83.33333333333334,100,2,1,1
353,2.0,4.333333333333333,4.777777777777778,4.1,2.5,3.6666666666666665,5.916666666666667,6.833333333333333,3.4166666666666665,4.0,1.1666666666666667,2,6,2,8,2,4,6,18,7.0,0.0,20.0,50.0,75,2,0,2
354,4.5,4.888888888888889,4.888888888888889,4.9,1.375,4.722222222222222,4.916666666666667,8.583333333333334,3.4166666666666665,4.6,5.0,2,6,0,8,3,1,4,15,20.0,3.0,40.0,66.66666666666666,50,3,0,0
355,1.375,3.7777777777777777,3.4444444444444446,3.1,3.5,3.2777777777777777,6.166666666666667,7.666666666666667,3.6666666666666665,4.6,3.3333333333333335,1,1,1,2,1,3,4,7,15.0,-8.0,0.0,100.0,75,0,1,0
356,3.25,4.111111111111111,3.5555555555555554,3.9,4.125,3.6666666666666665,4.583333333333333,8.5,3.6666666666666665,3.45,1.8333333333333333,0,2,0,2,2,3,5,10,2.0,-29.0,100.0,16.666666666666664,50,3,0,0
357,2.625,3.7777777777777777,3.888888888888889,3.7,2.5,2.8333333333333335,4.333333333333333,7.25,3.0833333333333335,3.95,3.0,1,1,2,2,2,3,5,13,27.0,5.0,0.0,100.0,50,4,1,1
358,3.125,2.7777777777777777,2.6666666666666665,3.5,2.75,3.111111111111111,7.25,7.25,3.8333333333333335,3.3,3.6666666666666665,1,2,0,3,1,3,4,10,8.0,4.0,60.0,100.0,75,3,0,0
359,3.875,4.222222222222222,4.0,4.2,1.5,3.7222222222222223,5.416666666666667,7.0,3.5833333333333335,3.55,4.333333333333333,3,4,3,7,2,3,5,15,25.0,15.0,40.0,100.0,100,0,1,2
360,3.25,4.777777777777778,4.888888888888889,2.9,1.375,3.0,8.416666666666666,8.5,4.0,3.45,4.333333333333333,3,4,1,7,2,6,8,18,17.0,20.0,0.0,83.33333333333334,50,2,0,1
361,2.5,4.111111111111111,3.7777777777777777,4.5,2.875,3.7777777777777777,4.75,7.083333333333333,3.25,3.9,4.666666666666667,3,4,3,7,3,7,10,23,2.0,0.0,60.0,83.33333333333334,100,3,1,2
362,2.375,4.222222222222222,4.888888888888889,3.8,2.75,3.888888888888889,5.5,7.083333333333333,3.1666666666666665,5.0,5.0,2,5,0,7,3,6,9,19,-9.0,0.0,60.0,66.66666666666666,100,3,0,0
363,3.5,3.6666666666666665,2.888888888888889,3.9,2.625,3.8333333333333335,3.4166666666666665,6.583333333333333,2.3333333333333335,3.9,3.0,2,1,2,3,2,3,5,13,23.0,-4.0,60.0,66.66666666666666,75,3,1,1
364,4.0,4.888888888888889,5.0,3.7,1.5,3.111111111111111,8.666666666666666,9.0,4.166666666666667,3.55,5.0,3,1,1,4,3,3,6,11,24.0,10.0,40.0,100.0,25,0,0,1
365,1.875,4.666666666666667,5.0,3.1,1.875,3.611111111111111,6.333333333333333,8.416666666666666,4.0,3.8,5.0,2,1,0,3,3,4,7,14,8.0,4.0,0.0,100.0,75,4,0,0
366,1.0,3.6666666666666665,3.4444444444444446,2.4,2.75,1.4444444444444444,3.6666666666666665,7.416666666666667,4.0,3.2,4.166666666666667,3,4,0,7,3,4,7,16,-14.0,-2.0,0.0,83.33333333333334,25,2,0,0
367,1.5,3.3333333333333335,4.0,4.3,2.75,4.777777777777778,3.4166666666666665,6.5,4.583333333333333,3.25,4.166666666666667,2,5,4,7,2,7,9,23,9.0,3.0,60.0,66.66666666666666,100,3,1,3
368,3.125,4.0,4.555555555555555,2.8,2.375,2.5,8.333333333333334,7.583333333333333,4.083333333333333,3.85,5.0,2,1,0,3,2,5,7,12,18.0,5.0,40.0,50.0,50,2,0,0
369,3.375,3.5555555555555554,4.111111111111111,2.0,3.875,3.5555555555555554,4.416666666666667,7.0,2.3333333333333335,3.75,1.6666666666666667,2,3,0,5,2,2,4,11,14.0,-10.0,40.0,83.33333333333334,50,2,0,0
370,4.5,5.0,5.0,3.6,1.125,3.8333333333333335,4.333333333333333,7.666666666666667,3.5,4.0,3.0,1,6,2,7,3,5,8,18,19.0,3.0,40.0,83.33333333333334,50,1,1,1
371,4.0,4.111111111111111,4.666666666666667,2.8,1.5,3.4444444444444446,3.4166666666666665,6.583333333333333,1.0,4.2,3.3333333333333335,3,4,1,7,2,5,7,19,11.0,2.0,40.0,100.0,100,4,0,1
372,3.0,4.333333333333333,4.555555555555555,3.6,2.25,4.0,5.416666666666667,7.333333333333333,3.4166666666666665,3.05,4.0,3,3,0,6,2,5,7,13,12.0,15.0,100.0,100.0,50,0,0,0
373,4.5,4.777777777777778,5.0,4.6,1.25,4.333333333333333,5.166666666666667,8.166666666666666,3.5833333333333335,4.05,4.666666666666667,2,4,1,6,1,4,5,16,14.0,0.0,60.0,100.0,100,4,0,1
374,4.0,4.777777777777778,4.888888888888889,4.7,1.125,4.388888888888889,3.5454545454545454,7.166666666666667,4.083333333333333,4.65,4.166666666666667,2,3,1,5,1,4,5,15,15.0,12.0,40.0,83.33333333333334,100,4,1,0
375,3.125,4.333333333333333,4.333333333333333,2.8,1.375,2.3333333333333335,3.3333333333333335,6.916666666666667,2.9166666666666665,3.35,3.8333333333333335,3,5,0,8,2,2,4,13,16.0,4.0,40.0,83.33333333333334,50,1,0,0
376,4.5,4.222222222222222,4.222222222222222,4.3,2.875,3.888888888888889,4.25,6.083333333333333,3.4166666666666665,3.75,3.0,1,5,2,6,3,4,7,17,21.0,3.0,60.0,83.33333333333334,50,2,1,1
377,3.25,3.111111111111111,3.111111111111111,3.4,2.875,3.0,6.333333333333333,6.416666666666667,3.5,3.05,3.6666666666666665,2,2,1,4,4,6,10,17,11.0,5.0,0.0,16.666666666666664,75,2,1,0
378,2.75,4.111111111111111,4.0,4.6,2.625,4.833333333333333,4.75,5.5,3.8333333333333335,4.3,4.333333333333333,3,5,3,8,3,5,8,22,8.0,3.0,60.0,66.66666666666666,75,3,1,2
379,3.0,3.2222222222222223,3.888888888888889,3.7,2.375,3.7777777777777777,5.25,6.166666666666667,3.8333333333333335,3.6,1.3333333333333333,3,6,2,9,3,4,7,19,14.0,-2.0,40.0,50.0,100,1,0,2
380,3.75,4.777777777777778,3.888888888888889,3.7,3.125,3.111111111111111,7.166666666666667,8.5,2.6666666666666665,4.5,3.3333333333333335,2,5,0,7,0,3,3,13,15.0,8.0,40.0,100.0,100,3,0,0
381,2.375,2.888888888888889,4.888888888888889,3.5,1.625,3.888888888888889,4.833333333333333,5.833333333333333,2.5,3.1,3.6666666666666665,3,5,3,8,2,4,6,20,14.0,4.0,60.0,83.33333333333334,100,3,0,3
382,2.5,3.888888888888889,5.0,5.0,1.0,4.833333333333333,4.25,7.583333333333333,3.5833333333333335,3.05,3.5,3,6,0,9,3,1,4,14,16.0,0.0,60.0,50.0,100,1,0,0
383,3.25,4.222222222222222,4.0,3.0,2.25,2.5555555555555554,6.916666666666667,7.5,3.5,3.4,4.333333333333333,2,5,0,7,4,5,9,17,8.0,-5.0,40.0,100.0,50,1,0,0
384,3.125,4.888888888888889,5.0,3.7,1.125,2.4444444444444446,4.416666666666667,8.5,4.166666666666667,3.55,3.0,3,3,2,6,3,6,9,20,11.0,2.0,40.0,100.0,50,3,0,2
385,3.25,3.111111111111111,3.888888888888889,4.9,1.125,4.333333333333333,6.583333333333333,2.5833333333333335,1.9166666666666667,2.75,2.1666666666666665,3,6,4,9,4,6,10,25,14.0,4.0,40.0,83.33333333333334,100,2,1,3
386,4.0,3.4444444444444446,4.555555555555555,3.7,1.75,3.2777777777777777,3.0833333333333335,6.583333333333333,3.4166666666666665,4.1,4.0,3,5,4,8,3,6,9,24,7.0,-2.0,60.0,83.33333333333334,100,3,1,3
387,4.0,4.777777777777778,4.222222222222222,4.3,2.625,3.4444444444444446,5.583333333333333,7.416666666666667,4.25,4.25,3.5,2,5,3,7,4,5,9,23,7.0,2.0,40.0,83.33333333333334,100,4,1,2
388,3.625,5.0,5.0,4.7,1.125,3.5,5.0,8.083333333333334,4.0,3.7,4.0,3,3,0,6,2,2,4,10,20.0,-8.0,40.0,100.0,75,0,0,0
389,3.25,4.777777777777778,5.0,3.9,1.375,3.888888888888889,4.166666666666667,7.583333333333333,4.75,4.45,4.5,1,5,0,6,3,4,7,16,-1.0,0.0,60.0,83.33333333333334,75,3,0,0
390,2.625,4.888888888888889,4.222222222222222,1.9,2.25,1.8333333333333333,4.166666666666667,7.5,3.5,3.9,2.5,3,3,2,6,2,5,7,16,19.0,5.0,40.0,50.0,50,1,0,2
391,4.5,3.4444444444444446,4.888888888888889,3.6,1.5,4.166666666666667,6.083333333333333,7.166666666666667,3.75,3.05,2.1666666666666665,3,5,2,8,3,5,8,22,13.0,5.0,40.0,83.33333333333334,75,4,1,1
392,2.75,4.555555555555555,4.333333333333333,3.9,2.0,3.388888888888889,6.5,8.416666666666666,3.4166666666666665,3.7,3.3333333333333335,1,2,1,3,2,2,4,10,10.0,-3.0,60.0,100.0,75,2,1,0
393,3.625,4.555555555555555,5.0,4.5,1.875,4.611111111111111,7.666666666666667,8.833333333333334,4.916666666666667,5.0,4.833333333333333,3,3,0,6,2,3,5,14,16.0,5.0,40.0,83.33333333333334,75,3,0,0
394,4.75,4.777777777777778,5.0,5.0,1.0,4.111111111111111,3.1666666666666665,7.833333333333333,4.916666666666667,3.95,5.0,3,5,0,8,4,7,11,22,8.0,-5.0,40.0,83.33333333333334,75,3,0,0
395,3.375,4.777777777777778,5.0,4.6,2.125,3.111111111111111,9.0,9.0,3.9166666666666665,4.2,5.0,2,3,2,5,2,1,3,13,22.0,5.0,40.0,83.33333333333334,50,3,1,1
396,4.75,5.0,5.0,4.7,1.0,4.888888888888889,5.833333333333333,8.5,5.0,4.2,5.0,3,4,3,7,3,4,7,18,17.0,5.0,40.0,83.33333333333334,100,1,0,3
397,2.625,5.0,4.888888888888889,3.4,1.125,4.5,6.0,6.5,3.25,4.1,4.666666666666667,3,5,1,8,3,5,8,18,12.0,9.0,60.0,83.33333333333334,100,1,1,0
398,4.0,3.6666666666666665,3.3333333333333335,3.8,1.125,3.4444444444444446,3.9166666666666665,7.833333333333333,3.5833333333333335,3.75,2.3333333333333335,2,3,2,5,2,1,3,10,20.0,8.0,40.0,83.33333333333334,100,0,1,1
399,2.875,3.4444444444444446,3.111111111111111,3.6,3.25,3.8333333333333335,5.5,5.416666666666667,2.25,3.9,4.0,3,6,0,9,2,5,7,19,2.0,0.0,60.0,83.33333333333334,75,3,0,0
400,3.125,3.6666666666666665,3.6666666666666665,4.8,2.5,3.388888888888889,5.75,7.666666666666667,3.0833333333333335,4.15,4.166666666666667,3,5,2,8,4,5,9,20,10.0,0.0,40.0,100.0,100,1,0,2
401,1.75,3.6666666666666665,2.111111111111111,2.8,3.5,2.2222222222222223,4.083333333333333,8.0,1.5,4.0,1.5,2,3,0,5,3,3,6,12,-2.0,-11.0,60.0,83.33333333333334,100,1,0,0
402,4.875,4.444444444444445,3.888888888888889,5.0,2.5,4.333333333333333,7.666666666666667,6.666666666666667,3.4166666666666665,4.55,4.0,2,5,0,7,2,2,4,13,22.0,-1.0,40.0,83.33333333333334,75,2,0,0
403,3.0,3.888888888888889,3.4444444444444446,4.1,2.875,1.7222222222222223,5.5,7.333333333333333,3.5833333333333335,3.85,4.0,3,5,2,8,3,3,6,18,4.0,4.0,40.0,83.33333333333334,100,2,1,1
404,2.875,3.4444444444444446,3.7777777777777777,2.9,2.0,2.4444444444444446,5.666666666666667,5.416666666666667,2.1666666666666665,2.2,4.166666666666667,1,5,1,6,1,4,5,14,11.0,0.0,60.0,100.0,25,2,1,0
405,3.375,4.666666666666667,4.777777777777778,3.4,1.25,3.5555555555555554,7.583333333333333,5.916666666666667,3.5833333333333335,3.55,4.5,3,6,1,9,3,7,10,24,11.0,10.0,40.0,66.66666666666666,0,4,0,1
406,2.75,3.2222222222222223,2.0,3.8,5.0,3.3333333333333335,5.333333333333333,6.333333333333333,2.0,3.75,1.0,0,3,0,3,3,3,6,11,14.0,-1.0,40.0,83.33333333333334,25,2,0,0
407,4.0,3.111111111111111,5.0,4.0,1.375,4.722222222222222,6.0,6.0,3.6666666666666665,4.1,2.3333333333333335,3,6,0,9,4,3,7,17,13.0,0.0,60.0,83.33333333333334,50,1,0,0
408,2.25,3.3333333333333335,3.7777777777777777,4.4,4.0,3.5,4.666666666666667,7.166666666666667,3.9166666666666665,4.25,5.0,3,6,1,9,4,6,10,22,10.0,4.0,60.0,83.33333333333334,75,2,1,0
409,3.5,5.0,4.777777777777778,4.6,2.75,4.833333333333333,4.666666666666667,7.75,4.333333333333333,4.7,4.666666666666667,3,6,0,9,4,7,11,24,16.0,0.0,60.0,50.0,50,4,0,0
410,3.375,4.555555555555555,4.333333333333333,4.1,1.625,3.9444444444444446,6.75,6.75,1.75,4.15,4.5,1,0,1,1,2,7,9,15,7.0,2.0,40.0,100.0,75,4,1,0
411,3.5,4.555555555555555,4.777777777777778,4.5,2.75,4.833333333333333,4.636363636363637,7.75,4.25,4.7,4.666666666666667,3,6,1,9,4,7,11,25,10.0,0.0,60.0,66.66666666666666,50,4,0,1
412,3.25,3.4444444444444446,3.111111111111111,3.3,2.75,3.0555555555555554,6.833333333333333,6.75,4.583333333333333,2.6,4.333333333333333,1,0,1,1,2,4,6,11,31.0,40.0,20.0,83.33333333333334,75,3,0,1
413,2.25,4.777777777777778,3.7777777777777777,4.4,2.25,3.5,3.9166666666666665,8.333333333333334,4.916666666666667,4.3,2.5,2,2,3,4,2,4,6,16,4.0,-10.0,40.0,100.0,100,3,1,2
414,3.75,4.333333333333333,4.444444444444445,4.3,2.125,3.7777777777777777,5.166666666666667,7.5,4.5,2.95,4.0,3,6,4,9,2,3,5,19,18.0,1.0,40.0,83.33333333333334,100,1,1,3
415,2.5,3.2222222222222223,3.5555555555555554,4.2,2.0,4.944444444444445,5.5,4.5,2.1666666666666665,2.85,4.0,3,6,4,9,4,7,11,28,13.0,6.0,60.0,66.66666666666666,100,4,1,3
416,3.75,5.0,5.0,3.8,2.125,4.666666666666667,7.083333333333333,8.583333333333334,3.5,3.65,2.3333333333333335,2,5,1,7,1,4,5,16,12.0,4.0,40.0,83.33333333333334,50,3,0,1
417,3.0,4.0,3.888888888888889,4.4,2.125,3.7222222222222223,4.25,5.5,3.5833333333333335,4.4,4.5,2,6,2,8,2,7,9,20,18.0,3.0,40.0,66.66666666666666,50,1,0,2
418,2.625,4.555555555555555,4.666666666666667,3.3,2.0,3.0,6.583333333333333,8.0,3.8333333333333335,3.6,3.8333333333333335,2,4,1,6,0,3,3,13,29.0,0.0,40.0,66.66666666666666,75,3,1,0
419,2.875,4.333333333333333,4.0,3.3,1.625,3.0,6.916666666666667,7.0,3.5,3.45,3.8333333333333335,1,2,0,3,3,5,8,11,19.0,5.0,100.0,83.33333333333334,75,0,0,0
420,3.125,4.111111111111111,4.555555555555555,3.3,2.375,3.5555555555555554,4.75,6.583333333333333,3.0,3.05,3.0,2,6,1,8,2,6,8,19,4.0,6.0,60.0,100.0,50,2,1,0
421,4.125,4.111111111111111,3.6666666666666665,3.8,3.875,3.2222222222222223,6.083333333333333,6.833333333333333,3.25,4.45,3.0,2,1,0,3,2,3,5,8,19.0,-3.0,40.0,66.66666666666666,75,0,0,0
422,3.5,3.888888888888889,4.444444444444445,3.6,2.375,3.3333333333333335,4.083333333333333,7.083333333333333,3.0833333333333335,4.05,3.5,2,4,1,6,4,7,11,22,6.0,-1.0,20.0,100.0,75,4,0,1
423,3.25,4.888888888888889,4.888888888888889,4.1,1.375,3.2222222222222223,5.833333333333333,6.166666666666667,4.083333333333333,3.15,5.0,2,2,0,4,2,7,9,13,17.0,0.0,40.0,83.33333333333334,25,0,0,0
424,4.375,4.111111111111111,3.6666666666666665,4.7,2.25,4.222222222222222,7.416666666666667,8.75,4.0,4.3,4.333333333333333,3,6,2,9,2,3,5,17,23.0,10.0,60.0,83.33333333333334,75,1,1,1
425,1.375,4.555555555555555,4.333333333333333,4.0,2.125,2.4444444444444446,3.0,7.916666666666667,3.5833333333333335,4.15,2.6666666666666665,0,2,3,2,2,5,7,15,15.0,5.0,40.0,83.33333333333334,75,3,1,2
426,3.5,4.555555555555555,4.0,4.3,1.75,3.9444444444444446,4.7272727272727275,6.333333333333333,3.75,3.7,4.0,1,3,3,4,4,7,11,18,7.0,0.0,40.0,100.0,50,0,1,2
427,2.5,3.7777777777777777,4.0,4.3,2.375,4.611111111111111,5.666666666666667,6.25,3.9166666666666665,3.3,4.166666666666667,3,6,0,9,2,3,5,14,6.0,-5.0,40.0,66.66666666666666,75,0,0,0
428,3.5,4.777777777777778,4.777777777777778,4.3,2.75,3.5555555555555554,8.333333333333334,8.916666666666666,1.8333333333333333,4.0,4.333333333333333,1,2,1,3,4,7,11,19,16.0,12.0,40.0,66.66666666666666,50,4,0,1
429,2.0,4.111111111111111,4.666666666666667,4.3,1.875,4.611111111111111,4.0,6.833333333333333,3.25,4.8,5.0,3,6,3,9,4,7,11,27,10.0,2.0,40.0,83.33333333333334,75,4,0,3
430,3.5,5.0,4.555555555555555,4.4,1.625,4.222222222222222,4.75,6.916666666666667,3.6666666666666665,4.55,4.5,3,5,2,8,2,4,6,17,19.0,6.0,40.0,83.33333333333334,50,1,1,1
431,3.125,4.666666666666667,4.777777777777778,3.3,1.25,4.222222222222222,6.166666666666667,7.5,4.416666666666667,3.95,5.0,1,1,1,2,3,6,9,14,6.0,12.0,40.0,100.0,75,2,1,0
432,2.5,3.2222222222222223,2.888888888888889,3.6,2.75,4.222222222222222,4.0,7.083333333333333,3.0833333333333335,4.2,3.3333333333333335,2,6,4,8,4,6,10,24,12.0,6.0,100.0,83.33333333333334,100,2,1,3
433,3.125,4.0,3.6666666666666665,4.0,3.75,3.5,5.916666666666667,7.166666666666667,2.75,4.8,3.1666666666666665,2,3,1,5,2,2,4,10,20.0,-4.0,60.0,83.33333333333334,100,0,0,1
434,4.25,3.888888888888889,4.111111111111111,3.9,1.375,3.5555555555555554,5.5,6.083333333333333,2.9166666666666665,3.25,3.3333333333333335,3,6,1,9,3,7,10,22,16.0,17.0,40.0,83.33333333333334,75,2,1,0
435,2.625,3.2222222222222223,5.0,4.4,1.75,4.666666666666667,4.416666666666667,4.583333333333333,4.583333333333333,3.3,1.1666666666666667,3,3,0,6,3,6,9,17,15.0,7.0,0.0,100.0,50,2,0,0
436,1.75,4.222222222222222,3.3333333333333335,3.7,3.5,3.611111111111111,3.4166666666666665,6.75,2.6666666666666665,4.45,4.166666666666667,3,6,4,9,4,7,11,27,11.0,1.0,60.0,83.33333333333334,75,3,1,3
437,3.125,3.4444444444444446,4.666666666666667,4.7,2.875,4.166666666666667,6.5,4.75,2.6666666666666665,3.8,3.1666666666666665,3,6,4,9,4,6,10,27,12.0,2.0,40.0,83.33333333333334,100,4,1,3
438,2.625,4.444444444444445,4.333333333333333,4.7,1.375,4.555555555555555,4.916666666666667,7.916666666666667,4.5,3.85,5.0,3,5,1,8,3,6,9,20,14.0,4.0,40.0,100.0,75,2,1,0
439,2.625,4.111111111111111,4.555555555555555,1.2,2.375,1.0555555555555556,4.5,8.166666666666666,4.666666666666667,4.85,3.6666666666666665,2,3,1,5,2,4,6,15,6.0,0.0,40.0,83.33333333333334,75,3,0,1
440,3.625,4.111111111111111,2.6666666666666665,3.3,3.0,3.0,4.166666666666667,5.916666666666667,2.4166666666666665,4.25,3.6666666666666665,3,6,1,9,4,5,9,20,15.0,5.0,60.0,83.33333333333334,100,1,1,0
441,3.75,3.888888888888889,4.0,3.9,2.25,3.7777777777777777,7.0,7.0,3.8333333333333335,3.4,2.0,1,4,0,5,2,2,4,9,32.0,6.0,40.0,100.0,75,0,0,0
442,3.25,4.555555555555555,4.0,3.5,1.875,3.3333333333333335,2.75,7.166666666666667,3.1666666666666665,4.15,3.5,2,1,0,3,3,3,6,10,22.0,2.0,40.0,100.0,100,1,0,0
443,1.5,3.7777777777777777,4.222222222222222,4.6,1.0,4.222222222222222,3.6666666666666665,6.5,4.833333333333333,3.45,3.6666666666666665,1,4,3,5,2,5,7,17,8.0,5.0,40.0,83.33333333333334,75,2,1,2
444,2.125,4.666666666666667,4.222222222222222,3.9,4.0,3.6666666666666665,6.0,8.0,4.166666666666667,4.35,3.1666666666666665,1,1,1,2,1,5,6,13,27.0,10.0,40.0,100.0,25,4,0,1
445,2.5,4.777777777777778,5.0,4.5,1.0,3.5,4.0,8.25,2.9166666666666665,4.45,3.5,3,3,4,6,2,4,6,17,15.0,7.0,40.0,66.66666666666666,75,1,1,3
446,2.125,3.3333333333333335,2.4444444444444446,3.6,3.75,2.611111111111111,3.6666666666666665,7.333333333333333,2.5,3.85,3.1666666666666665,2,1,1,3,2,4,6,11,19.0,-5.0,0.0,100.0,100,1,0,1
447,2.75,4.666666666666667,4.333333333333333,2.3,1.125,1.4444444444444444,4.666666666666667,8.583333333333334,4.25,4.0,2.0,2,4,0,6,3,4,7,16,14.0,5.0,0.0,83.33333333333334,50,3,0,0
448,2.25,3.4444444444444446,3.3333333333333335,2.7,3.875,2.7777777777777777,4.75,5.5,2.25,3.5,2.1666666666666665,1,1,1,2,2,3,5,10,15.0,5.0,40.0,100.0,75,2,1,0
449,3.875,3.7777777777777777,4.777777777777778,4.1,1.0,4.666666666666667,3.4166666666666665,7.083333333333333,4.0,3.55,4.5,3,3,1,6,3,6,9,19,17.0,2.0,60.0,100.0,100,3,0,1
450,3.25,4.111111111111111,4.333333333333333,4.5,3.875,3.1666666666666665,5.166666666666667,5.583333333333333,4.666666666666667,4.2,4.666666666666667,2,6,1,8,3,3,6,17,21.0,3.0,40.0,100.0,50,2,1,0
451,3.375,5.0,5.0,4.5,1.0,4.5,3.9166666666666665,7.25,3.1666666666666665,4.15,3.8333333333333335,3,6,2,9,3,6,9,24,10.0,0.0,40.0,66.66666666666666,100,4,1,1
452,3.375,5.0,5.0,4.6,1.375,4.333333333333333,7.25,9.0,4.083333333333333,4.5,5.0,3,6,0,9,2,5,7,19,21.0,0.0,40.0,83.33333333333334,50,3,0,0
453,2.0,2.888888888888889,3.5555555555555554,3.1,3.375,2.0,5.583333333333333,7.5,3.25,3.55,3.0,0,3,4,3,3,3,6,17,11.0,6.0,40.0,66.66666666666666,75,4,1,3
454,3.0,3.3333333333333335,3.2222222222222223,3.2,3.0,3.5,5.416666666666667,5.0,4.083333333333333,3.85,3.0,2,5,4,7,4,7,11,25,7.0,10.0,40.0,83.33333333333334,100,3,1,3
455,2.5,4.0,4.444444444444445,3.4,2.25,3.0555555555555554,5.25,7.0,3.3333333333333335,3.9,4.0,1,4,1,5,2,3,5,11,26.0,2.0,20.0,83.33333333333334,25,0,1,0
456,4.0,4.222222222222222,4.222222222222222,3.3,2.375,3.2777777777777777,5.833333333333333,6.0,1.6666666666666667,3.7,2.8333333333333335,3,4,1,7,2,4,6,16,16.0,2.0,40.0,83.33333333333334,75,2,0,1
457,3.875,4.888888888888889,5.0,2.8,1.625,3.1666666666666665,3.0833333333333335,8.916666666666666,3.8333333333333335,4.05,4.666666666666667,2,5,1,7,2,3,5,16,14.0,0.0,60.0,33.33333333333333,50,3,1,0
458,2.875,3.7777777777777777,4.444444444444445,4.2,2.375,3.388888888888889,6.25,5.083333333333333,2.8333333333333335,3.25,3.5,2,5,0,7,3,4,7,16,21.0,2.0,40.0,83.33333333333334,75,2,0,0
459,1.25,4.222222222222222,3.3333333333333335,3.8,4.125,3.7777777777777777,3.75,7.666666666666667,3.5,4.75,4.5,3,6,2,9,3,7,10,24,-2.0,-2.0,40.0,100.0,100,3,0,2
460,2.25,3.7777777777777777,4.333333333333333,2.9,2.0,3.2222222222222223,4.833333333333333,6.416666666666667,4.0,3.45,3.3333333333333335,3,1,2,4,3,4,7,15,5.0,14.0,40.0,66.66666666666666,75,2,0,2
461,2.0,4.666666666666667,5.0,3.9,1.125,4.277777777777778,3.0833333333333335,8.666666666666666,4.166666666666667,4.5,4.666666666666667,1,1,1,2,2,2,4,11,19.0,-5.0,60.0,66.66666666666666,75,4,0,1
462,3.375,4.222222222222222,4.333333333333333,3.9,2.0,3.2777777777777777,2.9166666666666665,7.583333333333333,2.25,3.25,2.6666666666666665,3,4,0,7,2,2,4,12,18.0,-5.0,40.0,100.0,25,1,0,0
463,3.0,4.444444444444445,2.5555555555555554,2.0,4.75,2.7222222222222223,3.8333333333333335,7.75,1.9166666666666667,4.75,4.0,3,6,2,9,4,6,10,23,9.0,7.0,60.0,100.0,100,2,1,1
464,1.5,4.555555555555555,3.0,4.0,4.0,3.8333333333333335,3.75,6.583333333333333,3.1666666666666665,4.6,3.5,2,0,4,2,2,4,6,13,19.0,5.0,40.0,83.33333333333334,50,1,1,3
465,3.625,2.5555555555555554,3.0,3.2,2.625,2.888888888888889,7.833333333333333,8.166666666666666,3.25,2.85,2.8333333333333335,1,2,0,3,0,5,5,11,11.0,8.0,60.0,100.0,50,3,0,0
466,2.125,3.111111111111111,2.888888888888889,4.0,4.5,3.2777777777777777,6.25,8.333333333333334,3.8333333333333335,3.55,3.3333333333333335,3,6,4,9,4,6,10,24,14.0,24.0,60.0,83.33333333333334,75,1,1,3
467,1.5,3.888888888888889,3.7777777777777777,3.2,3.5,2.4444444444444446,4.083333333333333,7.416666666666667,3.6666666666666665,3.4,3.3333333333333335,1,0,0,1,1,4,5,8,22.0,0.0,40.0,66.66666666666666,75,2,0,0
468,3.0,4.444444444444445,4.777777777777778,2.5,2.875,3.0,5.083333333333333,7.416666666666667,4.166666666666667,4.35,2.6666666666666665,3,6,1,9,3,3,6,17,8.0,0.0,100.0,100.0,75,1,1,0
469,2.5,4.888888888888889,4.666666666666667,4.4,2.875,4.388888888888889,3.75,6.0,3.9166666666666665,4.9,4.5,3,6,0,9,2,3,5,15,25.0,5.0,100.0,100.0,75,1,0,0
470,1.625,3.6666666666666665,2.3333333333333335,2.6,3.75,2.388888888888889,5.75,6.8,3.1666666666666665,4.0,2.3333333333333335,2,4,0,6,3,5,8,14,10.0,-11.0,60.0,16.666666666666664,25,0,0,0
471,1.5,4.222222222222222,3.6666666666666665,4.4,3.25,2.2777777777777777,3.0833333333333335,7.166666666666667,3.25,3.8,1.0,3,5,4,8,3,7,10,26,16.0,21.0,40.0,66.66666666666666,100,4,1,3
472,3.0,3.5555555555555554,3.3333333333333335,3.4,2.875,4.0,4.666666666666667,7.833333333333333,2.4166666666666665,3.7,3.1666666666666665,3,6,4,9,2,3,5,21,-1.0,-1.0,60.0,100.0,25,3,1,3
473,4.25,4.0,4.111111111111111,3.6,2.5,3.7222222222222223,3.5833333333333335,7.25,3.6666666666666665,3.75,4.5,3,5,4,8,4,4,8,21,12.0,5.0,60.0,100.0,75,1,1,3
474,4.5,3.5555555555555554,3.6666666666666665,5.0,2.125,3.7777777777777777,6.166666666666667,6.833333333333333,3.75,4.4,4.333333333333333,2,2,0,4,1,4,5,12,23.0,7.0,0.0,83.33333333333334,100,3,0,0
475,1.0,2.7777777777777777,1.7777777777777777,2.4,3.5,2.2222222222222223,4.25,6.083333333333333,3.5833333333333335,3.35,5.0,3,6,4,9,4,6,10,27,1.0,3.0,60.0,83.33333333333334,75,4,1,3
476,1.625,2.3333333333333335,4.888888888888889,3.3,2.0,3.8333333333333335,6.333333333333333,5.166666666666667,3.5833333333333335,2.7,1.3333333333333333,3,6,3,9,4,7,11,27,10.0,12.0,40.0,83.33333333333334,100,4,1,2
477,4.125,5.0,4.888888888888889,3.4,1.875,3.0,5.333333333333333,8.083333333333334,3.25,3.5,1.6666666666666667,0,2,2,2,2,5,7,13,7.0,-5.0,40.0,66.66666666666666,75,2,1,1
478,3.0,5.0,5.0,4.2,2.0,4.444444444444445,8.083333333333334,8.916666666666666,4.5,4.55,4.666666666666667,3,4,1,7,3,7,10,19,21.0,10.0,100.0,16.666666666666664,100,1,0,1
479,2.875,4.555555555555555,4.555555555555555,3.4,1.5,3.1666666666666665,5.166666666666667,5.545454545454546,3.0,3.35,5.0,2,3,0,5,2,7,9,14,20.0,0.0,40.0,83.33333333333334,25,0,0,0
480,3.0,4.555555555555555,4.0,3.4,2.875,3.111111111111111,4.25,6.833333333333333,3.0,3.95,3.3333333333333335,0,2,0,2,2,1,3,5,30.0,10.0,0.0,100.0,75,0,0,0
481,1.25,3.111111111111111,2.3333333333333335,3.7,4.125,3.111111111111111,3.25,7.416666666666667,2.25,3.1,2.3333333333333335,2,4,1,6,2,3,5,15,5.0,-15.0,40.0,66.66666666666666,100,3,1,0
482,2.625,3.3333333333333335,3.6666666666666665,3.6,2.5,3.0555555555555554,5.833333333333333,7.454545454545454,3.4166666666666665,3.05,3.5,2,3,0,5,0,3,3,9,26.0,-3.0,20.0,83.33333333333334,50,1,0,0
483,2.125,4.444444444444445,4.111111111111111,3.4,4.0,2.0555555555555554,4.666666666666667,7.166666666666667,4.25,4.8,1.8333333333333333,2,3,1,5,2,3,5,13,12.0,-5.0,40.0,100.0,50,2,1,0
484,3.75,4.555555555555555,4.222222222222222,3.4,2.5,3.5,3.9166666666666665,6.083333333333333,3.8333333333333335,4.5,3.5,2,4,1,6,2,3,5,13,18.0,-4.0,40.0,66.66666666666666,50,1,1,0
485,3.625,4.111111111111111,4.666666666666667,3.7,2.5,4.888888888888889,5.333333333333333,5.25,4.5,4.15,5.0,3,5,1,8,2,5,7,17,21.0,16.0,40.0,100.0,100,1,1,0
486,1.75,4.555555555555555,4.444444444444445,3.8,1.5,4.0,3.9166666666666665,7.5,4.333333333333333,4.65,4.166666666666667,3,6,0,9,4,6,10,23,12.0,5.0,60.0,83.33333333333334,50,4,0,0
487,2.625,3.2222222222222223,3.888888888888889,4.1,2.125,2.888888888888889,6.25,4.333333333333333,3.25,3.0,3.3333333333333335,0,1,1,1,2,4,6,10,11.0,9.0,40.0,83.33333333333334,75,2,1,0
488,3.5,4.444444444444445,5.0,3.7,1.375,2.3333333333333335,2.9166666666666665,7.75,4.166666666666667,3.2,4.5,3,3,0,6,2,4,6,14,16.0,9.0,40.0,100.0,50,2,0,0
489,4.125,2.7777777777777777,3.888888888888889,3.4,2.5,2.8333333333333335,6.333333333333333,6.916666666666667,2.1666666666666665,2.75,1.1666666666666667,0,0,1,0,2,4,6,7,8.0,-9.0,100.0,0.0,50,0,0,1
490,2.625,3.6666666666666665,2.888888888888889,4.2,4.125,1.7777777777777777,5.416666666666667,7.916666666666667,3.5833333333333335,4.2,2.6666666666666665,3,5,2,8,3,4,7,18,7.0,-10.0,40.0,83.33333333333334,25,1,0,2
491,3.625,3.888888888888889,3.111111111111111,4.3,2.125,3.3333333333333335,4.916666666666667,7.0,3.1666666666666665,2.95,2.0,2,6,0,8,2,3,5,16,14.0,0.0,40.0,100.0,25,3,0,0
492,2.375,4.555555555555555,4.111111111111111,3.1,4.25,3.0555555555555554,5.833333333333333,8.833333333333334,3.0833333333333335,4.0,4.0,1,0,0,1,4,3,7,8,19.0,2.0,40.0,83.33333333333334,25,0,0,0
493,4.125,3.7777777777777777,4.0,3.9,1.75,3.9444444444444446,3.5833333333333335,5.75,3.4166666666666665,2.9,4.166666666666667,3,6,4,9,4,6,10,24,16.0,5.0,60.0,83.33333333333334,75,1,1,3
494,1.25,3.4444444444444446,4.0,4.4,3.5,1.8888888888888888,5.333333333333333,6.083333333333333,3.6666666666666665,4.7,3.1666666666666665,3,3,0,6,3,4,7,16,5.0,-7.0,40.0,83.33333333333334,100,3,0,0
495,4.125,4.222222222222222,4.444444444444445,4.1,2.0,4.055555555555555,6.916666666666667,8.0,3.1666666666666665,3.7,4.0,3,4,2,7,2,3,5,15,10.0,-10.0,40.0,100.0,25,1,1,1
496,2.875,4.555555555555555,4.333333333333333,4.0,1.5,3.0555555555555554,8.416666666666666,7.916666666666667,4.083333333333333,3.95,4.5,3,2,0,5,3,2,5,10,28.0,-2.0,20.0,100.0,50,0,0,0
497,4.0,3.888888888888889,3.7777777777777777,3.5,3.125,3.2222222222222223,8.416666666666666,8.833333333333334,4.75,4.15,4.5,2,1,0,3,2,4,6,13,19.0,2.0,60.0,50.0,50,4,0,0
498,2.125,4.777777777777778,4.666666666666667,2.7,1.5,2.7222222222222223,3.0,7.75,2.8333333333333335,4.4,2.8333333333333335,3,4,1,7,2,3,5,13,7.0,-10.0,20.0,100.0,75,0,1,0
499,2.75,3.6666666666666665,3.5555555555555554,3.6,3.125,3.111111111111111,5.083333333333333,6.833333333333333,3.6666666666666665,3.55,4.0,3,6,3,9,2,7,9,22,18.0,19.0,60.0,50.0,75,1,1,2
500,3.625,4.111111111111111,4.333333333333333,5.0,2.375,4.555555555555555,3.1666666666666665,7.916666666666667,4.5,4.15,5.0,3,6,3,9,2,3,5,18,12.0,5.0,40.0,100.0,50,1,1,2
501,2.25,4.0,3.5555555555555554,4.6,4.25,3.9444444444444446,5.583333333333333,7.333333333333333,4.25,4.05,3.8333333333333335,1,3,3,4,2,2,4,13,19.0,2.0,40.0,66.66666666666666,75,2,0,3
502,3.5,4.777777777777778,3.5555555555555554,1.7,1.625,1.9444444444444444,2.9166666666666665,7.0,3.5833333333333335,3.8,1.1666666666666667,2,4,2,6,2,7,9,18,18.0,-2.0,60.0,100.0,50,1,1,1
503,2.125,4.111111111111111,4.111111111111111,3.3,2.375,2.111111111111111,3.6666666666666665,7.833333333333333,4.416666666666667,3.55,4.0,2,2,2,4,1,5,6,13,2.0,-15.0,40.0,100.0,75,1,1,1
504,2.5,3.4444444444444446,5.0,4.1,1.0,4.277777777777778,3.6666666666666665,6.0,4.75,2.95,4.333333333333333,3,1,2,4,2,5,7,17,-13.0,-13.0,100.0,0.0,75,4,0,2
505,2.25,3.0,4.222222222222222,3.7,3.0,4.055555555555555,5.0,7.25,2.3333333333333335,3.9,4.333333333333333,1,6,3,7,4,6,10,21,11.0,8.0,60.0,83.33333333333334,100,1,1,2
506,2.125,3.7777777777777777,4.111111111111111,4.9,1.625,4.0,5.0,5.416666666666667,3.25,2.55,1.3333333333333333,1,1,0,2,3,4,7,12,-7.0,-5.0,100.0,100.0,25,3,0,0
507,2.5,4.555555555555555,4.777777777777778,3.8,1.875,2.5,7.25,8.75,3.5,3.45,4.333333333333333,1,2,0,3,3,5,8,12,13.0,-5.0,40.0,50.0,50,1,0,0
508,3.5,2.7777777777777777,2.111111111111111,4.1,4.0,3.888888888888889,5.583333333333333,4.75,3.3333333333333335,4.05,1.0,1,1,3,2,2,3,5,11,19.0,5.0,40.0,66.66666666666666,50,1,1,2
509,3.375,3.111111111111111,3.0,3.4,3.125,3.0555555555555554,7.833333333333333,8.083333333333334,4.416666666666667,3.15,4.333333333333333,2,1,1,3,1,1,2,7,23.0,10.0,40.0,83.33333333333334,50,1,0,1
510,3.625,3.3333333333333335,4.888888888888889,4.7,1.5,4.0,8.666666666666666,8.583333333333334,3.5,4.0,5.0,3,2,0,5,2,3,5,14,16.0,10.0,60.0,66.66666666666666,50,4,0,0
511,3.875,4.777777777777778,5.0,4.1,1.375,4.5,6.333333333333333,5.333333333333333,3.9166666666666665,4.25,4.666666666666667,3,6,1,9,3,5,8,22,18.0,10.0,40.0,66.66666666666666,75,4,0,1
512,3.125,4.444444444444445,4.444444444444445,4.2,3.375,4.222222222222222,8.166666666666666,8.25,4.166666666666667,4.45,4.666666666666667,2,4,1,6,2,4,6,15,15.0,5.0,40.0,83.33333333333334,75,2,1,0
513,4.0,4.0,3.6666666666666665,3.7,3.25,3.3333333333333335,8.416666666666666,8.666666666666666,3.75,3.85,4.333333333333333,2,1,0,3,0,1,1,8,27.0,5.0,40.0,50.0,50,4,0,0
514,2.875,4.555555555555555,4.666666666666667,1.5,1.5,2.6666666666666665,3.4166666666666665,7.75,3.5,3.25,2.0,2,5,0,7,2,6,8,18,12.0,-5.0,40.0,66.66666666666666,50,3,0,0
515,3.375,4.0,4.888888888888889,4.1,1.0,4.944444444444445,6.5,3.9166666666666665,4.083333333333333,3.45,4.5,3,6,4,9,4,7,11,27,8.0,1.0,40.0,83.33333333333334,50,3,1,3
516,3.25,4.333333333333333,4.555555555555555,4.2,2.375,3.888888888888889,4.5,7.666666666666667,3.75,3.55,4.0,3,3,1,6,2,3,5,15,15.0,-2.0,60.0,83.33333333333334,100,3,1,0
517,2.0,2.3333333333333335,3.4444444444444446,4.3,3.375,3.2777777777777777,4.666666666666667,7.5,4.25,3.4,5.0,0,3,1,3,2,4,6,12,-2.0,-15.0,40.0,83.33333333333334,100,2,1,0
518,4.875,4.444444444444445,5.0,4.8,1.0,4.277777777777778,7.666666666666667,8.166666666666666,3.1666666666666665,4.2,4.333333333333333,3,5,1,8,3,5,8,17,16.0,6.0,40.0,83.33333333333334,50,0,1,0
519,2.25,3.888888888888889,3.4444444444444446,1.4,2.375,2.0555555555555554,3.8333333333333335,8.0,4.0,3.7,1.5,2,1,1,3,2,3,5,12,17.0,9.0,60.0,100.0,25,3,1,0
520,2.625,3.5555555555555554,3.7777777777777777,3.8,1.0,3.5,3.4166666666666665,7.25,4.75,3.6,3.8333333333333335,3,4,1,7,2,3,5,14,6.0,-5.0,60.0,50.0,75,1,0,1
521,1.5,4.666666666666667,4.444444444444445,4.5,2.5,3.9444444444444446,3.1666666666666665,6.545454545454546,4.0,3.9,3.6666666666666665,2,6,1,8,1,4,5,16,9.0,-5.0,60.0,83.33333333333334,75,2,0,1
522,3.0,2.111111111111111,3.5555555555555554,4.4,3.5,4.0,4.333333333333333,5.833333333333333,2.25,4.1,4.5,3,6,1,9,4,7,11,24,14.0,18.0,60.0,83.33333333333334,100,3,0,1
523,3.25,4.888888888888889,4.888888888888889,3.6,2.25,2.5,5.0,7.0,4.333333333333333,3.8,4.666666666666667,0,1,0,1,2,4,6,7,25.0,-6.0,100.0,83.33333333333334,25,0,0,0
524,1.625,4.777777777777778,2.888888888888889,3.7,4.375,3.9444444444444446,2.9166666666666665,7.5,3.6666666666666665,4.3,4.666666666666667,2,5,0,7,2,4,6,16,14.0,-5.0,60.0,66.66666666666666,50,3,0,0
525,2.375,4.0,4.0,3.0,2.0,3.5555555555555554,4.5,6.166666666666667,3.75,3.3,3.8333333333333335,3,3,4,6,3,7,10,24,6.0,5.0,40.0,83.33333333333334,50,4,1,3
526,4.875,4.777777777777778,5.0,4.6,1.0,4.833333333333333,5.083333333333333,7.166666666666667,3.75,4.6,3.8333333333333335,3,6,1,9,3,5,8,20,14.0,-4.0,60.0,50.0,25,2,1,0
527,2.625,3.3333333333333335,3.7777777777777777,4.6,3.0,3.7222222222222223,4.666666666666667,5.5,4.0,4.25,2.6666666666666665,3,6,4,9,2,7,9,25,10.0,0.0,100.0,100.0,75,3,1,3
528,1.75,3.6666666666666665,2.888888888888889,3.5,3.625,2.888888888888889,3.75,6.5,3.0,3.25,4.0,2,3,2,5,2,3,5,13,11.0,9.0,60.0,83.33333333333334,75,1,0,2
529,3.75,3.3333333333333335,3.5555555555555554,4.0,2.375,3.0,7.0,7.0,4.666666666666667,4.3,3.3333333333333335,2,2,0,4,3,4,7,14,16.0,2.0,100.0,100.0,50,3,0,0
530,4.0,4.0,3.888888888888889,4.3,2.125,4.111111111111111,6.857142857142857,5.5,3.6666666666666665,3.15,3.3333333333333335,3,6,2,9,2,7,9,24,9.0,5.0,60.0,100.0,100,4,0,2
531,3.625,4.666666666666667,4.111111111111111,3.9,2.375,3.2777777777777777,4.083333333333333,7.583333333333333,2.9166666666666665,4.45,4.333333333333333,3,4,1,7,2,5,7,17,13.0,2.0,40.0,33.33333333333333,75,2,1,0
532,4.375,4.666666666666667,4.0,4.0,1.875,3.7222222222222223,5.333333333333333,5.916666666666667,2.6666666666666665,4.25,2.8333333333333335,2,1,3,3,2,3,5,12,28.0,5.0,40.0,83.33333333333334,75,1,1,2
533,2.25,4.333333333333333,5.0,3.6,2.875,2.7777777777777777,3.25,7.5,2.75,3.9,4.0,3,5,1,8,3,4,7,18,10.0,3.0,60.0,33.33333333333333,50,2,1,0
534,3.375,4.333333333333333,4.444444444444445,3.5,2.0,3.6666666666666665,5.583333333333333,6.5,3.25,3.5,3.3333333333333335,3,4,1,7,3,5,8,18,20.0,3.0,100.0,83.33333333333334,100,2,1,0
535,3.0,3.2222222222222223,2.3333333333333335,4.7,4.25,4.333333333333333,7.416666666666667,5.75,1.9166666666666667,4.8,2.1666666666666665,3,6,1,9,4,7,11,23,12.0,10.0,40.0,100.0,100,2,1,0
536,2.75,2.888888888888889,4.666666666666667,5.0,2.25,4.666666666666667,6.583333333333333,4.166666666666667,3.3333333333333335,3.2,1.3333333333333333,3,6,4,9,4,7,11,25,17.0,7.0,100.0,83.33333333333334,50,1,1,3
537,1.0,4.444444444444445,4.444444444444445,2.9,2.375,1.0555555555555556,3.0,6.25,4.416666666666667,3.9,4.333333333333333,3,4,0,7,2,1,3,13,-7.0,-16.0,0.0,50.0,100,3,0,0
538,3.75,4.111111111111111,3.7777777777777777,3.7,3.0,3.111111111111111,5.0,6.75,4.25,3.65,1.6666666666666667,3,3,2,6,3,2,5,16,7.0,-7.0,60.0,66.66666666666666,100,3,1,1
539,2.75,3.4444444444444446,4.111111111111111,3.9,4.0,3.2777777777777777,6.666666666666667,6.916666666666667,2.9166666666666665,3.95,3.5,2,2,2,4,2,2,4,12,16.0,-2.0,40.0,100.0,50,2,1,1
540,2.875,3.4444444444444446,3.888888888888889,3.4,2.5,3.111111111111111,4.333333333333333,6.166666666666667,3.25,3.15,3.6666666666666665,1,0,1,1,2,1,3,5,30.0,5.0,80.0,66.66666666666666,100,0,1,0
541,2.125,3.3333333333333335,2.7777777777777777,3.6,2.875,3.0555555555555554,4.416666666666667,6.5,3.8333333333333335,3.45,4.0,3,5,0,8,3,6,9,19,19.0,8.0,40.0,83.33333333333334,100,2,0,0
542,2.375,2.7777777777777777,4.777777777777778,2.1,4.75,1.4444444444444444,3.25,5.916666666666667,1.5,4.15,3.8333333333333335,2,4,1,6,3,5,8,17,-2.0,-13.0,0.0,66.66666666666666,50,2,1,0
543,3.125,4.444444444444445,4.444444444444445,4.7,2.625,3.9444444444444446,4.333333333333333,7.583333333333333,3.3333333333333335,3.4,4.166666666666667,3,4,3,7,3,3,6,17,13.0,-5.0,60.0,66.66666666666666,100,1,1,2
544,3.875,3.4444444444444446,3.888888888888889,3.8,2.625,3.6666666666666665,5.0,5.166666666666667,3.75,3.75,2.8333333333333335,3,1,1,4,2,3,5,13,7.0,0.0,0.0,100.0,75,3,1,0
545,2.25,4.111111111111111,5.0,3.7,1.75,3.388888888888889,6.083333333333333,8.083333333333334,4.916666666666667,3.45,5.0,2,2,0,4,2,3,5,9,-3.0,-14.0,60.0,33.33333333333333,75,0,0,0
546,2.75,3.3333333333333335,2.5555555555555554,3.0,2.875,2.7777777777777777,4.75,4.75,3.0,2.85,3.6666666666666665,0,1,1,1,3,3,6,9,29.0,8.0,60.0,83.33333333333334,25,1,1,0
547,3.125,4.0,4.0,3.4,2.0,3.3333333333333335,7.454545454545454,8.166666666666666,3.75,3.45,4.166666666666667,1,1,0,2,1,2,3,8,33.0,21.0,0.0,83.33333333333334,75,3,0,0
548,2.625,3.4444444444444446,3.5555555555555554,3.5,3.75,3.1666666666666665,3.6666666666666665,7.833333333333333,3.3333333333333335,3.7,3.0,3,6,0,9,3,5,8,19,7.0,-3.0,40.0,100.0,75,2,0,0
549,2.875,4.555555555555555,4.888888888888889,4.3,2.125,4.111111111111111,8.0,7.75,4.75,4.2,4.166666666666667,3,5,1,8,2,6,8,18,22.0,5.0,100.0,100.0,75,1,0,1
550,3.375,3.6666666666666665,3.4444444444444446,4.2,2.125,3.611111111111111,5.166666666666667,6.666666666666667,4.0,3.05,3.8333333333333335,2,1,4,3,2,3,5,15,20.0,20.0,100.0,100.0,75,3,1,3
551,3.5,3.6666666666666665,4.111111111111111,4.0,1.875,3.5555555555555554,5.75,7.166666666666667,3.3333333333333335,3.2,3.8333333333333335,3,5,1,8,2,3,5,14,16.0,3.0,40.0,33.33333333333333,100,0,1,0
552,1.125,2.888888888888889,1.8888888888888888,3.1,4.625,3.1666666666666665,4.0,6.083333333333333,2.0833333333333335,4.35,4.333333333333333,2,3,3,5,4,6,10,22,3.0,-5.0,40.0,83.33333333333334,25,4,1,2
553,2.125,3.3333333333333335,4.111111111111111,3.2,2.125,3.4444444444444446,3.5833333333333335,6.083333333333333,3.9166666666666665,3.35,4.0,2,1,0,3,1,3,4,9,-4.0,-5.0,40.0,66.66666666666666,100,2,0,0
554,3.0,5.0,4.111111111111111,2.2,4.875,2.8333333333333335,6.416666666666667,8.75,3.3333333333333335,4.2,4.0,3,1,2,4,1,3,4,11,19.0,-12.0,0.0,100.0,25,1,1,1
555,3.375,3.7777777777777777,4.777777777777778,4.2,2.375,3.9444444444444446,4.833333333333333,8.666666666666666,2.9166666666666665,4.05,3.6666666666666665,1,2,0,3,2,3,5,10,17.0,-8.0,60.0,50.0,50,2,0,0
556,2.25,2.3333333333333335,2.6666666666666665,3.7,4.25,1.6111111111111112,3.75,6.25,1.5833333333333333,3.15,3.0,1,3,2,4,2,4,6,13,-3.0,-10.0,40.0,66.66666666666666,50,1,0,2
557,2.875,3.7777777777777777,3.5555555555555554,3.0,2.375,3.2777777777777777,4.5,7.166666666666667,3.6666666666666665,4.0,3.3333333333333335,3,3,3,6,4,5,9,20,10.0,0.0,60.0,66.66666666666666,50,2,1,2
558,2.75,2.888888888888889,3.111111111111111,3.5,3.875,2.7222222222222223,4.333333333333333,4.833333333333333,2.6666666666666665,2.75,2.5,2,1,0,3,0,4,4,11,29.0,0.0,80.0,66.66666666666666,50,4,0,0
559,4.375,3.4444444444444446,3.7777777777777777,3.9,4.25,4.166666666666667,5.583333333333333,5.833333333333333,2.8333333333333335,4.55,4.666666666666667,2,3,2,5,2,5,7,15,15.0,-8.0,40.0,100.0,75,1,1,1
560,4.125,2.5555555555555554,3.888888888888889,4.3,3.5,3.5555555555555554,5.666666666666667,6.25,3.4166666666666665,3.65,3.0,3,6,2,9,4,7,11,24,10.0,13.0,40.0,83.33333333333334,75,2,1,1
561,1.125,4.666666666666667,4.111111111111111,3.1,3.5,2.5,2.6666666666666665,7.0,3.3333333333333335,4.55,3.8333333333333335,3,5,3,8,0,4,4,19,15.0,-2.0,60.0,66.66666666666666,100,4,0,3
562,4.5,5.0,5.0,3.2,1.25,2.111111111111111,4.0,8.166666666666666,2.75,4.05,4.833333333333333,1,4,0,5,2,3,5,10,21.0,4.0,60.0,100.0,100,0,0,0
563,1.375,4.777777777777778,4.444444444444445,3.6,3.125,4.111111111111111,3.8333333333333335,8.25,4.333333333333333,4.55,4.833333333333333,3,5,2,8,3,6,9,23,7.0,5.0,40.0,66.66666666666666,100,4,0,2
564,4.25,4.222222222222222,4.333333333333333,3.8,1.875,3.7222222222222223,6.0,8.333333333333334,4.083333333333333,4.45,5.0,1,0,0,1,2,4,6,9,12.0,0.0,100.0,100.0,50,2,0,0
565,3.125,3.111111111111111,3.4444444444444446,2.9,3.5,3.0,5.25,6.333333333333333,3.5,2.7,3.3333333333333335,3,2,0,5,1,2,3,10,5.0,-15.0,0.0,100.0,75,2,0,0
566,2.75,3.7777777777777777,3.0,3.4,3.125,2.6666666666666665,4.833333333333333,6.916666666666667,3.5,3.6,2.0,2,1,2,3,1,2,3,8,16.0,3.0,0.0,83.33333333333334,25,0,1,1
567,3.875,2.888888888888889,3.0,4.3,4.375,3.6666666666666665,4.416666666666667,7.0,2.75,3.65,2.5,2,3,0,5,2,3,5,12,18.0,10.0,40.0,83.33333333333334,75,2,0,0
568,3.25,4.222222222222222,4.666666666666667,4.4,1.75,3.7777777777777777,4.833333333333333,8.0,3.75,3.9,4.666666666666667,3,5,1,8,4,4,8,21,9.0,10.0,40.0,83.33333333333334,100,4,1,0
569,3.375,5.0,5.0,4.5,1.0,4.333333333333333,6.25,7.833333333333333,4.166666666666667,4.05,4.0,3,6,1,9,1,4,5,15,21.0,6.0,40.0,50.0,100,0,0,1
570,2.125,4.111111111111111,3.2222222222222223,4.5,2.875,3.3333333333333335,2.8333333333333335,6.5,2.75,3.6,4.166666666666667,3,6,2,9,2,6,8,19,2.0,-9.0,40.0,83.33333333333334,75,0,1,1
571,1.0,3.6666666666666665,2.3333333333333335,1.9,4.625,1.8333333333333333,3.0833333333333335,5.583333333333333,4.333333333333333,3.25,3.1666666666666665,3,6,3,9,2,2,4,20,10.0,10.0,100.0,83.33333333333334,75,4,0,3
572,2.875,3.5555555555555554,3.2222222222222223,3.8,3.25,2.888888888888889,8.416666666666666,9.0,5.0,3.8,5.0,1,1,1,2,2,3,5,9,33.0,2.0,40.0,100.0,25,1,0,1
573,4.0,3.888888888888889,4.0,4.0,2.0,4.0,3.8333333333333335,6.25,3.9166666666666665,4.0,4.0,3,6,0,9,3,7,10,22,-1.0,0.0,60.0,83.33333333333334,50,3,0,0
574,3.5,4.111111111111111,4.0,3.6,2.5,4.055555555555555,6.833333333333333,7.666666666666667,4.0,3.45,3.6666666666666665,3,4,2,7,3,5,8,19,11.0,5.0,60.0,100.0,75,2,1,1
575,2.875,4.666666666666667,4.777777777777778,4.6,3.5,3.888888888888889,3.4166666666666665,7.5,4.083333333333333,4.45,4.166666666666667,2,4,1,6,1,4,5,12,12.0,-4.0,40.0,83.33333333333334,75,0,1,0
576,1.25,4.666666666666667,4.111111111111111,4.4,4.5,4.277777777777778,5.416666666666667,8.666666666666666,2.3333333333333335,4.6,4.833333333333333,3,4,1,7,2,3,5,16,-1.0,-20.0,40.0,50.0,100,3,0,1
577,1.875,3.111111111111111,2.3333333333333335,2.6,4.25,1.4444444444444444,4.333333333333333,5.5,3.1666666666666665,3.5,3.0,2,1,1,3,3,3,6,12,-1.0,-11.0,40.0,33.33333333333333,75,2,1,0
578,2.75,4.555555555555555,4.444444444444445,4.3,2.25,4.722222222222222,5.583333333333333,7.75,4.666666666666667,4.1,4.666666666666667,2,3,2,5,3,7,10,17,18.0,7.0,60.0,50.0,25,0,1,1
579,1.5,3.3333333333333335,2.7777777777777777,3.7,4.5,2.611111111111111,5.666666666666667,6.75,1.8333333333333333,4.6,3.3333333333333335,2,5,0,7,3,5,8,18,12.0,-5.0,60.0,83.33333333333334,100,3,0,0
580,3.125,4.222222222222222,4.555555555555555,3.8,2.375,3.3333333333333335,5.166666666666667,6.166666666666667,3.1666666666666665,3.6,3.8333333333333335,3,3,0,6,2,2,4,11,24.0,15.0,40.0,50.0,75,1,0,0
581,3.0,4.0,4.444444444444445,3.8,2.0,3.3333333333333335,7.166666666666667,8.25,4.166666666666667,3.7,4.666666666666667,3,3,1,6,2,7,9,17,20.0,7.0,100.0,66.66666666666666,25,1,1,0
582,2.875,4.111111111111111,3.888888888888889,2.8,2.125,2.7777777777777777,2.5,4.916666666666667,3.5,3.5,2.6666666666666665,2,3,1,5,3,4,7,16,16.0,17.0,60.0,83.33333333333334,100,3,1,0
583,3.75,4.333333333333333,4.0,3.3,2.75,1.9444444444444444,4.666666666666667,7.916666666666667,3.4166666666666665,3.85,2.8333333333333335,2,6,0,8,3,5,8,17,4.0,-9.0,60.0,83.33333333333334,100,1,0,0
584,3.25,3.5555555555555554,4.111111111111111,4.4,3.5,3.611111111111111,6.166666666666667,8.75,1.75,4.45,3.6666666666666665,2,3,1,5,1,4,5,13,-2.0,-19.0,0.0,100.0,75,2,1,0
585,1.125,1.8888888888888888,1.2222222222222223,2.9,4.25,2.8333333333333335,5.5,5.416666666666667,3.0833333333333335,3.2,2.5,3,6,0,9,2,2,4,15,1.0,6.0,100.0,83.33333333333334,75,2,0,0
586,3.25,4.666666666666667,5.0,3.6,1.875,2.111111111111111,4.166666666666667,8.5,4.75,4.95,4.833333333333333,2,3,2,5,2,1,3,13,15.0,-2.0,40.0,83.33333333333334,75,3,1,1
587,1.875,1.8888888888888888,4.777777777777778,2.4,1.75,1.3888888888888888,4.583333333333333,4.5,3.6666666666666665,2.25,1.8333333333333333,3,4,1,7,2,3,5,16,18.0,2.0,40.0,66.66666666666666,75,3,1,0
588,1.375,3.6666666666666665,2.0,4.2,4.75,3.8333333333333335,6.333333333333333,5.916666666666667,3.1666666666666665,4.0,3.8333333333333335,1,5,4,6,2,5,7,20,10.0,2.0,40.0,100.0,50,3,1,3
589,3.875,4.777777777777778,5.0,4.6,1.125,4.166666666666667,4.916666666666667,7.083333333333333,3.5833333333333335,4.05,4.5,3,2,0,5,1,3,4,13,8.0,0.0,40.0,50.0,25,4,0,0
590,3.625,3.5555555555555554,4.555555555555555,4.7,2.875,3.8333333333333335,7.583333333333333,7.916666666666667,4.333333333333333,4.15,5.0,3,5,1,8,2,2,4,14,7.0,0.0,40.0,83.33333333333334,25,1,1,0
591,2.375,4.111111111111111,3.7777777777777777,2.9,1.375,3.3333333333333335,3.5,7.25,2.3333333333333335,3.9,3.1666666666666665,3,5,4,8,4,7,11,24,11.0,3.0,60.0,100.0,100,1,1,3
592,1.5,4.555555555555555,4.555555555555555,1.9,2.625,2.888888888888889,2.75,8.166666666666666,3.0,4.85,4.0,3,4,0,7,2,5,7,14,10.0,10.0,80.0,66.66666666666666,75,0,0,0
593,3.375,4.666666666666667,4.777777777777778,3.6,1.125,4.611111111111111,7.0,6.5,4.416666666666667,4.25,4.333333333333333,3,6,0,9,3,5,8,21,17.0,13.0,40.0,66.66666666666666,75,4,0,0
594,3.125,4.888888888888889,3.7777777777777777,2.6,2.75,2.7222222222222223,5.5,6.916666666666667,4.333333333333333,2.65,4.0,1,1,2,2,3,3,6,12,18.0,0.0,60.0,100.0,100,2,0,2
595,4.875,5.0,5.0,4.3,1.0,4.777777777777778,5.0,8.25,4.083333333333333,4.05,4.166666666666667,3,4,1,7,3,5,8,16,14.0,5.0,40.0,66.66666666666666,25,0,0,1
596,3.375,4.444444444444445,4.555555555555555,4.6,2.75,3.8333333333333335,4.666666666666667,7.083333333333333,3.9166666666666665,3.8,3.5,1,6,4,7,2,3,5,19,11.0,6.0,60.0,100.0,100,3,1,3
597,2.5,4.666666666666667,4.444444444444445,3.6,3.75,3.111111111111111,2.6666666666666665,7.5,2.8333333333333335,4.5,2.3333333333333335,3,3,0,6,2,4,6,16,9.0,-7.0,40.0,83.33333333333334,75,4,0,0
598,3.125,3.2222222222222223,3.4444444444444446,4.7,4.0,4.944444444444445,5.5,8.0,3.6666666666666665,4.2,4.5,3,6,0,9,2,5,7,17,13.0,5.0,40.0,83.33333333333334,50,1,0,0
599,4.625,3.888888888888889,5.0,4.5,1.625,4.5,5.083333333333333,5.75,3.0833333333333335,3.6,3.6666666666666665,2,1,3,3,1,2,3,10,25.0,5.0,60.0,83.33333333333334,75,1,1,2
600,1.875,3.6666666666666665,3.3333333333333335,3.7,3.125,3.2777777777777777,4.25,6.833333333333333,2.75,4.3,4.0,3,6,1,9,4,4,8,21,13.0,0.0,60.0,100.0,75,3,1,0
601,3.875,4.0,4.666666666666667,4.3,1.75,4.888888888888889,4.416666666666667,5.0,3.5,3.8,4.0,3,6,4,9,3,7,10,27,10.0,19.0,40.0,100.0,100,4,1,3
602,2.125,3.7777777777777777,2.888888888888889,1.8,2.375,3.5,4.166666666666667,7.083333333333333,2.3333333333333335,3.6,3.0,3,4,4,7,4,7,11,25,3.0,7.0,40.0,100.0,75,3,1,3
603,1.875,3.888888888888889,3.3333333333333335,3.9,2.75,4.444444444444445,4.5,6.833333333333333,4.25,4.8,3.1666666666666665,2,6,4,8,2,6,8,22,10.0,17.0,40.0,66.66666666666666,75,2,1,3
604,3.25,4.222222222222222,4.888888888888889,3.8,1.75,3.5555555555555554,5.083333333333333,6.25,3.5833333333333335,3.35,3.8333333333333335,2,5,4,7,4,7,11,26,9.0,10.0,40.0,83.33333333333334,100,4,1,3
605,2.0,3.4444444444444446,3.888888888888889,3.6,3.25,4.055555555555555,5.166666666666667,6.666666666666667,4.0,4.25,3.5,2,5,2,7,4,3,7,18,12.0,15.0,40.0,66.66666666666666,100,2,1,1
606,2.875,3.7777777777777777,4.333333333333333,3.8,2.625,4.111111111111111,6.25,8.333333333333334,4.25,4.15,3.3333333333333335,0,3,0,3,2,2,4,9,18.0,-5.0,60.0,66.66666666666666,75,2,0,0
607,3.25,4.555555555555555,4.444444444444445,4.4,2.875,4.111111111111111,6.25,8.0,4.0,4.8,4.333333333333333,1,2,2,3,3,2,5,12,18.0,-5.0,40.0,100.0,75,2,1,1
608,3.25,4.777777777777778,4.777777777777778,3.3,2.0,3.2222222222222223,6.5,9.0,4.333333333333333,3.85,4.333333333333333,0,2,1,2,2,5,7,11,13.0,8.0,40.0,66.66666666666666,75,1,1,0
609,1.875,3.3333333333333335,4.444444444444445,3.8,2.5,3.8333333333333335,4.5,7.583333333333333,2.3333333333333335,4.45,3.0,3,5,0,8,3,5,8,17,1.0,-8.0,40.0,100.0,100,1,0,0
610,2.5,3.888888888888889,3.7777777777777777,3.8,2.5,3.3333333333333335,3.8333333333333335,5.0,2.75,3.5,2.3333333333333335,2,5,0,7,2,4,6,13,17.0,3.0,40.0,66.66666666666666,100,0,0,0
611,3.0,3.4444444444444446,5.0,4.4,1.0,3.5,7.083333333333333,5.25,3.8333333333333335,3.2,1.0,2,3,0,5,4,7,11,19,11.0,18.0,60.0,83.33333333333334,50,3,0,0
612,4.875,4.888888888888889,4.444444444444445,4.8,1.0,4.833333333333333,4.083333333333333,8.166666666666666,4.416666666666667,4.45,3.0,3,6,2,9,4,5,9,22,14.0,8.0,60.0,83.33333333333334,100,2,0,2
613,3.375,4.111111111111111,4.444444444444445,4.2,3.0,3.9444444444444446,3.4166666666666665,7.166666666666667,3.4166666666666665,4.6,3.8333333333333335,3,6,4,9,3,7,10,26,-4.0,1.0,60.0,100.0,75,3,1,3
614,2.375,3.888888888888889,3.3333333333333335,4.8,1.625,5.0,3.25,7.583333333333333,2.4166666666666665,4.1,4.833333333333333,2,6,4,8,2,3,5,18,17.0,0.0,60.0,83.33333333333334,75,1,1,3
615,1.875,2.5555555555555554,3.888888888888889,4.6,3.875,4.666666666666667,4.5,3.8333333333333335,3.75,3.35,4.833333333333333,3,6,3,9,4,6,10,24,18.0,9.0,20.0,83.33333333333334,75,2,0,3
616,2.625,2.5555555555555554,3.111111111111111,3.7,3.5,2.0555555555555554,3.75,7.083333333333333,2.6666666666666665,4.05,3.8333333333333335,3,6,2,9,3,6,9,23,14.0,7.0,40.0,100.0,100,3,0,2
617,2.875,3.888888888888889,2.888888888888889,3.5,3.75,2.2777777777777777,3.25,7.416666666666667,3.0,3.75,3.0,3,6,4,9,4,5,9,25,14.0,9.0,40.0,83.33333333333334,100,3,1,3
618,1.875,4.222222222222222,3.6666666666666665,3.1,2.875,2.9444444444444446,4.5,5.833333333333333,3.6666666666666665,3.85,3.5,1,0,2,1,2,4,6,12,11.0,8.0,40.0,50.0,100,3,0,2
619,4.0,3.4444444444444446,5.0,3.8,1.75,4.111111111111111,4.333333333333333,6.416666666666667,4.333333333333333,3.8,2.8333333333333335,2,4,0,6,2,4,6,14,13.0,-3.0,60.0,100.0,25,2,0,0
620,3.75,3.7777777777777777,3.6666666666666665,4.0,3.75,2.611111111111111,3.75,6.5,1.75,3.5,1.6666666666666667,2,4,4,6,2,4,6,19,11.0,5.0,0.0,83.33333333333334,100,3,1,3
621,2.125,3.6666666666666665,4.333333333333333,4.6,3.125,3.5555555555555554,3.9166666666666665,7.25,4.25,2.65,4.333333333333333,3,3,1,6,3,3,6,14,6.0,-10.0,40.0,66.66666666666666,75,1,1,0
622,3.875,4.666666666666667,4.111111111111111,3.4,1.375,3.2777777777777777,6.333333333333333,8.666666666666666,4.416666666666667,4.5,4.5,3,1,0,4,1,3,4,10,10.0,-5.0,40.0,83.33333333333334,75,2,0,0
623,2.625,4.555555555555555,4.333333333333333,4.0,1.75,3.3333333333333335,5.583333333333333,6.416666666666667,4.0,3.25,2.5,2,6,0,8,1,3,4,12,13.0,-5.0,20.0,50.0,50,0,0,0
624,4.375,4.888888888888889,4.0,5.0,1.0,4.944444444444445,4.333333333333333,6.916666666666667,3.3333333333333335,4.1,4.666666666666667,3,5,3,8,3,7,10,22,14.0,6.0,0.0,100.0,50,1,0,3
625,2.25,2.6666666666666665,2.5555555555555554,4.0,3.125,4.111111111111111,7.0,7.833333333333333,3.3333333333333335,4.4,4.333333333333333,2,5,1,7,2,5,7,17,19.0,4.0,40.0,66.66666666666666,50,2,1,0
626,2.875,4.0,3.6666666666666665,3.6,2.5,3.5,8.0,8.25,4.083333333333333,3.85,4.0,2,3,0,5,3,3,6,14,16.0,5.0,60.0,100.0,75,3,0,0
627,1.75,1.2222222222222223,4.888888888888889,2.7,2.125,2.5555555555555554,3.5833333333333335,3.0,4.25,1.5,1.5,3,6,2,9,3,5,8,22,8.0,0.0,40.0,83.33333333333334,50,3,1,1
628,3.0,3.7777777777777777,3.6666666666666665,3.7,3.375,3.2222222222222223,7.083333333333333,7.833333333333333,3.8333333333333335,3.7,3.3333333333333335,2,3,0,5,2,2,4,9,14.0,2.0,40.0,83.33333333333334,75,0,0,0
629,1.25,3.4444444444444446,2.4444444444444446,4.8,4.5,3.9444444444444446,2.5833333333333335,6.666666666666667,3.5833333333333335,4.8,4.166666666666667,3,4,3,7,3,5,8,21,7.0,-6.0,60.0,50.0,75,3,1,2
630,4.625,4.0,4.888888888888889,3.9,1.625,4.277777777777778,4.416666666666667,7.25,3.3333333333333335,4.05,4.0,3,3,1,6,1,2,3,12,16.0,8.0,60.0,66.66666666666666,100,2,0,1
631,3.5,4.222222222222222,2.888888888888889,1.8,4.625,1.9444444444444444,4.833333333333333,8.5,2.5833333333333335,4.35,1.5,2,0,3,2,0,3,3,8,17.0,-5.0,100.0,83.33333333333334,0,0,1,2
632,4.375,4.777777777777778,4.555555555555555,4.3,1.5,3.7777777777777777,4.333333333333333,6.166666666666667,3.5833333333333335,3.9,4.833333333333333,2,2,1,4,2,5,7,12,18.0,-5.0,60.0,83.33333333333334,25,0,1,0
633,1.75,4.111111111111111,4.0,4.4,2.5,3.9444444444444446,3.5833333333333335,7.833333333333333,2.75,4.1,3.5,3,5,2,8,3,6,9,22,13.0,7.0,60.0,83.33333333333334,75,3,0,2
634,1.0,2.888888888888889,3.0,3.4,3.75,3.2222222222222223,2.75,6.833333333333333,4.166666666666667,4.7,4.833333333333333,3,4,3,7,3,3,6,19,-9.0,-15.0,60.0,100.0,25,3,1,2
635,3.625,4.888888888888889,4.555555555555555,4.1,1.75,3.111111111111111,7.083333333333333,7.333333333333333,3.75,3.25,4.833333333333333,3,6,1,9,4,7,11,25,7.0,12.0,40.0,33.33333333333333,50,4,1,0
636,2.75,3.6666666666666665,3.4444444444444446,3.0,2.125,3.0555555555555554,4.583333333333333,6.083333333333333,4.166666666666667,3.2,2.5,1,2,1,3,2,3,5,12,8.0,0.0,60.0,100.0,50,3,1,0
637,2.75,3.5555555555555554,3.4444444444444446,2.6,4.375,2.3333333333333335,3.4166666666666665,7.0,2.6666666666666665,4.25,3.6666666666666665,2,5,1,7,4,7,11,21,14.0,5.0,40.0,83.33333333333334,75,2,1,0
638,2.875,5.0,5.0,4.0,1.0,3.7222222222222223,3.6666666666666665,8.5,4.75,4.6,5.0,3,6,0,9,2,4,6,16,14.0,-5.0,40.0,100.0,75,1,0,0
639,1.0,1.4444444444444444,3.111111111111111,3.5,5.0,1.8888888888888888,2.8333333333333335,5.916666666666667,3.25,3.55,1.5,3,6,1,9,3,3,6,17,16.0,3.0,0.0,100.0,50,1,1,0
640,2.5,3.4444444444444446,3.888888888888889,3.1,2.5,2.7777777777777777,4.333333333333333,6.166666666666667,3.5,2.8,3.3333333333333335,1,2,0,3,2,4,6,10,11.0,-14.0,40.0,66.66666666666666,100,1,0,0
641,1.5,2.888888888888889,2.888888888888889,3.1,4.0,2.7777777777777777,4.166666666666667,5.666666666666667,2.5833333333333335,3.7,2.6666666666666665,3,6,4,9,4,5,9,23,12.0,-5.0,40.0,83.33333333333334,75,1,1,3
642,3.25,3.3333333333333335,3.5555555555555554,4.5,1.625,3.388888888888889,3.9166666666666665,8.333333333333334,2.75,3.3,4.0,3,6,2,9,2,3,5,19,11.0,4.0,60.0,83.33333333333334,100,3,1,1
643,2.125,4.777777777777778,3.7777777777777777,4.7,1.125,4.722222222222222,3.8333333333333335,6.5,3.6666666666666665,4.1,4.0,3,6,4,9,4,7,11,25,15.0,7.0,40.0,100.0,100,1,1,3
644,4.0,4.444444444444445,3.888888888888889,3.0,3.75,1.9444444444444444,4.416666666666667,7.416666666666667,2.3333333333333335,4.35,3.6666666666666665,2,3,0,5,2,1,3,10,23.0,3.0,40.0,100.0,100,2,0,0
645,3.25,4.555555555555555,4.444444444444445,3.7,2.75,3.3333333333333335,6.5,7.25,3.1666666666666665,3.35,3.5,1,2,0,3,2,3,5,8,21.0,-4.0,40.0,50.0,50,0,0,0
646,2.625,3.7777777777777777,3.4444444444444446,3.5,3.25,3.2777777777777777,3.9166666666666665,6.333333333333333,3.0833333333333335,4.2,3.1666666666666665,2,5,4,7,3,7,10,22,14.0,6.0,40.0,83.33333333333334,75,1,1,3
647,3.5,3.888888888888889,4.333333333333333,4.3,1.875,4.611111111111111,5.583333333333333,6.083333333333333,3.6666666666666665,3.3,4.333333333333333,3,5,3,8,2,2,4,18,4.0,17.0,60.0,100.0,100,3,0,3
648,2.625,3.3333333333333335,3.2222222222222223,4.1,3.375,3.111111111111111,4.666666666666667,5.416666666666667,3.1666666666666665,4.6,3.6666666666666665,2,5,4,7,2,7,9,23,11.0,4.0,40.0,100.0,100,3,1,3
649,3.0,3.5555555555555554,4.333333333333333,4.2,2.5,3.611111111111111,4.666666666666667,7.083333333333333,3.9166666666666665,4.3,5.0,3,4,2,7,4,6,10,22,18.0,4.0,60.0,66.66666666666666,50,3,0,2
650,2.625,3.5555555555555554,3.888888888888889,3.5,4.875,2.4444444444444446,4.666666666666667,7.083333333333333,3.1666666666666665,3.3,1.8333333333333333,2,2,4,4,3,6,9,20,-5.0,-5.0,60.0,83.33333333333334,100,3,1,3
651,3.625,3.7777777777777777,5.0,4.0,1.0,4.0,5.0,7.083333333333333,2.8333333333333335,3.2,2.6666666666666665,3,5,1,8,2,5,7,19,13.0,4.0,100.0,100.0,25,3,1,0
652,2.625,4.222222222222222,3.7777777777777777,2.6,2.125,2.9444444444444446,3.9166666666666665,6.0,4.0,3.8,3.8333333333333335,3,2,0,5,2,5,7,14,9.0,3.0,40.0,100.0,100,2,0,0
653,3.75,3.0,3.3333333333333335,2.9,2.625,3.2222222222222223,7.416666666666667,7.166666666666667,4.0,2.9,3.5,0,3,0,3,2,3,5,10,13.0,3.0,60.0,50.0,50,2,0,0
654,3.625,3.5555555555555554,4.777777777777778,4.8,2.375,4.611111111111111,6.083333333333333,6.666666666666667,4.75,3.0,4.833333333333333,3,6,3,9,2,5,7,22,13.0,18.0,40.0,66.66666666666666,75,3,1,2
655,3.5,4.777777777777778,5.0,3.6,1.375,3.5,7.5,6.5,3.8333333333333335,3.55,4.5,3,6,0,9,3,7,10,23,14.0,11.0,40.0,66.66666666666666,0,4,0,0
656,4.375,2.111111111111111,2.7777777777777777,2.9,5.0,1.8333333333333333,5.666666666666667,7.0,2.8333333333333335,4.4,4.0,1,3,0,4,2,4,6,12,-7.0,-37.0,0.0,50.0,50,2,0,0
657,3.0,3.888888888888889,4.666666666666667,3.6,1.875,3.2222222222222223,5.833333333333333,5.25,3.25,3.5,3.3333333333333335,3,2,0,5,1,3,4,11,19.0,-10.0,40.0,66.66666666666666,75,2,0,0
658,2.25,4.222222222222222,4.555555555555555,3.2,2.875,4.333333333333333,5.583333333333333,7.333333333333333,4.5,3.8,1.8333333333333333,2,5,1,7,2,3,5,15,10.0,-5.0,60.0,83.33333333333334,75,2,1,0
659,3.25,4.222222222222222,4.444444444444445,4.4,1.375,4.111111111111111,5.333333333333333,7.083333333333333,1.25,2.95,2.0,2,6,2,8,3,7,10,21,15.0,9.0,40.0,83.33333333333334,100,1,1,1
660,1.875,3.111111111111111,4.333333333333333,4.1,4.125,4.055555555555555,4.5,7.0,2.5,4.3,4.333333333333333,2,6,2,8,3,5,8,22,-2.0,-5.0,60.0,83.33333333333334,50,4,0,2
661,1.25,3.6666666666666665,1.5555555555555556,3.4,3.375,3.888888888888889,3.5833333333333335,7.0,4.166666666666667,4.35,4.5,3,5,4,8,3,6,9,22,18.0,2.0,40.0,66.66666666666666,25,1,1,3
662,2.625,4.444444444444445,4.111111111111111,3.0,2.0,2.8333333333333335,5.0,8.0,3.25,3.85,3.5,2,3,0,5,2,4,6,12,3.0,-10.0,40.0,100.0,75,1,0,0
663,4.125,5.0,5.0,3.7,1.375,3.0555555555555554,3.6666666666666665,8.666666666666666,3.3333333333333335,5.0,3.8333333333333335,3,5,1,8,2,3,5,18,12.0,-10.0,40.0,83.33333333333334,75,4,0,1
664,2.875,2.6666666666666665,3.5555555555555554,4.3,3.25,3.0,4.416666666666667,6.583333333333333,3.0,2.75,2.5,3,6,3,9,2,3,5,18,19.0,17.0,60.0,83.33333333333334,75,1,0,3
665,3.875,4.777777777777778,5.0,3.9,1.875,3.111111111111111,7.416666666666667,7.666666666666667,4.5,3.7,4.0,3,6,0,9,4,7,11,23,19.0,12.0,60.0,83.33333333333334,50,3,0,0
666,2.375,3.5555555555555554,2.7777777777777777,4.7,4.875,4.111111111111111,3.5,5.0,3.6666666666666665,4.1,3.1666666666666665,3,4,0,7,4,3,7,14,16.0,5.0,40.0,66.66666666666666,100,0,0,0
667,2.875,3.6666666666666665,4.0,3.2,2.375,3.388888888888889,5.833333333333333,6.25,3.9166666666666665,2.7,2.1666666666666665,3,4,1,7,4,5,9,20,10.0,4.0,40.0,83.33333333333334,75,3,1,0
668,1.875,3.5555555555555554,4.333333333333333,2.4,2.75,2.9444444444444446,5.25,6.166666666666667,4.0,3.05,1.5,3,6,2,9,4,6,10,24,11.0,5.0,40.0,83.33333333333334,75,3,1,1
669,2.25,3.6666666666666665,3.111111111111111,3.2,3.25,3.4444444444444446,6.083333333333333,5.916666666666667,3.0,3.75,2.1666666666666665,1,4,2,5,3,7,10,21,14.0,7.0,40.0,100.0,50,4,1,1
670,3.5,3.6666666666666665,3.6666666666666665,3.5,2.625,3.0,6.833333333333333,6.916666666666667,2.0833333333333335,3.4,4.0,3,6,0,9,3,4,7,17,18.0,15.0,40.0,83.33333333333334,50,1,0,0
671,2.625,1.8888888888888888,3.4444444444444446,4.5,2.625,3.7222222222222223,6.0,5.5,3.1666666666666665,3.65,1.5,1,3,3,4,2,4,6,15,-5.0,-18.0,40.0,50.0,75,2,1,2
672,4.125,3.111111111111111,3.111111111111111,4.0,3.625,3.611111111111111,4.0,7.333333333333333,4.083333333333333,3.95,2.1666666666666665,3,4,3,7,3,7,10,23,9.0,5.0,40.0,66.66666666666666,50,3,1,2
673,4.0,4.111111111111111,5.0,3.0,1.125,3.9444444444444446,5.25,7.25,4.416666666666667,3.65,2.8333333333333335,1,1,2,2,2,3,5,10,22.0,7.0,40.0,83.33333333333334,100,1,1,1
674,2.0,3.3333333333333335,3.111111111111111,4.3,3.5,3.7777777777777777,4.916666666666667,6.583333333333333,3.3333333333333335,3.7,2.8333333333333335,3,3,1,6,2,3,5,14,19.0,8.0,60.0,50.0,0,2,1,0
675,2.875,4.555555555555555,2.2222222222222223,2.3,4.875,1.5555555555555556,3.0,8.666666666666666,1.6666666666666667,4.65,1.6666666666666667,3,4,0,7,2,5,7,15,15.0,-8.0,40.0,83.33333333333334,50,1,0,0
676,2.0,3.4444444444444446,3.5555555555555554,3.8,3.625,3.1666666666666665,4.583333333333333,6.75,2.0,3.9,2.1666666666666665,1,1,3,2,2,3,5,12,18.0,5.0,40.0,66.66666666666666,100,2,0,3
677,2.5,3.2222222222222223,4.333333333333333,3.5,1.125,3.2222222222222223,4.833333333333333,5.583333333333333,3.0,3.1,1.8333333333333333,3,2,1,5,3,3,6,15,13.0,8.0,60.0,66.66666666666666,75,3,1,0
678,2.625,3.2222222222222223,3.888888888888889,4.2,2.875,3.888888888888889,5.666666666666667,6.583333333333333,2.75,3.95,3.8333333333333335,3,4,2,7,2,3,5,17,13.0,2.0,40.0,100.0,75,3,0,2
679,1.5,2.7777777777777777,3.0,2.9,4.375,3.388888888888889,5.916666666666667,4.583333333333333,1.4166666666666667,3.4,1.8333333333333333,1,2,2,3,2,4,6,14,-4.0,-2.0,40.0,66.66666666666666,75,3,0,2
680,4.875,4.555555555555555,4.666666666666667,4.9,2.25,4.833333333333333,4.75,6.25,3.25,4.7,4.5,3,5,0,8,3,6,9,19,13.0,6.0,60.0,83.33333333333334,100,2,0,0
681,3.25,4.888888888888889,4.888888888888889,4.1,2.125,3.7777777777777777,3.8333333333333335,6.666666666666667,3.75,4.3,3.3333333333333335,1,2,2,3,1,5,6,14,21.0,0.0,20.0,100.0,0,3,1,1
682,2.875,3.6666666666666665,3.888888888888889,4.7,4.375,2.2777777777777777,4.333333333333333,6.0,2.1666666666666665,4.55,2.1666666666666665,3,5,3,8,3,6,9,23,14.0,12.0,40.0,66.66666666666666,75,3,0,3
683,2.875,3.888888888888889,4.222222222222222,4.3,3.25,2.7222222222222223,4.416666666666667,7.25,4.583333333333333,4.7,5.0,3,5,1,8,1,4,5,17,15.0,2.0,40.0,66.66666666666666,50,3,0,1
684,3.0,4.222222222222222,3.0,3.8,3.875,4.0,4.333333333333333,6.416666666666667,3.1666666666666665,4.7,3.3333333333333335,2,6,3,8,3,6,9,21,11.0,6.0,60.0,100.0,75,1,1,2
685,3.75,4.111111111111111,3.111111111111111,4.1,2.625,3.9444444444444446,6.166666666666667,7.333333333333333,2.4166666666666665,4.0,3.8333333333333335,1,4,1,5,3,2,5,13,-3.0,-30.0,40.0,83.33333333333334,50,2,0,1
686,3.125,2.3333333333333335,4.888888888888889,4.7,2.5,3.611111111111111,4.75,4.083333333333333,3.5833333333333335,2.9,1.3333333333333333,3,3,0,6,3,5,8,17,17.0,9.0,60.0,83.33333333333334,75,3,0,0
687,1.625,3.7777777777777777,3.3333333333333335,2.7,3.375,2.5,3.1666666666666665,6.666666666666667,3.0833333333333335,3.6,1.0,2,3,2,5,2,4,6,14,16.0,-5.0,40.0,83.33333333333334,75,1,1,1
688,2.75,4.444444444444445,3.7777777777777777,4.1,3.5,2.3333333333333335,6.0,7.833333333333333,3.0833333333333335,2.85,2.8333333333333335,3,6,0,9,3,6,9,21,21.0,17.0,40.0,100.0,100,3,0,0
689,2.75,3.2222222222222223,2.6666666666666665,2.7,3.0,2.888888888888889,7.25,6.833333333333333,3.25,3.0,3.1666666666666665,3,3,0,6,2,5,7,14,10.0,-4.0,20.0,50.0,75,1,0,0
690,1.5,3.7777777777777777,3.6666666666666665,3.9,1.875,4.833333333333333,4.0,7.5,3.4166666666666665,3.55,4.333333333333333,3,6,1,9,3,7,10,22,13.0,5.0,40.0,83.33333333333334,75,2,1,0
691,3.125,4.555555555555555,5.0,3.9,1.875,2.9444444444444446,7.0,7.416666666666667,4.0,4.4,4.5,3,6,0,9,4,5,9,19,16.0,10.0,40.0,100.0,75,1,0,0
692,2.625,4.555555555555555,4.888888888888889,3.7,1.5,4.055555555555555,3.8333333333333335,7.545454545454546,2.3333333333333335,4.25,2.3333333333333335,3,6,0,9,2,6,8,21,10.0,-4.0,40.0,83.33333333333334,100,4,0,0
693,1.625,3.7777777777777777,4.333333333333333,4.4,3.25,3.1666666666666665,4.25,5.833333333333333,3.5833333333333335,4.55,4.666666666666667,3,6,2,9,4,6,10,22,0.0,2.0,40.0,33.33333333333333,75,1,0,2
694,5.0,4.555555555555555,3.4444444444444446,4.4,1.625,4.388888888888889,5.75,7.5,4.0,3.5,4.0,3,4,4,7,4,7,11,25,8.0,8.0,40.0,100.0,50,3,1,3
695,1.625,2.888888888888889,4.555555555555555,4.4,4.25,4.444444444444445,4.25,5.25,3.0833333333333335,4.45,4.333333333333333,3,5,3,8,2,7,9,24,14.0,8.0,60.0,66.66666666666666,75,4,1,2
696,2.625,3.5555555555555554,3.888888888888889,3.4,2.625,3.6666666666666665,4.5,6.083333333333333,4.0,3.25,2.1666666666666665,3,6,4,9,4,7,11,27,13.0,8.0,40.0,100.0,75,3,1,3
697,2.75,3.888888888888889,4.777777777777778,4.6,2.0,4.333333333333333,5.5,8.25,4.25,4.3,4.666666666666667,2,5,2,7,2,3,5,15,15.0,0.0,40.0,100.0,25,1,1,1
698,3.25,3.3333333333333335,3.4444444444444446,3.2,3.75,3.111111111111111,4.833333333333333,6.416666666666667,2.0833333333333335,3.9,3.1666666666666665,1,2,0,3,2,5,7,13,1.0,-9.0,40.0,100.0,100,3,0,0
699,2.125,3.5555555555555554,2.888888888888889,3.9,3.625,2.5555555555555554,5.416666666666667,8.25,3.8333333333333335,4.4,4.333333333333333,0,3,1,3,2,2,4,10,11.0,-4.0,40.0,66.66666666666666,75,2,1,0
700,3.625,4.888888888888889,4.888888888888889,4.9,1.25,4.777777777777778,5.083333333333333,7.25,4.083333333333333,4.65,4.833333333333333,2,3,2,5,2,3,5,13,21.0,6.0,40.0,100.0,25,1,1,1
701,2.75,4.333333333333333,3.888888888888889,4.2,2.25,4.444444444444445,4.333333333333333,6.083333333333333,4.0,3.8,2.5,3,6,4,9,4,6,10,27,12.0,9.0,40.0,83.33333333333334,100,4,1,3
702,4.375,4.444444444444445,4.444444444444445,4.5,1.625,4.333333333333333,4.416666666666667,7.333333333333333,4.833333333333333,3.5,3.8333333333333335,2,4,1,6,2,4,6,15,6.0,-1.0,40.0,50.0,50,2,1,0
703,2.375,4.0,4.0,3.8,3.0,4.055555555555555,7.416666666666667,6.833333333333333,3.0,3.05,3.5,0,0,0,0,0,3,3,7,-5.0,-10.0,40.0,83.33333333333334,50,4,0,0
704,2.625,4.222222222222222,3.5555555555555554,4.0,3.25,4.388888888888889,3.8333333333333335,6.833333333333333,4.0,3.5,2.5,3,4,2,7,3,7,10,21,9.0,10.0,40.0,66.66666666666666,75,2,0,2
705,4.375,4.555555555555555,3.111111111111111,4.0,1.25,4.277777777777778,5.25,7.25,2.5,3.7,4.666666666666667,3,6,3,9,4,7,11,26,12.0,3.0,60.0,83.33333333333334,75,3,1,2
706,1.125,4.666666666666667,4.666666666666667,1.4,1.5,1.6111111111111112,2.1666666666666665,7.5,3.25,4.7,4.5,2,5,1,7,3,7,10,22,10.0,4.0,40.0,66.66666666666666,75,4,0,1
707,1.25,3.5555555555555554,2.6666666666666665,4.2,4.625,3.5555555555555554,3.4166666666666665,6.75,2.5,3.7,4.166666666666667,3,6,4,9,4,3,7,23,7.0,2.0,60.0,100.0,100,3,1,3
708,2.0,5.0,2.888888888888889,3.1,2.0,1.7777777777777777,2.5,8.916666666666666,1.75,4.55,4.5,2,3,0,5,2,3,5,10,20.0,0.0,60.0,50.0,75,0,0,0
709,3.0,3.6666666666666665,2.7777777777777777,3.7,3.25,2.8333333333333335,2.8333333333333335,6.583333333333333,2.3333333333333335,3.5,2.1666666666666665,0,4,4,4,2,4,6,15,0.0,5.0,60.0,83.33333333333334,100,1,1,3
710,2.5,3.2222222222222223,3.111111111111111,3.1,4.25,1.0555555555555556,4.583333333333333,6.25,4.0,4.45,3.8333333333333335,3,6,0,9,2,2,4,14,16.0,0.0,60.0,66.66666666666666,75,1,0,0
711,2.75,4.222222222222222,3.4444444444444446,2.7,4.25,2.1666666666666665,5.2727272727272725,8.5,4.416666666666667,3.9,1.6666666666666667,1,1,0,2,2,4,6,9,6.0,-15.0,60.0,50.0,75,1,0,0
712,2.5,2.4444444444444446,2.6666666666666665,4.7,3.5,4.555555555555555,4.75,5.333333333333333,3.5,3.25,2.8333333333333335,3,5,3,8,2,6,8,20,5.0,3.0,0.0,100.0,50,1,1,2
713,3.125,4.0,4.888888888888889,3.8,2.75,3.7777777777777777,4.416666666666667,8.0,3.25,4.3,4.666666666666667,2,3,3,5,3,6,9,18,12.0,2.0,60.0,66.66666666666666,0,1,0,3
714,1.875,4.555555555555555,4.666666666666667,1.8,1.625,2.0555555555555554,4.25,7.666666666666667,4.25,3.65,3.8333333333333335,3,5,2,8,2,3,5,17,15.0,-5.0,40.0,83.33333333333334,100,2,0,2
715,1.625,3.6666666666666665,3.6666666666666665,3.2,3.25,3.4444444444444446,4.75,7.75,3.5,5.0,5.0,3,6,1,9,2,3,5,17,13.0,0.0,60.0,33.33333333333333,75,2,1,0
716,3.875,3.7777777777777777,4.777777777777778,4.1,2.0,4.0,5.75,7.75,3.0,3.55,2.5,1,5,0,6,2,7,9,16,14.0,8.0,40.0,50.0,75,1,0,0
717,3.25,3.3333333333333335,4.555555555555555,4.5,4.125,4.555555555555555,3.5,7.916666666666667,2.75,4.55,4.5,3,6,3,9,3,5,8,24,1.0,-6.0,60.0,100.0,75,4,1,2
718,2.5,4.111111111111111,4.333333333333333,3.0,4.375,3.5,2.75,7.583333333333333,5.0,5.0,4.5,2,6,0,8,3,5,8,18,10.0,-3.0,40.0,83.33333333333334,25,2,0,0
719,3.5,4.111111111111111,4.111111111111111,4.4,1.375,4.222222222222222,6.75,6.75,3.3333333333333335,3.5,4.166666666666667,3,4,1,7,2,4,6,16,-6.0,0.0,40.0,50.0,50,2,0,1
720,4.375,2.7777777777777777,4.0,3.0,2.875,3.6666666666666665,4.083333333333333,6.166666666666667,4.666666666666667,4.65,1.3333333333333333,3,4,0,7,1,4,5,15,-5.0,-2.0,40.0,83.33333333333334,50,3,0,0
721,2.25,4.666666666666667,4.333333333333333,4.0,1.125,2.7777777777777777,3.0833333333333335,7.833333333333333,4.666666666666667,3.1,4.5,3,5,4,8,2,4,6,18,17.0,0.0,40.0,50.0,75,0,1,3
722,3.0,3.888888888888889,4.777777777777778,4.0,2.375,3.388888888888889,4.416666666666667,7.0,3.9166666666666665,3.95,4.166666666666667,2,2,3,4,4,7,11,21,11.0,11.0,40.0,100.0,75,3,1,2
723,1.125,3.7777777777777777,2.7777777777777777,3.5,3.0,2.6666666666666665,3.4166666666666665,7.333333333333333,3.0,3.1,3.3333333333333335,1,3,1,4,2,4,6,15,17.0,2.0,40.0,83.33333333333334,75,4,1,0
724,3.25,4.333333333333333,4.666666666666667,3.8,2.25,3.611111111111111,6.0,7.5,4.166666666666667,3.6,4.0,2,2,0,4,2,3,5,9,26.0,5.0,20.0,66.66666666666666,0,0,0,0
725,3.25,4.777777777777778,3.888888888888889,2.9,2.875,1.9444444444444444,5.333333333333333,7.916666666666667,3.3333333333333335,4.0,2.8333333333333335,2,2,0,4,3,3,6,13,16.0,2.0,60.0,83.33333333333334,75,3,0,0
726,3.125,4.777777777777778,4.555555555555555,3.8,1.5,2.7222222222222223,3.0833333333333335,8.0,3.0,4.2,3.3333333333333335,2,1,2,3,4,4,8,16,-9.0,-18.0,60.0,83.33333333333334,75,3,1,1
727,1.625,4.777777777777778,5.0,3.0,2.125,4.0,3.8333333333333335,9.0,3.0833333333333335,4.05,4.0,3,1,1,4,3,2,5,14,6.0,0.0,40.0,100.0,50,4,1,0
728,2.75,3.6666666666666665,3.5555555555555554,3.6,3.625,2.8333333333333335,7.5,6.833333333333333,2.9166666666666665,3.25,2.6666666666666665,0,0,0,0,3,6,9,12,-5.0,-8.0,20.0,83.33333333333334,50,3,0,0
729,3.125,2.888888888888889,3.4444444444444446,3.3,4.75,2.7777777777777777,4.416666666666667,5.25,3.25,4.45,2.0,3,5,3,8,3,4,7,19,6.0,2.0,40.0,66.66666666666666,75,1,0,3
730,2.5,4.0,4.888888888888889,3.1,2.625,3.1666666666666665,3.3333333333333335,6.25,3.75,3.8,3.8333333333333335,2,5,1,7,2,6,8,19,6.0,5.0,40.0,100.0,100,3,1,0
731,3.75,5.0,5.0,4.0,1.125,3.5555555555555554,8.0,9.0,3.3333333333333335,3.7,5.0,3,3,1,6,4,6,10,18,12.0,5.0,0.0,66.66666666666666,75,1,0,1
732,3.125,5.0,4.444444444444445,3.9,1.25,3.8333333333333335,4.25,7.833333333333333,3.0833333333333335,3.65,3.8333333333333335,3,5,3,8,3,6,9,23,16.0,1.0,60.0,100.0,100,3,0,3
733,3.5,4.333333333333333,3.888888888888889,3.5,2.5,3.3333333333333335,4.75,7.5,3.6666666666666665,3.95,3.8333333333333335,2,6,0,8,2,5,7,16,16.0,0.0,40.0,100.0,100,1,0,0
734,2.5,4.111111111111111,3.111111111111111,4.0,2.625,3.111111111111111,4.75,6.916666666666667,2.25,4.05,4.0,3,6,4,9,4,4,8,23,5.0,4.0,60.0,66.66666666666666,50,2,1,3
735,3.625,5.0,4.222222222222222,4.6,1.0,5.0,3.5833333333333335,7.416666666666667,4.75,4.85,5.0,2,4,3,6,3,4,7,17,18.0,0.0,60.0,100.0,100,1,1,2
736,3.5,4.0,4.222222222222222,3.4,2.125,3.4444444444444446,3.3333333333333335,6.416666666666667,2.0833333333333335,3.5,3.3333333333333335,3,4,0,7,2,2,4,13,7.0,-17.0,60.0,100.0,75,2,0,0
737,3.125,4.0,5.0,4.4,1.0,2.888888888888889,4.916666666666667,7.166666666666667,4.583333333333333,4.45,4.5,3,4,1,7,2,3,5,17,13.0,8.0,60.0,83.33333333333334,100,4,0,1
738,3.125,4.333333333333333,4.555555555555555,4.0,1.75,3.7777777777777777,5.166666666666667,8.0,4.583333333333333,3.85,5.0,2,5,1,7,2,1,3,11,-9.0,-30.0,100.0,100.0,75,0,1,0
739,4.875,4.888888888888889,4.555555555555555,4.4,1.125,3.6666666666666665,5.416666666666667,8.0,3.0833333333333335,4.2,4.5,3,4,1,7,2,3,5,13,12.0,10.0,40.0,100.0,75,0,1,0
740,2.75,2.6666666666666665,4.555555555555555,3.8,1.375,2.3333333333333335,4.75,7.0,3.4166666666666665,3.1,4.833333333333333,3,6,0,9,2,5,7,19,1.0,-7.0,60.0,66.66666666666666,25,3,0,0
741,4.0,5.0,4.777777777777778,3.3,2.5,4.444444444444445,4.166666666666667,7.833333333333333,3.75,4.05,4.666666666666667,3,4,3,7,2,3,5,17,11.0,4.0,60.0,33.33333333333333,50,2,1,2
742,2.875,5.0,5.0,4.8,1.125,3.7777777777777777,3.6666666666666665,8.5,3.75,4.65,4.5,2,4,4,6,3,7,10,21,8.0,-1.0,40.0,66.66666666666666,75,1,1,3
743,3.125,4.333333333333333,4.666666666666667,3.9,2.125,3.111111111111111,6.916666666666667,7.916666666666667,4.416666666666667,3.8,4.5,2,1,0,3,2,3,5,11,9.0,0.0,60.0,100.0,50,3,0,0
744,1.5,3.6666666666666665,3.6666666666666665,2.5,3.0,2.7222222222222223,4.083333333333333,6.583333333333333,2.9166666666666665,3.25,1.6666666666666667,3,4,1,7,2,5,7,17,15.0,5.0,60.0,83.33333333333334,75,2,0,1
745,3.625,4.888888888888889,4.222222222222222,3.1,2.625,3.4444444444444446,5.916666666666667,7.666666666666667,3.5833333333333335,4.25,2.6666666666666665,3,3,2,6,3,5,8,16,3.0,-3.0,40.0,100.0,25,0,0,2
746,3.375,2.2222222222222223,3.7777777777777777,3.1,3.75,3.7222222222222223,8.083333333333334,6.083333333333333,3.0,3.95,2.6666666666666665,3,6,2,9,4,6,10,23,12.0,7.0,40.0,83.33333333333334,50,2,1,1
747,1.5,3.7777777777777777,3.888888888888889,2.4,4.25,1.5555555555555556,4.833333333333333,6.083333333333333,3.8333333333333335,3.95,1.5,2,3,3,5,2,3,5,16,4.0,-10.0,60.0,83.33333333333334,75,3,0,3
748,1.375,3.111111111111111,1.7777777777777777,3.1,4.625,2.6666666666666665,4.166666666666667,5.083333333333333,2.0833333333333335,2.7,2.0,3,6,4,9,4,7,11,25,12.0,2.0,0.0,100.0,100,1,1,3
749,4.75,5.0,5.0,4.3,1.0,4.777777777777778,8.083333333333334,8.666666666666666,4.5,3.7,4.666666666666667,2,2,1,4,2,3,5,11,26.0,2.0,40.0,100.0,100,1,1,0
750,2.0,4.111111111111111,3.6666666666666665,4.3,3.5,3.2222222222222223,3.1666666666666665,8.0,2.5833333333333335,4.6,4.0,3,6,1,9,3,4,7,17,11.0,3.0,60.0,100.0,75,0,1,0
751,4.375,5.0,5.0,4.9,1.0,3.9444444444444446,5.0,7.333333333333333,4.833333333333333,4.0,4.666666666666667,3,5,2,8,3,5,8,19,17.0,4.0,40.0,100.0,100,1,0,2
752,2.375,2.888888888888889,3.6666666666666665,4.6,1.75,2.111111111111111,5.916666666666667,6.583333333333333,2.25,2.75,2.3333333333333335,3,5,1,8,2,4,6,15,10.0,-5.0,40.0,66.66666666666666,25,0,1,0
753,1.75,3.7777777777777777,3.0,3.1,2.375,2.8333333333333335,4.166666666666667,6.083333333333333,1.9166666666666667,3.55,2.0,3,6,4,9,4,7,11,27,10.0,7.0,60.0,100.0,75,3,1,3
754,2.375,4.888888888888889,4.444444444444445,4.6,2.875,3.9444444444444446,3.75,8.083333333333334,3.6666666666666665,4.8,4.166666666666667,3,4,3,7,2,3,5,17,11.0,-2.0,60.0,83.33333333333334,100,2,1,2
755,2.375,4.111111111111111,4.111111111111111,3.8,2.125,3.0,5.166666666666667,6.416666666666667,2.5,3.5,3.3333333333333335,1,3,2,4,4,3,7,16,-1.0,-10.0,60.0,83.33333333333334,75,3,1,1
756,2.375,5.0,4.777777777777778,4.5,1.875,3.5555555555555554,5.583333333333333,8.583333333333334,3.3333333333333335,3.6,2.6666666666666665,0,2,1,2,1,3,4,8,7.0,5.0,60.0,66.66666666666666,100,1,0,1
757,3.625,3.4444444444444446,4.222222222222222,4.0,3.25,4.055555555555555,6.166666666666667,5.416666666666667,4.75,4.6,4.666666666666667,0,3,0,3,2,3,5,10,15.0,-5.0,0.0,100.0,50,2,0,0
758,2.125,4.0,4.555555555555555,4.6,2.0,3.888888888888889,5.916666666666667,6.25,3.75,3.95,3.5,3,4,1,7,3,3,6,17,18.0,8.0,40.0,66.66666666666666,50,3,0,1
759,1.25,3.5555555555555554,3.5555555555555554,3.4,3.875,3.7222222222222223,4.166666666666667,7.416666666666667,3.4166666666666665,4.4,4.333333333333333,2,4,1,6,3,3,6,14,16.0,-4.0,40.0,50.0,75,1,1,0
760,3.0,4.222222222222222,4.444444444444445,2.9,1.5,4.0,5.833333333333333,7.833333333333333,4.5,3.5,2.6666666666666665,1,4,2,5,3,4,7,17,18.0,5.0,60.0,100.0,75,3,1,1
761,4.5,3.4444444444444446,3.888888888888889,4.3,2.75,3.888888888888889,5.5,5.333333333333333,2.3333333333333335,3.95,4.5,3,6,3,9,2,5,7,21,17.0,12.0,40.0,83.33333333333334,100,2,1,2
762,3.875,4.666666666666667,4.666666666666667,3.5,1.25,2.5555555555555554,4.0,7.75,3.4166666666666665,3.7,3.3333333333333335,2,3,0,5,2,5,7,15,3.0,-7.0,40.0,83.33333333333334,100,3,0,0
763,2.75,4.222222222222222,4.222222222222222,4.4,3.125,4.555555555555555,5.083333333333333,7.083333333333333,4.166666666666667,4.15,4.833333333333333,3,6,1,9,2,4,6,17,18.0,0.0,60.0,100.0,50,1,0,1
764,3.375,2.3333333333333335,4.555555555555555,4.6,1.75,3.6666666666666665,7.333333333333333,5.083333333333333,4.0,2.85,1.6666666666666667,3,1,0,4,2,3,5,11,24.0,11.0,100.0,83.33333333333334,100,2,0,0
765,2.625,3.3333333333333335,3.5555555555555554,3.5,3.25,4.0,5.666666666666667,6.0,4.0,2.8,4.166666666666667,3,5,4,8,3,7,10,24,11.0,5.0,60.0,66.66666666666666,50,2,1,3
766,2.75,4.555555555555555,4.444444444444445,3.9,2.625,3.8333333333333335,8.666666666666666,8.5,3.8333333333333335,4.75,4.5,2,2,0,4,2,3,5,12,28.0,15.0,20.0,83.33333333333334,75,3,0,0
767,2.25,4.888888888888889,4.666666666666667,2.6,4.5,2.7222222222222223,3.8333333333333335,7.75,2.25,4.45,3.0,2,4,0,6,3,4,7,14,22.0,6.0,60.0,83.33333333333334,100,1,0,0
768,3.5,3.2222222222222223,4.222222222222222,4.2,3.375,3.0,7.583333333333333,8.5,4.333333333333333,3.15,4.666666666666667,1,2,0,3,1,1,2,6,36.0,2.0,60.0,66.66666666666666,50,1,0,0
769,2.75,4.0,4.222222222222222,3.8,2.5,3.611111111111111,6.25,8.083333333333334,3.75,3.7,4.0,2,5,0,7,2,4,6,16,19.0,5.0,40.0,83.33333333333334,75,3,0,0
770,2.0,5.0,4.444444444444445,4.0,2.625,2.9444444444444446,5.333333333333333,7.833333333333333,3.25,3.95,1.3333333333333333,3,2,0,5,3,5,8,15,5.0,-10.0,40.0,100.0,75,2,0,0
771,1.5,4.444444444444445,3.7777777777777777,2.2,1.5,1.4444444444444444,3.1666666666666665,6.916666666666667,4.416666666666667,4.4,5.0,3,5,3,8,3,5,8,22,18.0,15.0,40.0,83.33333333333334,75,3,0,3
772,2.875,4.555555555555555,4.111111111111111,3.6,2.0,2.4444444444444446,4.25,8.083333333333334,3.6666666666666665,4.2,2.6666666666666665,1,2,3,3,2,5,7,16,12.0,8.0,60.0,100.0,100,3,1,2
773,2.625,3.5555555555555554,3.7777777777777777,3.6,4.0,3.4444444444444446,4.666666666666667,7.5,3.25,4.5,3.0,3,5,1,8,4,6,10,22,13.0,-3.0,40.0,83.33333333333334,100,3,0,1
774,1.5,3.7777777777777777,2.111111111111111,2.0,1.25,1.2222222222222223,3.8333333333333335,7.5,3.5,3.35,3.5,3,5,0,8,1,5,6,17,24.0,2.0,60.0,83.33333333333334,100,3,0,0
775,1.625,4.777777777777778,5.0,3.9,1.875,3.0555555555555554,4.333333333333333,7.75,4.083333333333333,4.2,4.833333333333333,3,3,2,6,2,4,6,17,11.0,3.0,60.0,83.33333333333334,75,3,0,2
776,2.375,3.2222222222222223,3.7777777777777777,3.2,2.625,3.2777777777777777,5.25,6.0,4.166666666666667,2.1,3.3333333333333335,3,6,4,9,3,4,7,23,5.0,-2.0,40.0,83.33333333333334,75,3,1,3
777,4.125,4.555555555555555,5.0,2.6,1.625,3.2222222222222223,4.583333333333333,6.916666666666667,4.0,4.65,3.6666666666666665,3,6,1,9,3,6,9,22,11.0,3.0,100.0,83.33333333333334,100,3,0,1
778,1.75,4.0,1.1111111111111112,3.2,4.75,4.388888888888889,3.75,7.583333333333333,4.25,5.0,5.0,0,4,0,4,2,2,4,10,20.0,-9.0,40.0,83.33333333333334,25,2,0,0
779,3.0,4.0,4.555555555555555,4.4,3.875,2.0555555555555554,4.0,6.416666666666667,2.3333333333333335,4.4,2.8333333333333335,3,6,4,9,3,5,8,22,8.0,2.0,40.0,66.66666666666666,100,1,1,3
780,2.375,3.3333333333333335,3.888888888888889,2.9,3.125,2.611111111111111,5.416666666666667,6.833333333333333,3.25,4.2,1.8333333333333333,3,5,3,8,4,6,10,23,11.0,4.0,40.0,66.66666666666666,75,2,1,2
781,2.375,3.5555555555555554,4.777777777777778,2.9,1.75,3.7777777777777777,6.166666666666667,6.75,3.4166666666666665,3.95,3.1666666666666665,3,4,1,7,2,5,7,17,4.0,0.0,60.0,66.66666666666666,100,2,1,0
782,3.875,4.555555555555555,4.666666666666667,4.2,1.875,4.388888888888889,5.416666666666667,7.5,3.1666666666666665,3.85,4.0,3,6,1,9,2,4,6,16,19.0,5.0,40.0,66.66666666666666,75,0,1,0
783,2.75,4.222222222222222,3.6666666666666665,3.2,2.75,2.5,5.75,8.833333333333334,3.0833333333333335,3.35,3.1666666666666665,1,1,1,2,2,3,5,9,21.0,2.0,60.0,83.33333333333334,50,1,0,1
784,2.5,2.3333333333333335,3.4444444444444446,3.9,4.25,3.7777777777777777,5.0,5.416666666666667,2.25,3.95,2.8333333333333335,3,5,2,8,3,2,5,18,12.0,0.0,40.0,66.66666666666666,75,3,1,1
785,3.0,3.4444444444444446,3.111111111111111,4.9,4.0,4.0,7.0,8.166666666666666,3.4166666666666665,4.4,4.666666666666667,3,5,3,8,3,5,8,21,8.0,5.0,40.0,83.33333333333334,75,2,1,2
786,3.125,3.888888888888889,3.2222222222222223,3.7,4.0,2.7777777777777777,5.916666666666667,7.25,2.5833333333333335,4.35,3.8333333333333335,3,5,4,8,3,3,6,21,13.0,14.0,40.0,83.33333333333334,50,3,1,3
787,3.5,4.444444444444445,4.777777777777778,4.2,1.625,3.5,5.5,5.666666666666667,4.333333333333333,3.25,1.6666666666666667,1,2,0,3,1,5,6,9,6.0,-5.0,40.0,50.0,75,0,0,0
788,4.0,4.0,4.0,3.8,2.0,3.6666666666666665,5.416666666666667,6.083333333333333,3.75,4.0,4.0,2,2,2,4,1,3,4,10,30.0,0.0,20.0,100.0,50,0,0,2
789,1.625,4.666666666666667,5.0,2.2,1.0,1.6111111111111112,3.8333333333333335,7.75,2.75,4.05,2.5,3,6,1,9,2,2,4,15,20.0,5.0,100.0,100.0,75,1,1,0
790,3.25,4.777777777777778,4.777777777777778,3.8,1.25,3.111111111111111,7.0,8.416666666666666,3.5833333333333335,3.8,4.333333333333333,1,1,0,2,2,4,6,8,12.0,-22.0,40.0,50.0,75,0,0,0
791,4.75,5.0,4.777777777777778,3.5,1.375,4.444444444444445,4.666666666666667,8.666666666666666,3.5833333333333335,4.15,2.8333333333333335,1,3,0,4,2,4,6,10,23.0,3.0,100.0,83.33333333333334,75,0,0,0
792,1.875,4.111111111111111,2.2222222222222223,2.5,4.625,1.0555555555555556,4.0,9.0,2.8333333333333335,3.4,3.0,1,3,0,4,2,3,5,10,-5.0,-5.0,100.0,100.0,100,1,0,0
793,4.5,4.0,4.777777777777778,3.5,4.0,4.0,3.0,7.5,3.5,4.65,2.6666666666666665,3,3,0,6,2,2,4,11,4.0,-5.0,40.0,33.33333333333333,50,1,0,0
794,2.5,3.7777777777777777,3.6666666666666665,3.5,3.375,3.0555555555555554,3.6666666666666665,8.25,3.5,4.25,4.166666666666667,3,4,1,7,3,7,10,20,10.0,2.0,60.0,100.0,75,2,1,0
795,3.75,3.888888888888889,3.7777777777777777,4.0,1.75,2.7777777777777777,5.666666666666667,6.583333333333333,2.5,3.45,3.5,3,5,1,8,2,3,5,16,-4.0,-3.0,20.0,100.0,100,2,1,0
796,4.25,3.0,2.111111111111111,3.9,3.75,4.111111111111111,6.75,7.0,1.1666666666666667,4.7,3.8333333333333335,3,3,1,6,4,3,7,18,16.0,2.0,40.0,100.0,50,4,1,0
797,1.25,2.7777777777777777,3.3333333333333335,3.5,5.0,1.8888888888888888,2.6666666666666665,5.916666666666667,3.5,4.7,2.8333333333333335,3,5,4,8,2,3,5,20,10.0,5.0,60.0,83.33333333333334,75,3,1,3
798,2.375,3.3333333333333335,4.777777777777778,3.7,2.375,4.277777777777778,2.9166666666666665,7.5,4.333333333333333,4.55,5.0,2,3,2,5,2,6,8,18,12.0,-5.0,100.0,100.0,25,3,1,1
799,1.0,4.222222222222222,4.0,3.7,4.625,1.0,3.6666666666666665,6.833333333333333,3.6666666666666665,4.95,1.0,2,6,0,8,2,3,5,15,11.0,1.0,60.0,66.66666666666666,25,2,0,0
800,3.0,4.333333333333333,4.222222222222222,4.0,1.125,3.111111111111111,5.333333333333333,4.416666666666667,2.9166666666666665,2.65,2.6666666666666665,3,4,2,7,2,4,6,16,14.0,10.0,40.0,100.0,50,1,1,1
801,1.375,4.555555555555555,3.5555555555555554,4.7,2.375,3.4444444444444446,5.25,6.416666666666667,4.166666666666667,3.95,3.6666666666666665,3,5,2,8,2,3,5,17,18.0,0.0,40.0,83.33333333333334,100,2,0,2
802,3.125,3.7777777777777777,4.444444444444445,3.9,2.375,3.8333333333333335,3.8333333333333335,6.666666666666667,2.6666666666666665,4.5,3.1666666666666665,2,4,3,6,3,5,8,20,12.0,2.0,40.0,83.33333333333334,50,3,1,2
803,2.5,3.4444444444444446,3.5555555555555554,4.9,3.125,4.055555555555555,4.166666666666667,6.083333333333333,4.75,3.4,3.3333333333333335,1,2,1,3,1,5,6,12,5.0,2.0,0.0,66.66666666666666,100,2,1,0
804,1.5,2.6666666666666665,4.444444444444445,2.9,3.75,1.8333333333333333,3.0,6.5,3.25,4.9,3.8333333333333335,3,4,2,7,2,4,6,18,14.0,7.0,40.0,100.0,50,3,1,1
805,2.75,3.888888888888889,3.888888888888889,3.2,3.75,2.7777777777777777,4.583333333333333,5.75,3.6666666666666665,3.9,2.3333333333333335,0,2,1,2,2,1,3,7,25.0,-3.0,0.0,100.0,100,1,1,0
806,3.75,3.7777777777777777,4.888888888888889,3.8,2.125,3.8333333333333335,5.0,6.833333333333333,2.5833333333333335,4.15,4.166666666666667,3,6,1,9,3,5,8,20,-8.0,2.0,20.0,83.33333333333334,100,2,0,1
807,3.375,3.3333333333333335,3.888888888888889,3.3,3.875,3.111111111111111,4.333333333333333,6.083333333333333,2.9166666666666665,4.15,2.1666666666666665,1,4,3,5,2,3,5,16,9.0,-4.0,40.0,66.66666666666666,100,3,1,2
808,3.75,3.5555555555555554,4.777777777777778,3.8,3.875,3.7777777777777777,7.5,6.833333333333333,3.0,3.85,4.0,2,3,3,5,4,6,10,22,13.0,0.0,60.0,66.66666666666666,25,4,1,2
809,2.75,4.555555555555555,3.0,3.8,3.5,4.166666666666667,5.083333333333333,7.833333333333333,4.0,3.55,4.5,0,2,2,2,2,2,4,8,17.0,-10.0,60.0,100.0,100,0,1,1
810,4.0,4.222222222222222,4.222222222222222,3.8,1.75,3.1666666666666665,4.833333333333333,6.5,3.1666666666666665,3.45,3.6666666666666665,2,4,0,6,1,5,6,13,13.0,1.0,40.0,50.0,50,1,0,0
811,2.75,4.666666666666667,4.0,3.8,3.375,3.6666666666666665,5.166666666666667,7.454545454545454,4.333333333333333,3.55,2.8333333333333335,3,3,1,6,2,3,5,13,-8.0,0.0,60.0,50.0,75,1,0,1
812,2.25,2.0,2.7777777777777777,3.0,3.75,2.2222222222222223,4.75,5.916666666666667,3.75,2.9,3.6666666666666665,1,3,2,4,1,4,5,12,8.0,-5.0,40.0,100.0,50,1,0,2
813,4.0,2.3333333333333335,4.555555555555555,4.2,1.875,1.7222222222222223,6.75,6.416666666666667,3.6666666666666665,3.75,3.5,3,5,2,8,1,5,6,20,8.0,7.0,40.0,83.33333333333334,100,4,1,1
814,3.25,2.5555555555555554,3.888888888888889,4.8,3.875,4.166666666666667,5.5,5.666666666666667,3.5,4.15,3.1666666666666665,2,6,0,8,3,5,8,17,23.0,8.0,100.0,50.0,50,1,0,0
815,3.625,4.222222222222222,3.4444444444444446,3.8,2.25,3.4444444444444446,4.75,6.833333333333333,2.3333333333333335,3.45,4.166666666666667,3,6,1,9,4,5,9,22,3.0,-5.0,60.0,83.33333333333334,25,3,1,0
816,3.125,2.888888888888889,3.111111111111111,4.9,4.5,4.388888888888889,5.916666666666667,6.333333333333333,3.4166666666666665,3.35,3.1666666666666665,3,4,3,7,2,4,6,16,14.0,-2.0,40.0,100.0,75,0,1,2
817,2.0,4.222222222222222,4.444444444444445,3.0,2.875,3.7222222222222223,4.25,6.666666666666667,4.0,3.45,2.5,0,2,2,2,1,4,5,12,9.0,-6.0,60.0,100.0,25,3,1,1
818,3.125,4.333333333333333,3.0,4.1,4.25,4.388888888888889,4.0,7.416666666666667,4.25,4.35,3.1666666666666665,3,6,0,9,4,5,9,21,14.0,10.0,60.0,83.33333333333334,50,3,0,0
819,2.125,4.333333333333333,4.222222222222222,4.0,2.375,4.222222222222222,5.166666666666667,8.166666666666666,3.9166666666666665,4.0,4.333333333333333,2,4,2,6,3,3,6,15,-3.0,-11.0,60.0,50.0,75,1,1,1
820,3.625,4.444444444444445,3.0,3.9,3.25,2.7222222222222223,5.166666666666667,8.583333333333334,4.0,3.3,4.666666666666667,2,0,3,2,1,4,5,10,11.0,6.0,40.0,83.33333333333334,25,0,0,3
821,2.625,4.444444444444445,4.333333333333333,4.2,1.625,3.2222222222222223,2.6666666666666665,7.25,3.5,3.55,2.5,2,3,3,5,3,4,7,17,8.0,-5.0,40.0,83.33333333333334,75,2,1,2
822,3.625,4.111111111111111,4.111111111111111,3.6,1.375,3.2222222222222223,8.416666666666666,8.166666666666666,4.0,3.2,4.0,1,1,1,2,2,7,9,13,17.0,0.0,60.0,66.66666666666666,25,1,0,1
823,3.375,4.333333333333333,4.666666666666667,4.6,1.5,3.388888888888889,5.833333333333333,5.666666666666667,4.333333333333333,3.8,5.0,3,6,2,9,3,6,9,21,16.0,3.0,60.0,66.66666666666666,50,1,1,1
824,4.0,4.444444444444445,4.0,4.8,1.625,4.111111111111111,5.583333333333333,7.5,4.333333333333333,4.15,4.333333333333333,3,6,3,9,3,7,10,23,16.0,7.0,80.0,83.33333333333334,25,1,1,2
825,2.375,3.2222222222222223,4.666666666666667,3.8,1.5,3.5555555555555554,4.583333333333333,7.75,3.3333333333333335,3.75,2.8333333333333335,3,6,4,9,2,2,4,19,16.0,5.0,40.0,100.0,75,2,1,3
826,3.75,4.333333333333333,4.666666666666667,3.9,2.0,3.5555555555555554,4.75,6.416666666666667,2.5,3.85,3.3333333333333335,3,6,0,9,2,1,3,15,20.0,3.0,60.0,100.0,75,3,0,0
827,2.125,2.5555555555555554,4.888888888888889,4.2,2.125,2.111111111111111,5.333333333333333,6.583333333333333,4.583333333333333,3.55,3.0,2,6,3,8,3,3,6,19,14.0,16.0,40.0,66.66666666666666,75,2,1,2
828,3.25,3.7777777777777777,3.888888888888889,3.9,2.25,2.2777777777777777,4.75,7.166666666666667,4.25,3.05,3.0,3,5,0,8,2,4,6,17,6.0,-5.0,40.0,100.0,75,3,0,0
829,3.375,3.6666666666666665,2.6666666666666665,1.6,3.75,1.8888888888888888,4.083333333333333,7.166666666666667,2.9166666666666665,3.9,3.8333333333333335,0,1,0,1,2,2,4,6,10.0,-19.0,40.0,50.0,50,1,0,0
830,3.125,3.3333333333333335,3.111111111111111,4.2,2.5,4.166666666666667,4.833333333333333,6.75,2.75,3.45,4.166666666666667,2,4,0,6,3,6,9,17,3.0,10.0,40.0,83.33333333333334,100,2,0,0
831,1.75,2.4444444444444446,2.888888888888889,1.8,4.75,1.2777777777777777,3.25,5.916666666666667,3.4166666666666665,3.95,2.1666666666666665,2,4,0,6,3,3,6,15,10.0,-5.0,40.0,83.33333333333334,100,3,0,0
832,2.0,4.222222222222222,3.0,2.9,3.625,3.3333333333333335,4.0,7.0,3.6666666666666665,4.55,4.333333333333333,1,3,4,4,4,3,7,18,13.0,2.0,40.0,100.0,100,3,1,3
833,5.0,4.777777777777778,5.0,4.9,1.0,4.722222222222222,3.5833333333333335,7.916666666666667,3.9166666666666665,3.95,3.0,3,5,0,8,3,5,8,19,11.0,0.0,40.0,83.33333333333334,75,3,0,0
834,2.75,5.0,4.222222222222222,3.9,1.25,4.388888888888889,3.8333333333333335,8.583333333333334,4.166666666666667,4.55,4.166666666666667,3,6,4,9,4,7,11,25,12.0,9.0,60.0,100.0,100,1,1,3
835,2.75,3.0,3.7777777777777777,4.1,4.0,3.5,6.75,6.416666666666667,3.25,4.55,3.1666666666666665,3,5,1,8,2,3,5,17,13.0,0.0,100.0,100.0,25,3,1,0
836,4.625,5.0,4.444444444444445,4.9,3.0,4.444444444444445,4.833333333333333,7.166666666666667,4.416666666666667,4.7,5.0,3,6,2,9,4,7,11,23,15.0,8.0,40.0,66.66666666666666,75,1,0,2
837,4.625,5.0,5.0,4.1,1.5,4.611111111111111,6.833333333333333,7.75,3.8333333333333335,4.1,4.5,2,3,0,5,1,3,4,9,11.0,0.0,100.0,66.66666666666666,25,0,0,0
838,1.625,2.888888888888889,4.555555555555555,3.4,4.0,3.611111111111111,5.583333333333333,6.416666666666667,3.4166666666666665,4.15,3.6666666666666665,2,6,1,8,4,6,10,22,18.0,10.0,40.0,83.33333333333334,50,3,1,0
839,3.125,4.555555555555555,4.333333333333333,3.8,2.625,3.4444444444444446,6.166666666666667,7.5,2.25,3.95,2.5,3,6,2,9,2,6,8,19,20.0,14.0,60.0,66.66666666666666,100,0,1,1
840,3.125,3.6666666666666665,3.4444444444444446,3.2,3.25,3.0,5.416666666666667,5.666666666666667,3.1666666666666665,3.15,3.1666666666666665,3,3,1,6,2,3,5,13,12.0,5.0,40.0,66.66666666666666,50,1,1,0
841,2.25,4.555555555555555,4.888888888888889,4.1,2.625,2.6666666666666665,4.583333333333333,7.916666666666667,4.333333333333333,3.8,3.3333333333333335,1,1,0,2,1,3,4,7,25.0,2.0,40.0,33.33333333333333,75,1,0,0
842,2.375,3.2222222222222223,3.0,3.8,2.75,2.6666666666666665,4.166666666666667,6.333333333333333,2.75,3.65,3.6666666666666665,3,6,3,9,2,5,7,19,14.0,-2.0,40.0,33.33333333333333,75,0,1,2
843,2.5,4.555555555555555,3.0,3.9,3.625,2.1666666666666665,4.454545454545454,6.833333333333333,2.8333333333333335,4.25,3.0,1,2,1,3,2,2,4,11,22.0,-5.0,60.0,66.66666666666666,50,3,1,0
844,2.75,3.7777777777777777,2.5555555555555554,3.4,3.25,3.7777777777777777,4.916666666666667,6.083333333333333,4.25,3.75,3.8333333333333335,2,2,0,4,3,3,6,13,17.0,5.0,60.0,83.33333333333334,75,3,0,0
845,2.5,4.222222222222222,3.5555555555555554,4.6,3.375,4.222222222222222,3.9166666666666665,7.666666666666667,3.0,3.55,4.333333333333333,3,5,3,8,3,7,10,23,5.0,-5.0,60.0,100.0,100,2,1,2
846,1.375,3.4444444444444446,4.222222222222222,4.0,4.125,2.888888888888889,5.916666666666667,6.25,3.1666666666666665,4.3,4.666666666666667,1,3,2,4,2,7,9,19,11.0,10.0,60.0,100.0,100,4,1,1
847,4.625,4.444444444444445,4.888888888888889,4.4,1.5,4.333333333333333,8.0,5.916666666666667,2.1666666666666665,1.9,5.0,2,5,1,7,2,1,3,12,13.0,-5.0,20.0,83.33333333333334,50,1,1,0
848,2.625,4.222222222222222,4.666666666666667,3.4,2.125,1.3333333333333333,4.583333333333333,6.5,4.0,4.2,4.166666666666667,3,5,2,8,3,3,6,19,19.0,2.0,60.0,83.33333333333334,100,3,1,1
849,3.75,4.666666666666667,4.888888888888889,3.7,2.375,3.6666666666666665,4.333333333333333,7.416666666666667,4.25,4.1,4.5,3,6,2,9,1,4,5,19,6.0,0.0,40.0,83.33333333333334,100,3,1,1
850,2.5,2.6666666666666665,3.6666666666666665,4.6,3.5,4.277777777777778,4.083333333333333,6.416666666666667,3.5,4.3,3.6666666666666665,3,6,4,9,4,7,11,28,6.0,4.0,60.0,50.0,100,4,1,3
851,2.25,3.7777777777777777,3.4444444444444446,4.2,2.125,3.611111111111111,3.1666666666666665,7.0,4.083333333333333,4.05,3.6666666666666665,2,4,0,6,2,5,7,15,20.0,5.0,80.0,100.0,75,2,0,0
852,2.75,3.111111111111111,3.3333333333333335,3.4,4.0,2.8333333333333335,6.5,6.0,3.75,2.8,3.3333333333333335,0,0,0,0,1,7,8,8,10.0,-4.0,40.0,16.666666666666664,75,0,0,0
853,2.125,3.0,2.7777777777777777,3.0,2.875,2.8333333333333335,4.916666666666667,5.666666666666667,2.8333333333333335,3.5,3.0,1,4,1,5,3,5,8,17,8.0,5.0,100.0,66.66666666666666,75,3,1,0
854,2.25,4.888888888888889,3.111111111111111,3.2,2.25,2.388888888888889,4.166666666666667,8.916666666666666,3.3333333333333335,4.25,4.333333333333333,1,1,0,2,1,4,5,10,15.0,-10.0,40.0,100.0,0,3,0,0
855,2.625,2.5555555555555554,3.0,4.5,3.375,2.7222222222222223,5.916666666666667,6.166666666666667,4.25,3.9,3.6666666666666665,1,5,2,6,1,3,4,14,8.0,-8.0,40.0,66.66666666666666,50,2,1,1
856,3.5,4.777777777777778,4.444444444444445,4.5,2.125,3.1666666666666665,6.333333333333333,9.0,5.0,4.0,4.333333333333333,3,4,0,7,2,3,5,13,22.0,20.0,40.0,100.0,50,1,0,0
857,2.875,3.888888888888889,3.6666666666666665,4.6,3.0,3.888888888888889,3.5833333333333335,7.416666666666667,3.6666666666666665,4.2,3.8333333333333335,3,5,3,8,2,3,5,19,15.0,9.0,40.0,83.33333333333334,75,3,1,2
858,3.625,4.666666666666667,4.888888888888889,3.8,1.0,3.111111111111111,6.5,7.833333333333333,4.666666666666667,3.9,4.0,2,3,1,5,2,5,7,13,7.0,-5.0,40.0,100.0,25,0,0,1
859,3.25,4.333333333333333,4.777777777777778,4.7,2.25,3.7222222222222223,7.166666666666667,6.75,3.9166666666666665,3.4,3.8333333333333335,3,4,0,7,3,3,6,13,20.0,3.0,60.0,83.33333333333334,100,0,0,0
860,4.0,4.666666666666667,4.777777777777778,4.8,1.75,4.777777777777778,4.333333333333333,8.25,3.6666666666666665,3.85,5.0,2,4,2,6,1,1,2,12,8.0,-5.0,40.0,100.0,75,2,1,1
861,1.375,4.222222222222222,4.222222222222222,4.2,1.75,4.777777777777778,4.583333333333333,7.666666666666667,4.25,5.0,4.5,3,6,4,9,4,7,11,27,12.0,10.0,60.0,83.33333333333334,100,3,1,3
862,4.0,2.4444444444444446,3.0,3.2,2.125,2.111111111111111,5.25,5.416666666666667,3.3333333333333335,3.85,2.8333333333333335,2,2,3,4,2,4,6,16,16.0,2.0,40.0,66.66666666666666,25,3,1,2
863,2.375,4.444444444444445,4.111111111111111,4.4,2.875,2.8333333333333335,3.3333333333333335,7.583333333333333,4.166666666666667,4.05,3.3333333333333335,2,4,3,6,2,5,7,19,14.0,-2.0,40.0,66.66666666666666,100,3,1,2
864,3.625,4.444444444444445,4.111111111111111,3.6,2.125,3.0,8.666666666666666,8.75,4.0,3.3,4.0,2,3,1,5,0,7,7,14,18.0,0.0,60.0,66.66666666666666,75,1,0,1
865,3.625,3.5555555555555554,4.111111111111111,4.2,2.5,3.7222222222222223,5.5,8.0,3.9166666666666665,3.9,3.0,2,5,1,7,4,7,11,22,16.0,13.0,40.0,100.0,75,3,0,1
866,4.0,4.666666666666667,4.333333333333333,4.8,1.375,4.388888888888889,5.166666666666667,6.833333333333333,2.1666666666666665,4.05,3.6666666666666665,3,2,0,5,2,1,3,9,26.0,5.0,40.0,66.66666666666666,75,1,0,0
867,2.0,3.6666666666666665,4.111111111111111,3.3,2.25,3.3333333333333335,5.333333333333333,5.5,3.5,3.65,3.5,2,5,2,7,4,3,7,17,21.0,6.0,40.0,83.33333333333334,75,1,1,1
868,4.0,4.111111111111111,5.0,4.1,2.125,3.4444444444444446,8.416666666666666,8.916666666666666,4.0,4.8,5.0,1,2,0,3,2,2,4,7,33.0,0.0,40.0,50.0,50,0,0,0
869,3.625,4.333333333333333,4.111111111111111,3.7,2.0,3.888888888888889,6.416666666666667,7.5,4.416666666666667,4.15,3.8333333333333335,1,1,1,2,2,7,9,14,1.0,-15.0,40.0,50.0,50,2,1,0
870,2.0,4.444444444444445,3.5555555555555554,3.0,2.75,2.2777777777777777,5.583333333333333,7.166666666666667,3.75,4.3,3.1666666666666665,2,2,1,4,2,5,7,13,15.0,-7.0,40.0,100.0,75,1,1,0
871,3.875,5.0,4.777777777777778,3.7,1.5,3.611111111111111,7.25,7.583333333333333,4.25,4.55,4.333333333333333,3,3,1,6,2,4,6,14,21.0,5.0,40.0,66.66666666666666,25,1,0,1
872,2.125,4.777777777777778,4.222222222222222,3.8,3.0,3.7222222222222223,5.25,7.416666666666667,3.0,4.15,3.0,2,2,1,4,2,3,5,11,20.0,3.0,40.0,83.33333333333334,100,1,0,1
873,2.875,3.7777777777777777,2.6666666666666665,3.4,4.0,3.2777777777777777,3.1666666666666665,5.916666666666667,3.25,3.85,2.0,3,1,1,4,2,3,5,10,10.0,-15.0,60.0,100.0,100,0,0,1
874,3.5,5.0,5.0,3.8,1.25,3.0,3.0,8.666666666666666,3.1666666666666665,3.6,5.0,1,2,1,3,1,4,5,9,6.0,0.0,0.0,66.66666666666666,25,0,0,1
875,2.5,3.7777777777777777,2.7777777777777777,4.1,3.125,3.3333333333333335,5.5,7.333333333333333,4.25,3.5,3.6666666666666665,1,1,1,2,1,4,5,11,10.0,11.0,40.0,66.66666666666666,100,3,1,0
876,2.125,3.888888888888889,4.888888888888889,3.3,2.125,2.2222222222222223,5.5,7.083333333333333,3.75,3.1,1.5,3,4,1,7,3,3,6,15,8.0,-8.0,40.0,83.33333333333334,75,1,1,0
877,2.5,2.7777777777777777,4.0,4.0,4.375,2.9444444444444446,4.666666666666667,7.416666666666667,2.25,3.95,3.5,3,6,1,9,3,7,10,23,5.0,3.0,40.0,100.0,100,3,1,0
878,1.625,4.666666666666667,4.333333333333333,3.5,2.5,3.8333333333333335,4.416666666666667,7.583333333333333,3.6666666666666665,4.2,3.3333333333333335,3,2,4,5,3,7,10,22,11.0,3.0,40.0,83.33333333333334,50,3,1,3
879,1.875,3.5555555555555554,3.4444444444444446,2.7,4.25,1.6666666666666667,3.4166666666666665,7.5,2.75,3.55,2.8333333333333335,3,1,1,4,2,4,6,11,9.0,-5.0,40.0,83.33333333333334,100,0,1,0
880,2.25,4.0,3.6666666666666665,4.5,3.0,4.611111111111111,5.666666666666667,7.583333333333333,3.5,4.65,4.666666666666667,3,6,1,9,3,6,9,20,21.0,19.0,40.0,100.0,100,1,1,0
881,1.875,3.111111111111111,3.888888888888889,3.7,4.125,2.0555555555555554,4.583333333333333,7.083333333333333,3.0833333333333335,3.85,4.333333333333333,1,2,3,3,4,6,10,16,12.0,7.0,40.0,100.0,50,0,0,3
882,2.5,3.7777777777777777,4.777777777777778,2.6,2.375,2.5555555555555554,4.916666666666667,6.833333333333333,4.0,3.85,2.5,3,4,0,7,2,4,6,16,6.0,2.0,40.0,83.33333333333334,100,3,0,0
883,4.125,3.4444444444444446,3.2222222222222223,4.2,2.625,3.3333333333333335,6.416666666666667,6.916666666666667,3.1666666666666665,3.5,2.6666666666666665,3,6,1,9,3,6,9,23,13.0,10.0,40.0,100.0,100,4,0,1
884,2.875,4.222222222222222,4.444444444444445,3.8,2.375,3.611111111111111,5.666666666666667,6.5,3.0,4.35,3.3333333333333335,0,3,1,3,3,7,10,18,2.0,0.0,40.0,100.0,75,4,1,0
885,3.75,2.7777777777777777,3.5555555555555554,2.9,2.875,2.8333333333333335,4.25,5.416666666666667,4.333333333333333,2.4,3.0,3,5,4,8,4,7,11,27,8.0,5.0,40.0,83.33333333333334,100,4,1,3
886,4.125,4.555555555555555,4.555555555555555,4.4,1.875,3.7222222222222223,3.5,7.75,4.333333333333333,4.55,3.5,2,6,1,8,3,3,6,19,1.0,0.0,40.0,100.0,100,4,1,0
887,2.125,4.222222222222222,3.111111111111111,3.8,3.75,4.444444444444445,5.0,5.916666666666667,4.25,4.25,4.0,3,6,2,9,3,7,10,25,14.0,4.0,60.0,100.0,75,4,0,2
888,1.125,3.888888888888889,3.7777777777777777,4.4,3.125,3.4444444444444446,3.3333333333333335,6.75,3.0,3.9,4.5,3,5,2,8,3,7,10,23,12.0,5.0,40.0,100.0,75,3,1,1
889,1.875,4.111111111111111,2.888888888888889,3.2,4.125,2.611111111111111,4.333333333333333,7.416666666666667,3.8333333333333335,4.0,4.833333333333333,3,4,3,7,4,7,11,24,4.0,3.0,60.0,83.33333333333334,100,3,1,2
890,4.625,3.7777777777777777,4.333333333333333,3.1,3.875,4.888888888888889,5.25,6.75,4.416666666666667,4.3,2.0,3,6,2,9,4,6,10,22,13.0,4.0,40.0,83.33333333333334,75,1,0,2
891,3.75,5.0,4.888888888888889,4.1,1.375,3.7777777777777777,5.416666666666667,7.5,2.8333333333333335,4.0,3.5,3,5,0,8,2,4,6,17,13.0,6.0,40.0,100.0,50,3,0,0
892,1.125,2.7777777777777777,3.888888888888889,4.0,4.125,4.777777777777778,6.416666666666667,5.25,4.416666666666667,4.1,1.0,3,6,1,9,4,7,11,25,13.0,8.0,0.0,100.0,75,4,0,1
893,3.125,5.0,4.444444444444445,3.7,2.5,3.111111111111111,3.4166666666666665,5.416666666666667,3.5,4.4,3.5,2,3,4,5,3,6,9,18,12.0,9.0,60.0,66.66666666666666,100,0,1,3
894,3.875,4.333333333333333,4.777777777777778,4.9,1.875,4.388888888888889,4.333333333333333,6.75,4.25,4.45,5.0,3,6,3,9,4,4,8,22,16.0,3.0,40.0,100.0,100,2,0,3
895,3.875,3.2222222222222223,4.333333333333333,4.0,3.0,3.2777777777777777,7.333333333333333,7.0,2.8333333333333335,3.95,4.166666666666667,1,4,3,5,3,7,10,18,6.0,4.0,40.0,83.33333333333334,50,0,1,2
896,4.625,4.888888888888889,4.777777777777778,4.1,1.125,3.888888888888889,5.583333333333333,7.75,5.0,4.8,3.0,3,4,1,7,2,3,5,16,6.0,-13.0,40.0,100.0,75,3,1,0
897,3.125,4.0,4.333333333333333,4.0,2.25,4.388888888888889,5.5,5.25,3.9166666666666665,4.1,1.8333333333333333,2,5,4,7,4,6,10,23,13.0,11.0,40.0,66.66666666666666,50,2,1,3
898,3.75,4.777777777777778,4.888888888888889,3.5,1.75,4.277777777777778,4.75,6.166666666666667,4.75,4.7,5.0,2,4,0,6,2,2,4,11,19.0,-5.0,40.0,83.33333333333334,100,1,0,0
899,3.5,5.0,4.888888888888889,3.7,1.875,3.611111111111111,4.333333333333333,6.583333333333333,3.5833333333333335,4.4,3.5,3,5,2,8,4,6,10,22,3.0,-5.0,60.0,100.0,50,2,1,1
900,4.875,4.222222222222222,4.444444444444445,4.7,3.0,4.555555555555555,6.833333333333333,6.25,3.5,4.35,3.8333333333333335,3,6,1,9,3,5,8,18,12.0,10.0,60.0,66.66666666666666,25,0,1,0
901,1.875,4.555555555555555,2.5555555555555554,4.6,2.25,4.5,4.0,6.333333333333333,2.5833333333333335,4.25,2.6666666666666665,2,4,3,6,2,3,5,17,8.0,2.0,40.0,83.33333333333334,50,3,1,2
902,2.25,3.888888888888889,4.222222222222222,3.4,2.375,3.4444444444444446,3.75,7.833333333333333,3.5833333333333335,3.35,3.6666666666666665,3,4,0,7,1,4,5,12,-2.0,-25.0,60.0,83.33333333333334,75,0,0,0
903,3.0,4.555555555555555,5.0,4.1,1.25,3.1666666666666665,6.583333333333333,8.083333333333334,3.8333333333333335,4.5,3.8333333333333335,1,4,2,5,2,4,6,16,14.0,-10.0,40.0,83.33333333333334,50,3,0,2
904,2.125,3.0,2.4444444444444446,3.6,4.375,2.8333333333333335,6.916666666666667,7.083333333333333,2.25,3.65,3.1666666666666665,3,5,1,8,3,6,9,18,12.0,9.0,60.0,83.33333333333334,100,0,0,1
905,2.125,3.111111111111111,3.888888888888889,3.8,3.125,3.7222222222222223,4.75,7.0,2.9166666666666665,3.55,4.5,1,3,3,4,2,7,9,18,18.0,8.0,60.0,100.0,100,2,0,3
906,3.5,3.3333333333333335,2.6666666666666665,3.3,2.75,3.2222222222222223,4.833333333333333,4.833333333333333,2.9166666666666665,2.8,3.0,0,1,0,1,1,2,3,5,20.0,3.0,20.0,66.66666666666666,50,1,0,0
907,2.375,4.777777777777778,4.111111111111111,3.0,2.75,2.388888888888889,4.083333333333333,8.083333333333334,4.083333333333333,4.1,3.6666666666666665,3,3,3,6,1,2,3,15,5.0,-15.0,40.0,83.33333333333334,75,3,1,2
908,2.125,3.5555555555555554,3.0,2.7,3.375,3.2222222222222223,6.833333333333333,7.0,3.9166666666666665,3.9,3.8333333333333335,1,3,0,4,3,4,7,13,15.0,8.0,40.0,66.66666666666666,100,2,0,0
909,4.875,3.888888888888889,4.222222222222222,3.1,3.625,2.6666666666666665,5.0,6.833333333333333,2.4166666666666665,4.55,1.8333333333333333,3,3,0,6,2,3,5,11,27.0,0.0,40.0,50.0,25,0,0,0
910,3.5,4.0,3.7777777777777777,3.6,1.875,2.5555555555555554,6.25,6.0,4.0,3.4,4.0,2,3,1,5,3,6,9,19,11.0,8.0,40.0,66.66666666666666,50,4,1,0
911,2.5,4.333333333333333,3.7777777777777777,4.8,3.875,4.111111111111111,4.083333333333333,7.75,3.5,4.6,3.6666666666666665,3,4,1,7,3,5,8,17,18.0,5.0,60.0,66.66666666666666,75,1,1,0
912,2.125,5.0,4.111111111111111,4.4,1.125,4.777777777777778,2.8333333333333335,6.75,3.3333333333333335,4.15,2.0,2,2,3,4,3,6,9,20,15.0,0.0,40.0,66.66666666666666,75,4,0,3
913,2.25,4.333333333333333,4.777777777777778,4.4,3.75,3.888888888888889,5.166666666666667,7.083333333333333,3.1666666666666665,4.55,5.0,3,6,2,9,1,3,4,17,13.0,8.0,40.0,83.33333333333334,75,2,1,1
914,3.625,4.0,3.888888888888889,3.7,2.0,2.9444444444444446,5.0,8.0,3.0,3.15,4.0,1,3,0,4,2,4,6,12,21.0,8.0,40.0,66.66666666666666,50,2,0,0
915,3.25,3.3333333333333335,2.111111111111111,4.0,4.125,4.444444444444445,4.166666666666667,6.166666666666667,1.6666666666666667,3.7,4.333333333333333,3,6,4,9,3,6,9,26,6.0,-3.0,60.0,83.33333333333334,100,4,1,3
916,3.5,2.7777777777777777,3.2222222222222223,3.4,3.25,2.5555555555555554,4.5,5.416666666666667,4.5,3.65,2.1666666666666665,3,4,1,7,4,5,9,18,20.0,8.0,40.0,83.33333333333334,75,1,0,1
917,1.125,3.6666666666666665,3.888888888888889,3.8,3.75,2.9444444444444446,3.9166666666666665,6.583333333333333,4.0,4.1,3.5,1,5,2,6,3,5,8,19,15.0,4.0,20.0,83.33333333333334,50,3,1,1
918,1.625,3.7777777777777777,4.555555555555555,3.5,4.625,3.2222222222222223,3.5,7.333333333333333,4.666666666666667,4.9,4.166666666666667,3,4,1,7,2,3,5,15,5.0,0.0,40.0,66.66666666666666,50,2,0,1
919,2.5,4.0,4.222222222222222,3.4,2.25,3.4444444444444446,3.5,7.7272727272727275,3.5833333333333335,4.7,2.6666666666666665,3,5,1,8,3,2,5,16,2.0,-12.0,60.0,66.66666666666666,75,2,1,0
920,4.125,4.666666666666667,4.666666666666667,3.3,1.5,3.5,5.0,7.333333333333333,4.0,3.5,3.8333333333333335,3,6,1,9,3,4,7,20,12.0,-2.0,60.0,33.33333333333333,25,3,1,0
921,2.625,4.888888888888889,4.777777777777778,3.4,4.0,1.4444444444444444,8.083333333333334,9.0,4.333333333333333,4.75,4.5,3,2,1,5,0,4,4,13,12.0,10.0,40.0,66.66666666666666,75,3,0,1
922,2.375,4.555555555555555,3.888888888888889,3.9,2.625,2.4444444444444446,4.416666666666667,8.25,3.9166666666666665,3.75,3.8333333333333335,3,5,1,8,2,7,9,21,12.0,3.0,40.0,100.0,100,3,1,0
923,1.625,3.2222222222222223,3.7777777777777777,3.2,2.25,2.0555555555555554,3.9166666666666665,6.083333333333333,4.916666666666667,3.9,3.1666666666666665,2,5,2,7,2,4,6,15,-1.0,-9.0,60.0,83.33333333333334,100,0,1,1
924,3.0,2.7777777777777777,2.2222222222222223,4.4,4.5,3.8333333333333335,4.75,5.583333333333333,1.75,4.3,2.5,3,5,0,8,3,5,8,16,16.0,2.0,40.0,66.66666666666666,50,0,0,0
925,1.75,4.555555555555555,4.888888888888889,3.0,1.5,2.611111111111111,3.9166666666666665,8.5,3.75,4.1,3.5,3,1,0,4,2,4,6,11,-1.0,-5.0,40.0,83.33333333333334,100,1,0,0
926,2.875,3.0,4.111111111111111,2.9,1.375,1.6111111111111112,2.75,7.166666666666667,5.0,3.25,3.0,3,5,0,8,2,4,6,17,10.0,-11.0,40.0,100.0,100,3,0,0
927,4.0,3.6666666666666665,5.0,4.5,1.25,4.611111111111111,5.454545454545454,5.5,2.5833333333333335,3.2,1.5,2,3,1,5,0,4,4,12,18.0,4.0,40.0,50.0,75,2,0,1
928,2.75,3.4444444444444446,3.111111111111111,3.9,4.25,4.333333333333333,6.416666666666667,8.25,4.333333333333333,4.45,2.8333333333333335,1,1,1,2,2,3,5,9,21.0,-5.0,60.0,83.33333333333334,100,1,1,0
929,2.625,3.3333333333333335,3.2222222222222223,3.9,3.125,2.888888888888889,6.75,6.25,3.9166666666666665,3.0,2.5,1,0,1,1,2,4,6,8,22.0,8.0,40.0,66.66666666666666,75,0,1,0
930,3.125,4.333333333333333,4.333333333333333,3.7,3.25,2.9444444444444446,5.833333333333333,7.583333333333333,3.6666666666666665,3.3,3.1666666666666665,1,2,3,3,2,5,7,16,14.0,15.0,100.0,100.0,100,3,1,2
931,2.625,4.222222222222222,4.111111111111111,3.9,2.25,4.055555555555555,5.166666666666667,7.75,3.3333333333333335,4.15,3.8333333333333335,3,3,1,6,2,4,6,13,19.0,2.0,40.0,16.666666666666664,25,0,0,1
932,2.375,4.111111111111111,3.4444444444444446,3.7,4.0,2.7777777777777777,4.5,6.583333333333333,3.25,3.4,3.5,1,3,1,4,2,3,5,13,7.0,-2.0,40.0,50.0,75,3,0,1
933,2.75,4.222222222222222,4.222222222222222,3.8,2.125,4.055555555555555,3.75,8.416666666666666,4.666666666666667,3.5,4.333333333333333,3,5,2,8,3,2,5,16,4.0,-15.0,40.0,100.0,100,1,0,2
934,1.75,5.0,5.0,4.1,2.0,4.611111111111111,3.75,8.25,5.0,5.0,4.0,1,4,4,5,4,4,8,21,9.0,3.0,60.0,83.33333333333334,75,4,1,3
935,1.375,3.5555555555555554,3.0,2.0,2.5,3.2777777777777777,3.0,7.333333333333333,4.833333333333333,1.95,3.0,3,5,4,8,3,5,8,24,-4.0,5.0,60.0,100.0,100,4,1,3
936,2.0,2.5555555555555554,4.666666666666667,2.8,4.125,1.8888888888888888,4.083333333333333,5.583333333333333,3.4166666666666665,3.7,2.3333333333333335,2,3,1,5,1,5,6,15,6.0,1.0,60.0,66.66666666666666,50,3,0,1
937,2.75,2.4444444444444446,3.111111111111111,3.4,3.25,3.888888888888889,7.75,5.5,2.1666666666666665,4.0,3.5,3,3,2,6,4,3,7,17,16.0,8.0,40.0,83.33333333333334,100,2,1,1
938,2.125,2.6666666666666665,2.888888888888889,3.9,3.875,3.2222222222222223,3.0,6.75,4.166666666666667,4.05,4.166666666666667,2,4,1,6,2,5,7,15,15.0,-5.0,0.0,100.0,50,1,1,0
939,4.5,4.444444444444445,4.333333333333333,3.0,2.5,1.8888888888888888,6.0,8.25,4.416666666666667,3.95,3.5,2,3,1,5,2,3,5,12,22.0,-1.0,60.0,100.0,50,1,1,0
940,1.0,3.0,2.111111111111111,3.1,4.625,2.111111111111111,3.1666666666666665,6.333333333333333,4.916666666666667,4.2,3.6666666666666665,3,3,3,6,3,6,9,21,6.0,-3.0,60.0,83.33333333333334,50,3,1,2
941,2.625,4.111111111111111,3.888888888888889,4.3,3.125,3.8333333333333335,7.0,9.0,4.75,4.95,4.833333333333333,1,1,1,2,2,3,5,9,23.0,12.0,100.0,100.0,75,1,1,0
942,3.25,4.333333333333333,3.2222222222222223,3.6,3.75,3.888888888888889,3.5,6.75,4.083333333333333,4.55,5.0,3,4,3,7,3,6,9,22,-2.0,-2.0,60.0,100.0,100,3,1,2
943,1.25,4.222222222222222,3.7777777777777777,4.3,4.25,4.5,3.25,6.666666666666667,3.0833333333333335,4.45,4.333333333333333,3,4,1,7,2,2,4,15,0.0,-7.0,60.0,83.33333333333334,100,3,0,1
944,1.875,4.111111111111111,4.777777777777778,3.2,2.375,3.7222222222222223,5.416666666666667,6.916666666666667,2.8333333333333335,3.55,2.6666666666666665,3,6,1,9,4,7,11,23,17.0,0.0,40.0,83.33333333333334,75,2,1,0
945,1.5,5.0,4.888888888888889,3.9,1.0,4.5,2.1666666666666665,6.333333333333333,3.1666666666666665,4.9,4.166666666666667,3,5,1,8,4,7,11,24,8.0,2.0,40.0,83.33333333333334,100,4,1,0
946,2.875,3.888888888888889,4.333333333333333,3.6,3.125,3.611111111111111,5.833333333333333,7.0,3.0833333333333335,3.9,3.6666666666666665,2,6,3,8,4,5,9,22,13.0,1.0,60.0,83.33333333333334,100,2,1,2
947,2.0,3.6666666666666665,4.444444444444445,4.7,4.0,4.166666666666667,4.666666666666667,8.5,4.333333333333333,4.5,5.0,2,5,3,7,4,7,11,23,9.0,0.0,60.0,100.0,100,2,1,2
948,3.25,4.666666666666667,4.444444444444445,3.7,3.25,3.5555555555555554,6.5,8.5,2.75,4.7,1.8333333333333333,2,5,0,7,2,4,6,15,23.0,13.0,60.0,83.33333333333334,50,2,0,0
949,2.75,2.888888888888889,2.6666666666666665,3.8,4.25,2.8333333333333335,6.166666666666667,7.083333333333333,3.5,3.85,3.5,3,3,1,6,4,5,9,18,7.0,-1.0,40.0,83.33333333333334,50,2,1,0
950,4.0,3.7777777777777777,4.111111111111111,3.7,2.875,3.8333333333333335,7.0,6.833333333333333,4.0,3.95,3.5,2,3,2,5,1,4,5,14,15.0,7.0,40.0,100.0,75,2,1,1
951,3.375,4.0,3.7777777777777777,3.1,2.5,3.2222222222222223,4.0,7.666666666666667,3.0,3.75,2.8333333333333335,3,5,0,8,2,6,8,18,12.0,-5.0,60.0,50.0,100,2,0,0
952,2.125,4.111111111111111,4.111111111111111,4.3,3.375,3.3333333333333335,6.416666666666667,8.333333333333334,3.3333333333333335,4.35,3.5,3,3,0,6,2,3,5,14,11.0,4.0,60.0,100.0,25,3,0,0
953,1.0,4.777777777777778,1.8888888888888888,2.8,4.25,2.0,2.9166666666666665,8.083333333333334,3.0,4.3,3.3333333333333335,3,5,0,8,2,4,6,15,3.0,-6.0,40.0,83.33333333333334,75,1,0,0
954,3.25,3.6666666666666665,3.0,3.9,2.25,3.7777777777777777,5.75,6.916666666666667,3.4166666666666665,3.55,3.5,1,3,0,4,3,1,4,8,27.0,-1.0,60.0,100.0,75,0,0,0
955,3.875,4.888888888888889,4.777777777777778,4.5,2.5,4.5,6.583333333333333,8.75,3.0,3.7,3.6666666666666665,0,0,1,0,2,4,6,7,23.0,0.0,100.0,33.33333333333333,50,0,0,1
956,3.875,3.6666666666666665,2.2222222222222223,4.4,2.75,3.8333333333333335,3.5833333333333335,5.333333333333333,2.0,2.65,3.1666666666666665,3,3,1,6,4,5,9,19,2.0,3.0,40.0,50.0,75,3,0,1
957,3.125,3.111111111111111,4.0,3.4,4.0,2.111111111111111,3.75,6.083333333333333,2.3333333333333335,4.2,2.8333333333333335,3,6,1,9,2,3,5,18,17.0,5.0,40.0,66.66666666666666,50,3,0,1
958,1.5,3.7777777777777777,4.444444444444445,4.4,2.5,4.111111111111111,4.0,7.166666666666667,3.6666666666666665,4.45,4.166666666666667,3,6,2,9,4,5,9,21,14.0,0.0,40.0,83.33333333333334,75,1,0,2
959,3.5,3.5555555555555554,2.7777777777777777,3.5,2.75,2.5,6.0,5.583333333333333,3.3333333333333335,2.9,3.1666666666666665,1,3,1,4,2,4,6,13,12.0,5.0,40.0,66.66666666666666,75,2,0,1
960,3.25,4.111111111111111,4.222222222222222,3.7,2.0,3.7222222222222223,3.9166666666666665,7.166666666666667,3.6666666666666665,3.6,4.166666666666667,1,2,1,3,2,3,5,12,20.0,2.0,40.0,66.66666666666666,100,3,1,0
961,4.0,4.0,4.222222222222222,4.6,2.5,4.333333333333333,4.916666666666667,8.666666666666666,2.1666666666666665,4.85,3.0,3,5,0,8,3,5,8,18,2.0,0.0,40.0,33.33333333333333,50,2,0,0
962,2.875,3.4444444444444446,2.4444444444444446,4.5,2.875,4.5,6.25,7.333333333333333,3.0833333333333335,4.6,1.3333333333333333,1,4,0,5,3,7,10,18,12.0,5.0,40.0,100.0,100,3,0,0
963,3.0,3.888888888888889,3.4444444444444446,4.1,2.75,3.9444444444444446,4.416666666666667,4.5,2.8333333333333335,3.5,4.0,3,6,4,9,4,7,11,25,15.0,4.0,40.0,83.33333333333334,100,1,1,3
964,3.5,4.222222222222222,3.3333333333333335,3.4,4.125,3.388888888888889,4.916666666666667,7.363636363636363,2.1666666666666665,4.4,1.0,1,1,1,2,2,3,5,8,17.0,-5.0,40.0,33.33333333333333,25,0,1,0
965,3.75,4.777777777777778,4.111111111111111,4.6,1.0,4.333333333333333,6.583333333333333,8.833333333333334,3.0833333333333335,4.2,3.0,2,4,4,6,2,3,5,17,18.0,0.0,40.0,83.33333333333334,100,2,1,3
966,3.375,2.888888888888889,3.5555555555555554,3.6,3.5,3.1666666666666665,8.083333333333334,7.416666666666667,3.4166666666666665,3.1,3.6666666666666665,0,1,1,1,2,3,5,9,16.0,5.0,40.0,83.33333333333334,25,2,1,0
967,3.25,4.333333333333333,4.888888888888889,3.2,3.5,3.7222222222222223,3.5833333333333335,8.25,4.083333333333333,4.7,2.3333333333333335,3,4,1,7,3,3,6,17,13.0,5.0,40.0,66.66666666666666,75,3,1,0
968,3.625,4.0,5.0,4.9,1.0,4.5,7.333333333333333,7.25,3.6666666666666665,4.0,4.666666666666667,2,4,1,6,2,3,5,15,13.0,2.0,40.0,83.33333333333334,75,3,1,0
969,1.5,3.2222222222222223,4.777777777777778,3.3,2.0,2.888888888888889,4.5,6.833333333333333,2.5833333333333335,3.5,3.3333333333333335,3,5,0,8,2,3,5,14,4.0,-3.0,40.0,100.0,75,1,0,0
970,1.875,3.4444444444444446,4.777777777777778,4.4,3.25,3.7777777777777777,5.666666666666667,8.666666666666666,5.0,4.25,5.0,1,3,1,4,2,3,5,13,7.0,-5.0,40.0,83.33333333333334,100,3,1,0
971,1.375,3.3333333333333335,3.4444444444444446,3.7,4.5,3.8333333333333335,3.9166666666666665,7.75,2.9166666666666665,4.3,4.5,3,6,3,9,4,7,11,25,13.0,8.0,40.0,100.0,75,2,1,2
972,4.0,2.3333333333333335,3.6666666666666665,3.8,2.125,4.5,6.583333333333333,5.916666666666667,3.1666666666666665,3.15,2.5,3,6,3,9,4,7,11,23,15.0,10.0,60.0,83.33333333333334,50,0,0,3
973,3.625,4.222222222222222,5.0,4.8,1.125,4.0,7.916666666666667,5.666666666666667,3.5,3.5,4.666666666666667,2,4,2,6,2,3,5,17,15.0,2.0,40.0,100.0,50,4,0,2
974,2.25,3.7777777777777777,2.7777777777777777,2.7,3.375,2.111111111111111,4.75,5.333333333333333,1.75,3.0,2.1666666666666665,3,5,4,8,4,3,7,22,3.0,5.0,60.0,66.66666666666666,75,3,1,3
975,2.75,4.333333333333333,3.111111111111111,2.9,2.625,3.611111111111111,3.8333333333333335,6.916666666666667,3.0833333333333335,3.9,4.5,3,5,1,8,3,6,9,19,16.0,15.0,40.0,66.66666666666666,75,1,1,0
976,3.875,4.777777777777778,4.666666666666667,4.2,4.0,3.9444444444444446,4.5,6.5,2.5,4.85,1.0,2,5,1,7,4,7,11,22,14.0,6.0,60.0,100.0,75,3,1,0
977,1.75,4.555555555555555,3.2222222222222223,4.1,3.75,4.611111111111111,4.833333333333333,6.583333333333333,3.0,4.0,4.333333333333333,3,4,0,7,2,2,4,12,26.0,13.0,40.0,100.0,100,1,0,0
978,3.25,3.7777777777777777,3.6666666666666665,3.6,3.125,2.5555555555555554,6.416666666666667,7.75,2.75,3.8,2.3333333333333335,1,0,0,1,2,3,5,6,10.0,-5.0,40.0,66.66666666666666,75,0,0,0
979,2.25,4.666666666666667,3.7777777777777777,2.7,2.5,2.6666666666666665,4.0,7.75,3.1666666666666665,4.15,2.5,2,3,1,5,2,4,6,13,2.0,-6.0,40.0,100.0,50,1,1,0
980,3.625,4.777777777777778,5.0,3.6,1.0,3.5555555555555554,3.6666666666666665,7.75,4.166666666666667,2.9,3.0,3,3,1,6,2,3,5,14,8.0,0.0,40.0,83.33333333333334,100,2,0,1
981,4.125,4.222222222222222,4.555555555555555,3.2,1.5,3.388888888888889,3.9166666666666665,7.545454545454546,3.5,3.7,4.666666666666667,1,1,1,2,3,4,7,12,23.0,15.0,40.0,83.33333333333334,75,2,1,0
982,3.625,4.111111111111111,4.333333333333333,2.2,1.875,3.888888888888889,5.083333333333333,5.333333333333333,3.25,2.6,2.1666666666666665,3,4,1,7,2,5,7,17,5.0,4.0,40.0,66.66666666666666,50,2,1,0
983,3.625,4.444444444444445,4.111111111111111,3.6,2.125,3.0555555555555554,8.0,8.0,3.25,3.4,4.0,0,1,0,1,0,7,7,9,21.0,0.0,60.0,100.0,25,1,0,0
984,2.875,3.0,3.111111111111111,4.4,3.75,3.6666666666666665,4.083333333333333,6.833333333333333,4.083333333333333,4.05,4.333333333333333,2,5,2,7,2,5,7,18,12.0,8.0,40.0,83.33333333333334,100,2,1,1
985,2.5,3.111111111111111,3.6666666666666665,3.8,2.75,3.111111111111111,5.416666666666667,6.166666666666667,3.75,3.45,3.6666666666666665,2,4,1,6,2,4,6,15,18.0,4.0,40.0,66.66666666666666,100,2,1,0
986,3.875,5.0,4.111111111111111,4.1,1.125,4.166666666666667,3.75,6.833333333333333,2.75,4.2,1.0,2,3,2,5,2,3,5,15,15.0,0.0,40.0,100.0,100,3,1,1
987,4.25,4.666666666666667,4.888888888888889,4.7,1.75,4.444444444444445,7.583333333333333,7.416666666666667,3.9166666666666665,4.1,4.666666666666667,1,3,3,4,2,5,7,18,10.0,-2.0,40.0,83.33333333333334,100,4,0,3
988,3.375,4.666666666666667,4.111111111111111,3.1,1.375,3.2777777777777777,6.833333333333333,7.416666666666667,3.6666666666666665,2.95,4.166666666666667,2,4,1,6,2,3,5,13,14.0,2.0,40.0,83.33333333333334,50,1,0,1
989,3.75,3.5555555555555554,4.777777777777778,4.6,2.25,3.6666666666666665,5.25,7.25,3.9166666666666665,3.7,4.666666666666667,1,0,0,1,2,3,5,6,24.0,10.0,80.0,83.33333333333334,75,0,0,0
990,2.375,2.888888888888889,3.5555555555555554,4.4,4.5,3.4444444444444446,5.0,6.666666666666667,2.4166666666666665,3.9,3.0,3,5,4,8,3,7,10,25,5.0,15.0,60.0,83.33333333333334,75,3,1,3
991,3.125,4.888888888888889,3.4444444444444446,3.8,1.75,3.8333333333333335,3.9166666666666665,7.5,1.8333333333333333,3.2,2.8333333333333335,3,2,3,5,4,7,11,22,8.0,5.0,40.0,100.0,50,3,1,2
992,2.875,4.0,4.111111111111111,3.2,2.375,3.0,7.083333333333333,7.083333333333333,3.5,2.95,3.6666666666666665,0,2,1,2,1,4,5,9,16.0,-5.0,40.0,100.0,25,1,0,1
993,3.75,4.333333333333333,3.7777777777777777,4.8,1.75,4.277777777777778,3.75,6.909090909090909,2.5,4.3,4.0,3,4,4,7,4,6,10,22,14.0,4.0,40.0,66.66666666666666,75,1,1,3
994,1.375,4.777777777777778,3.2222222222222223,3.7,3.25,3.8333333333333335,4.416666666666667,7.666666666666667,3.75,4.6,4.0,3,4,3,7,4,7,11,24,10.0,4.0,60.0,66.66666666666666,50,3,1,2
995,1.75,3.3333333333333335,4.111111111111111,3.4,2.875,3.0,3.3333333333333335,5.583333333333333,3.1666666666666665,3.65,3.0,3,5,4,8,3,6,9,25,13.0,6.0,40.0,100.0,75,4,1,3
996,3.75,4.222222222222222,4.333333333333333,2.8,1.25,4.388888888888889,5.666666666666667,6.25,3.9166666666666665,2.5,2.6666666666666665,2,6,4,8,4,7,11,27,15.0,27.0,60.0,100.0,75,4,1,3
997,3.625,4.222222222222222,3.4444444444444446,5.0,3.875,5.0,3.6666666666666665,7.75,3.5,4.75,4.5,2,5,1,7,2,5,7,16,4.0,-10.0,40.0,100.0,75,1,1,0
998,4.625,4.0,4.222222222222222,4.1,2.625,3.888888888888889,5.25,7.166666666666667,2.4166666666666665,4.4,3.3333333333333335,3,6,2,9,3,6,9,23,15.0,8.0,40.0,83.33333333333334,75,3,1,1
999,4.25,4.666666666666667,4.777777777777778,1.9,1.5,1.0,2.5833333333333335,7.833333333333333,4.166666666666667,4.5,4.166666666666667,0,5,0,5,2,3,5,11,14.0,-5.0,40.0,66.66666666666666,75,1,0,0
1000,3.5,2.4444444444444446,2.2222222222222223,4.5,3.625,3.1666666666666665,4.25,2.4166666666666665,3.75,3.8,1.8333333333333333,2,5,1,7,4,7,11,21,17.0,6.0,0.0,100.0,75,2,1,0
1001,2.625,2.4444444444444446,3.4444444444444446,3.4,3.5,2.611111111111111,5.916666666666667,5.833333333333333,3.3333333333333335,3.65,2.0,1,2,3,3,3,7,10,19,16.0,10.0,40.0,66.66666666666666,75,3,0,3
1002,2.75,4.333333333333333,3.7777777777777777,4.9,2.875,4.222222222222222,6.181818181818182,7.666666666666667,2.9166666666666665,4.3,3.3333333333333335,3,2,2,5,4,4,8,17,15.0,12.0,40.0,100.0,75,2,1,1
1003,3.5,3.7777777777777777,3.0,3.9,3.375,2.611111111111111,3.4166666666666665,6.666666666666667,2.4166666666666665,3.8,3.5,3,6,0,9,4,5,9,20,18.0,8.0,60.0,83.33333333333334,75,2,0,0
1004,1.0,3.2222222222222223,2.0,2.1,4.875,2.9444444444444446,3.9166666666666665,6.916666666666667,3.9166666666666665,2.85,2.1666666666666665,2,5,4,7,2,6,8,22,3.0,4.0,40.0,83.33333333333334,100,3,1,3
1005,2.25,3.0,3.4444444444444446,4.0,4.625,3.9444444444444446,4.916666666666667,7.333333333333333,2.6666666666666665,4.85,4.166666666666667,1,5,3,6,2,2,4,14,16.0,5.0,40.0,100.0,75,1,0,3
1006,1.375,3.5555555555555554,4.888888888888889,2.7,3.5,2.2222222222222223,3.75,7.666666666666667,4.083333333333333,3.05,3.8333333333333335,3,4,1,7,3,5,8,19,17.0,6.0,40.0,100.0,25,3,1,0
1007,3.875,4.333333333333333,4.888888888888889,4.1,2.25,2.4444444444444446,6.333333333333333,5.333333333333333,1.8333333333333333,4.0,4.5,1,2,1,3,1,2,3,9,19.0,7.0,20.0,83.33333333333334,50,2,1,0
1008,4.25,3.4444444444444446,4.444444444444445,4.6,2.75,4.055555555555555,4.166666666666667,7.583333333333333,2.75,3.95,3.8333333333333335,3,3,1,6,3,2,5,12,23.0,10.0,60.0,33.33333333333333,100,0,0,1
1009,1.125,3.3333333333333335,3.888888888888889,4.5,3.875,3.7222222222222223,3.75,6.0,2.6666666666666665,4.4,2.5,3,6,2,9,4,7,11,26,8.0,6.0,40.0,83.33333333333334,100,4,0,2
1010,4.5,4.777777777777778,5.0,5.0,1.0,4.666666666666667,4.583333333333333,8.416666666666666,4.166666666666667,3.6,3.1666666666666665,3,5,3,8,4,3,7,21,14.0,5.0,60.0,100.0,100,3,1,2
1011,2.5,4.444444444444445,3.7777777777777777,3.0,1.75,2.0555555555555554,4.333333333333333,8.25,4.25,4.25,3.3333333333333335,3,5,2,8,2,3,5,16,14.0,-5.0,60.0,66.66666666666666,75,1,1,1
1012,4.25,4.111111111111111,4.444444444444445,4.9,2.375,4.277777777777778,4.166666666666667,6.583333333333333,3.8333333333333335,4.55,4.166666666666667,2,4,0,6,3,7,10,18,5.0,8.0,40.0,66.66666666666666,100,2,0,0
1013,2.375,3.3333333333333335,3.3333333333333335,4.0,4.625,3.3333333333333335,3.0,6.083333333333333,3.3333333333333335,4.45,3.3333333333333335,2,6,4,8,2,6,8,23,5.0,13.0,40.0,66.66666666666666,100,3,1,3
1014,2.75,4.777777777777778,3.6666666666666665,4.8,2.5,4.444444444444445,5.833333333333333,8.25,3.5833333333333335,4.0,4.166666666666667,3,6,3,9,3,7,10,23,15.0,8.0,60.0,66.66666666666666,75,1,1,2
1015,4.25,4.333333333333333,3.6666666666666665,4.0,3.0,4.0,4.833333333333333,6.666666666666667,3.25,4.1,4.333333333333333,3,5,1,8,3,4,7,19,8.0,3.0,60.0,66.66666666666666,100,3,0,1
1016,3.125,4.0,3.4444444444444446,3.4,3.875,2.8333333333333335,5.583333333333333,7.75,2.5,4.2,3.5,0,2,2,2,2,3,5,12,6.0,-7.0,40.0,66.66666666666666,75,3,1,1
1017,1.75,4.111111111111111,2.7777777777777777,3.9,4.375,2.3333333333333335,4.166666666666667,8.5,3.8333333333333335,4.35,3.8333333333333335,1,1,1,2,2,6,8,13,7.0,-10.0,60.0,83.33333333333334,100,2,0,1
1018,4.75,4.888888888888889,4.222222222222222,4.5,1.75,4.777777777777778,5.75,6.916666666666667,2.4166666666666665,4.95,4.666666666666667,3,6,4,9,4,7,11,24,17.0,11.0,100.0,100.0,100,0,1,3
1019,2.75,3.6666666666666665,4.0,3.5,2.625,3.611111111111111,5.416666666666667,7.2727272727272725,2.8333333333333335,3.45,2.0,3,3,0,6,2,3,5,13,17.0,10.0,40.0,83.33333333333334,50,2,0,0
1020,3.0,4.444444444444445,5.0,4.2,1.625,4.555555555555555,5.083333333333333,7.666666666666667,4.75,4.1,3.6666666666666665,3,1,3,4,2,3,5,15,20.0,5.0,40.0,0.0,75,3,0,3
1021,3.25,2.7777777777777777,2.7777777777777777,3.5,4.75,2.4444444444444446,5.666666666666667,6.083333333333333,4.0,4.4,3.3333333333333335,3,4,0,7,2,4,6,15,-5.0,-4.0,0.0,66.66666666666666,100,2,0,0
1022,1.375,3.888888888888889,2.5555555555555554,3.9,4.125,4.0,5.333333333333333,7.333333333333333,3.75,4.8,4.5,1,2,0,3,4,2,6,11,4.0,-10.0,100.0,100.0,75,2,0,0
1023,2.125,4.666666666666667,3.3333333333333335,4.6,2.75,4.833333333333333,5.333333333333333,6.333333333333333,2.6666666666666665,4.7,2.5,3,6,2,9,2,3,5,19,19.0,8.0,40.0,100.0,50,3,1,1
1024,1.375,2.4444444444444446,4.666666666666667,3.0,3.375,1.8333333333333333,4.083333333333333,5.083333333333333,3.8333333333333335,3.0,1.3333333333333333,3,6,3,9,3,6,9,24,6.0,-5.0,60.0,66.66666666666666,100,3,1,2
1025,1.125,3.2222222222222223,4.333333333333333,4.1,3.625,2.0,2.5,3.5833333333333335,2.9166666666666665,4.5,2.3333333333333335,3,6,0,9,2,4,6,16,9.0,-5.0,40.0,66.66666666666666,75,1,0,0
1026,3.375,4.111111111111111,4.777777777777778,4.6,1.375,4.5,3.1666666666666665,6.916666666666667,4.583333333333333,4.75,5.0,3,6,4,9,3,4,7,23,17.0,5.0,60.0,83.33333333333334,75,3,1,3
1027,2.375,2.2222222222222223,5.0,4.1,3.25,4.444444444444445,4.083333333333333,5.916666666666667,5.0,3.55,4.0,2,2,1,4,3,6,9,16,-6.0,-10.0,40.0,50.0,100,2,1,0
1028,4.75,4.111111111111111,4.111111111111111,4.8,1.875,4.666666666666667,4.833333333333333,7.833333333333333,2.75,4.05,4.333333333333333,2,5,1,7,2,4,6,18,9.0,7.0,60.0,66.66666666666666,100,4,1,0
1029,2.125,3.7777777777777777,4.0,4.5,4.0,3.7777777777777777,6.25,8.25,3.8333333333333335,4.0,2.0,1,0,1,1,2,3,5,7,8.0,-5.0,40.0,50.0,50,0,0,1
1030,2.0,2.7777777777777777,4.555555555555555,2.4,3.75,1.6666666666666667,6.416666666666667,7.5,3.9166666666666665,3.7,3.0,0,2,3,2,2,4,6,14,6.0,-10.0,0.0,83.33333333333334,50,3,1,2
1031,1.625,3.5555555555555554,4.333333333333333,4.4,1.625,4.0,4.583333333333333,6.583333333333333,3.9166666666666665,3.55,4.0,3,6,4,9,4,7,11,26,15.0,21.0,60.0,83.33333333333334,100,2,1,3
1032,2.125,3.111111111111111,4.555555555555555,3.0,4.375,1.3333333333333333,3.8333333333333335,6.833333333333333,2.8333333333333335,4.1,4.0,2,5,1,7,2,3,5,15,5.0,-5.0,40.0,66.66666666666666,75,2,1,0
1033,2.75,2.888888888888889,4.222222222222222,4.2,2.125,4.111111111111111,4.166666666666667,5.333333333333333,3.8333333333333335,3.5,5.0,3,5,2,8,4,7,11,21,18.0,24.0,40.0,83.33333333333334,25,0,1,1
1034,3.25,4.888888888888889,4.777777777777778,4.0,1.375,3.388888888888889,6.75,8.666666666666666,3.3333333333333335,4.3,5.0,2,3,1,5,3,4,7,15,15.0,-9.0,40.0,83.33333333333334,50,2,1,0
1035,1.375,3.888888888888889,3.2222222222222223,3.3,2.75,2.5,5.5,6.666666666666667,4.25,2.95,2.3333333333333335,0,3,0,3,2,3,5,8,8.0,-4.0,60.0,50.0,100,0,0,0
1036,3.125,4.222222222222222,3.111111111111111,3.5,2.375,3.111111111111111,5.416666666666667,6.666666666666667,4.083333333333333,3.9,4.333333333333333,2,4,3,6,2,3,5,17,8.0,10.0,60.0,66.66666666666666,50,3,1,2
1037,3.75,3.888888888888889,4.222222222222222,3.8,3.25,4.666666666666667,4.666666666666667,6.666666666666667,1.75,4.1,2.3333333333333335,2,1,2,3,2,3,5,12,18.0,15.0,60.0,66.66666666666666,50,2,0,2
1038,3.625,4.111111111111111,4.333333333333333,4.3,1.375,3.8333333333333335,6.166666666666667,5.0,3.3333333333333335,4.25,4.333333333333333,3,5,1,8,2,7,9,20,15.0,3.0,100.0,100.0,50,2,1,0
1039,1.875,3.6666666666666665,3.2222222222222223,3.6,1.25,2.4444444444444446,3.3333333333333335,6.833333333333333,4.083333333333333,2.7,5.0,3,6,3,9,3,7,10,26,4.0,9.0,0.0,83.33333333333334,100,4,1,2
1040,3.25,4.222222222222222,5.0,4.8,2.375,4.388888888888889,4.0,6.416666666666667,4.583333333333333,2.9,4.0,3,6,2,9,4,7,11,26,11.0,7.0,60.0,66.66666666666666,100,4,1,1
1041,2.0,4.111111111111111,3.5555555555555554,3.3,2.75,3.5555555555555554,5.083333333333333,7.5,4.666666666666667,3.85,4.5,1,1,0,2,3,6,9,13,17.0,4.0,60.0,66.66666666666666,75,2,0,0
1042,3.0,2.888888888888889,3.2222222222222223,3.4,3.125,2.9444444444444446,6.333333333333333,5.75,3.5,2.95,3.5,3,6,0,9,4,6,10,20,10.0,0.0,0.0,100.0,0,1,0,0
1043,3.375,4.0,4.111111111111111,3.9,2.5,3.7222222222222223,3.75,7.916666666666667,1.75,3.75,2.5,3,3,1,6,2,4,6,16,18.0,4.0,40.0,66.66666666666666,75,3,1,0
1044,3.875,4.111111111111111,3.2222222222222223,3.4,3.75,3.3333333333333335,5.416666666666667,5.416666666666667,4.0,4.1,2.5,1,3,2,4,3,6,9,18,7.0,3.0,40.0,66.66666666666666,25,3,0,2
1045,1.625,2.2222222222222223,2.888888888888889,3.1,3.75,2.1666666666666665,4.833333333333333,6.416666666666667,2.0,4.35,3.6666666666666665,3,1,0,4,2,4,6,11,-9.0,-5.0,40.0,66.66666666666666,75,1,0,0
1046,2.5,3.888888888888889,3.4444444444444446,3.4,2.375,3.7777777777777777,3.5833333333333335,7.25,2.6666666666666665,3.6,3.8333333333333335,2,2,3,4,2,3,5,13,7.0,-10.0,100.0,50.0,50,1,1,2
1047,3.625,5.0,5.0,2.7,1.0,2.7222222222222223,6.833333333333333,8.833333333333334,4.333333333333333,4.7,3.1666666666666665,3,5,2,8,4,4,8,21,9.0,0.0,40.0,100.0,100,3,1,1
1048,2.625,3.0,4.666666666666667,3.7,1.25,3.7222222222222223,5.25,6.666666666666667,4.416666666666667,3.05,4.333333333333333,3,4,3,7,3,7,10,24,9.0,10.0,80.0,83.33333333333334,100,4,1,2
1049,3.0,4.0,3.111111111111111,5.0,3.125,4.722222222222222,4.25,6.75,3.6666666666666665,4.5,5.0,3,6,3,9,4,6,10,25,7.0,7.0,60.0,83.33333333333334,100,3,1,2
1050,4.0,4.777777777777778,3.3333333333333335,3.9,2.0,3.888888888888889,3.8333333333333335,7.5,4.416666666666667,4.0,3.8333333333333335,3,6,3,9,2,5,7,21,12.0,-2.0,60.0,50.0,75,2,1,2
1051,1.625,4.111111111111111,3.5555555555555554,3.7,4.75,2.7777777777777777,3.8333333333333335,6.166666666666667,2.0833333333333335,3.45,3.8333333333333335,1,2,1,3,2,6,8,13,7.0,-5.0,40.0,50.0,100,1,1,0
1052,2.0,3.7777777777777777,2.5555555555555554,2.7,3.5,2.111111111111111,3.25,7.583333333333333,4.0,4.3,4.333333333333333,3,6,1,9,2,3,5,17,18.0,1.0,40.0,83.33333333333334,75,2,1,0
1053,3.125,5.0,5.0,4.0,2.125,4.055555555555555,4.75,6.916666666666667,4.416666666666667,4.25,4.833333333333333,2,3,1,5,3,5,8,14,1.0,0.0,40.0,66.66666666666666,100,0,0,1
1054,3.25,4.111111111111111,4.0,4.1,2.5,3.888888888888889,7.916666666666667,8.416666666666666,3.6666666666666665,4.15,4.166666666666667,3,3,1,6,2,2,4,11,29.0,5.0,40.0,66.66666666666666,75,0,1,0
1055,2.875,4.0,3.888888888888889,4.8,3.0,4.166666666666667,5.0,5.333333333333333,4.083333333333333,4.3,4.5,3,4,3,7,3,6,9,21,-6.0,3.0,60.0,66.66666666666666,100,2,1,2
1056,3.75,4.444444444444445,4.888888888888889,4.2,3.0,3.888888888888889,8.916666666666666,8.666666666666666,4.25,4.1,4.833333333333333,3,2,0,5,2,4,6,14,21.0,5.0,40.0,50.0,50,3,0,0
1057,2.125,1.6666666666666667,4.333333333333333,4.6,4.75,4.333333333333333,4.833333333333333,7.166666666666667,2.3333333333333335,4.4,4.0,3,6,0,9,2,4,6,17,13.0,10.0,60.0,66.66666666666666,75,2,0,0
1058,2.0,4.0,4.111111111111111,3.5,3.75,2.6666666666666665,4.666666666666667,8.583333333333334,3.0833333333333335,4.45,4.666666666666667,3,6,2,9,3,3,6,18,22.0,5.0,60.0,83.33333333333334,75,1,0,2
1059,1.5,3.0,3.3333333333333335,4.3,4.0,3.4444444444444446,6.125,5.5,3.0,3.55,3.6666666666666665,3,6,3,9,3,6,9,24,12.0,16.0,20.0,83.33333333333334,75,3,1,2
1060,3.0,5.0,5.0,4.6,1.0,5.0,6.416666666666667,8.416666666666666,4.833333333333333,4.4,5.0,1,2,2,3,1,4,5,13,7.0,0.0,40.0,66.66666666666666,50,3,1,1
1061,2.75,4.0,4.111111111111111,4.2,4.75,3.2777777777777777,4.666666666666667,8.083333333333334,3.8333333333333335,4.0,3.8333333333333335,2,4,1,6,3,5,8,19,11.0,6.0,60.0,100.0,100,4,1,0
1062,2.875,3.4444444444444446,3.6666666666666665,4.2,2.625,2.7222222222222223,3.5833333333333335,7.583333333333333,2.8333333333333335,3.65,3.6666666666666665,2,6,1,8,3,4,7,18,12.0,12.0,40.0,66.66666666666666,100,2,1,0
1063,3.0,4.111111111111111,3.5555555555555554,3.9,3.625,3.388888888888889,5.5,6.909090909090909,3.0833333333333335,3.3,3.3333333333333335,3,6,1,9,3,7,10,24,18.0,0.0,0.0,100.0,100,4,0,1
1064,3.0,4.777777777777778,3.5555555555555554,4.2,2.125,2.5,5.5,6.666666666666667,2.3333333333333335,4.45,4.166666666666667,2,5,3,7,4,3,7,21,0.0,-2.0,40.0,66.66666666666666,75,4,1,2
1065,3.25,3.7777777777777777,4.444444444444445,3.4,2.0,3.1666666666666665,7.0,7.75,4.166666666666667,3.25,1.3333333333333333,2,3,0,5,2,3,5,12,14.0,-4.0,60.0,100.0,75,2,0,0
1066,3.875,4.444444444444445,3.888888888888889,2.9,2.5,2.4444444444444446,5.666666666666667,6.333333333333333,3.3333333333333335,3.0,2.6666666666666665,2,6,1,8,3,5,8,19,1.0,-5.0,40.0,66.66666666666666,25,2,0,1
1067,4.125,3.2222222222222223,3.888888888888889,4.3,2.75,3.5555555555555554,5.5,8.916666666666666,2.5833333333333335,2.75,5.0,0,2,0,2,2,5,7,9,21.0,15.0,40.0,100.0,25,0,0,0
1068,4.0,3.888888888888889,4.333333333333333,4.7,2.375,4.277777777777778,7.75,7.166666666666667,4.666666666666667,3.7,1.6666666666666667,3,5,3,8,3,5,8,20,14.0,-6.0,0.0,66.66666666666666,50,1,1,2
1069,1.375,2.7777777777777777,2.7777777777777777,2.6,5.0,1.7222222222222223,3.9166666666666665,8.25,4.916666666666667,4.65,2.5,2,2,0,4,1,4,5,9,-3.0,-30.0,20.0,83.33333333333334,75,0,0,0
1070,1.375,4.444444444444445,4.0,2.3,2.5,3.2777777777777777,3.1666666666666665,7.666666666666667,2.9166666666666665,3.8,3.8333333333333335,3,3,3,6,3,7,10,21,6.0,-3.0,40.0,83.33333333333334,50,2,1,2
1071,2.5,5.0,5.0,4.4,1.125,3.9444444444444446,5.0,7.833333333333333,3.1666666666666665,4.65,4.666666666666667,2,4,0,6,2,4,6,13,4.0,-4.0,40.0,100.0,75,1,0,0
1072,1.875,3.4444444444444446,3.5555555555555554,3.4,3.125,2.388888888888889,5.75,7.25,3.3333333333333335,3.75,3.6666666666666665,0,2,0,2,2,5,7,11,11.0,4.0,40.0,83.33333333333334,25,2,0,0
1073,4.5,4.444444444444445,3.2222222222222223,3.8,2.875,2.888888888888889,3.5,6.583333333333333,3.6666666666666665,4.0,3.3333333333333335,3,4,2,7,2,4,6,16,12.0,-5.0,60.0,66.66666666666666,75,1,1,1
1074,4.625,3.4444444444444446,3.6666666666666665,3.7,2.5,4.333333333333333,5.333333333333333,5.583333333333333,1.4166666666666667,3.85,1.3333333333333333,3,1,0,4,1,3,4,10,18.0,8.0,40.0,83.33333333333334,50,2,0,0
1075,3.125,5.0,4.111111111111111,4.4,3.375,4.055555555555555,4.583333333333333,8.166666666666666,2.5,4.35,3.8333333333333335,3,4,3,7,3,3,6,19,18.0,5.0,40.0,83.33333333333334,100,3,1,2
1076,2.125,3.111111111111111,4.444444444444445,4.6,4.375,3.888888888888889,7.0,7.25,4.916666666666667,3.9,3.8333333333333335,3,5,4,8,2,3,5,18,19.0,17.0,40.0,83.33333333333334,75,1,1,3
1077,1.75,4.111111111111111,4.777777777777778,4.1,2.0,4.166666666666667,5.25,7.833333333333333,3.5833333333333335,3.8,3.6666666666666665,3,6,1,9,3,3,6,16,14.0,5.0,60.0,100.0,75,0,1,0
1078,4.25,3.7777777777777777,3.0,4.7,4.375,3.4444444444444446,7.5,7.666666666666667,3.75,4.7,4.0,2,6,0,8,2,3,5,16,10.0,11.0,40.0,33.33333333333333,100,3,0,0
1079,1.875,4.222222222222222,3.888888888888889,3.7,2.625,3.7222222222222223,3.125,7.4,4.083333333333333,4.0,4.0,2,4,0,6,2,4,6,13,16.0,-3.0,40.0,66.66666666666666,25,1,0,0
1080,3.625,2.5555555555555554,2.888888888888889,4.4,4.125,3.3333333333333335,5.333333333333333,6.416666666666667,4.0,3.9,4.0,3,5,0,8,1,3,4,13,7.0,0.0,60.0,83.33333333333334,75,1,0,0
1081,3.5,5.0,3.888888888888889,5.0,1.375,4.611111111111111,5.833333333333333,8.583333333333334,3.0,4.9,4.5,2,6,0,8,2,4,6,15,15.0,10.0,60.0,100.0,25,1,0,0
1082,2.375,1.8888888888888888,2.111111111111111,4.1,5.0,1.9444444444444444,5.916666666666667,8.083333333333334,3.3333333333333335,4.0,1.3333333333333333,3,5,2,8,4,4,8,20,9.0,-8.0,60.0,83.33333333333334,100,2,0,2
1083,4.5,4.777777777777778,5.0,4.3,1.0,4.277777777777778,7.25,8.5,4.916666666666667,3.55,4.5,2,4,0,6,2,4,6,13,17.0,-5.0,40.0,100.0,25,1,0,0
1084,2.125,3.5555555555555554,3.7777777777777777,3.5,4.0,3.9444444444444446,4.0,7.083333333333333,3.5833333333333335,3.95,3.8333333333333335,3,5,4,8,4,7,11,26,8.0,2.0,40.0,66.66666666666666,100,3,1,3
1085,2.0,3.5555555555555554,3.0,4.2,4.5,2.7777777777777777,6.5,7.916666666666667,2.0833333333333335,4.2,4.0,3,5,3,8,2,5,7,20,19.0,4.0,40.0,100.0,75,2,1,2
1086,3.375,3.5555555555555554,4.111111111111111,3.8,2.625,3.7222222222222223,5.666666666666667,7.75,2.9166666666666665,4.4,3.6666666666666665,2,1,0,3,2,3,5,11,25.0,6.0,40.0,83.33333333333334,100,3,0,0
1087,1.375,4.111111111111111,4.888888888888889,4.4,3.0,4.777777777777778,4.666666666666667,5.666666666666667,4.083333333333333,4.6,4.0,3,6,4,9,4,7,11,28,10.0,8.0,60.0,66.66666666666666,75,4,1,3
1088,4.0,4.222222222222222,4.777777777777778,3.6,2.625,3.611111111111111,5.5,7.75,2.75,3.35,3.6666666666666665,3,3,0,6,2,6,8,14,21.0,10.0,40.0,33.33333333333333,75,0,0,0
1089,2.625,3.111111111111111,3.7777777777777777,4.3,4.625,4.5,4.0,6.25,2.4166666666666665,4.45,4.166666666666667,3,6,4,9,4,7,11,28,12.0,10.0,60.0,83.33333333333334,75,4,1,3
1090,2.0,4.555555555555555,3.4444444444444446,2.7,4.25,3.0555555555555554,3.5833333333333335,7.583333333333333,4.166666666666667,3.9,4.333333333333333,2,3,2,5,3,2,5,13,17.0,-7.0,100.0,50.0,50,1,0,2
1091,1.125,4.333333333333333,4.777777777777778,1.9,2.375,1.2777777777777777,2.3333333333333335,6.666666666666667,4.25,3.35,1.6666666666666667,3,5,0,8,3,5,8,19,5.0,4.0,40.0,33.33333333333333,25,3,0,0
1092,4.75,4.777777777777778,5.0,4.7,1.625,4.611111111111111,5.583333333333333,8.5,4.333333333333333,3.9,4.5,2,4,1,6,2,2,4,11,25.0,21.0,40.0,33.33333333333333,75,0,1,0
1093,1.25,3.888888888888889,3.7777777777777777,1.6,1.75,1.6111111111111112,4.416666666666667,4.833333333333333,3.0833333333333335,3.05,1.6666666666666667,2,3,1,5,2,3,5,11,-8.0,-2.0,100.0,66.66666666666666,75,0,1,0
1094,2.375,2.888888888888889,3.0,4.1,4.0,3.0555555555555554,5.416666666666667,4.333333333333333,3.6666666666666665,4.05,4.5,3,5,4,8,2,4,6,19,14.0,3.0,40.0,66.66666666666666,100,1,1,3
1095,3.625,3.7777777777777777,4.0,3.2,2.875,3.2222222222222223,5.416666666666667,5.083333333333333,3.5,2.5,4.0,0,2,1,2,2,3,5,9,6.0,8.0,0.0,50.0,75,1,0,1
1096,1.875,3.111111111111111,2.0,2.2,4.25,2.0,4.416666666666667,7.416666666666667,1.8333333333333333,3.35,2.8333333333333335,0,1,1,1,2,3,5,9,16.0,-13.0,60.0,66.66666666666666,100,2,1,0
1097,3.625,4.333333333333333,3.6666666666666665,4.0,1.875,3.8333333333333335,3.8333333333333335,8.166666666666666,4.25,3.9,2.5,3,6,1,9,2,2,4,15,13.0,-4.0,60.0,66.66666666666666,25,1,1,0
1098,4.0,3.0,3.3333333333333335,4.7,3.125,4.555555555555555,8.5,7.916666666666667,2.6666666666666665,4.3,4.166666666666667,3,6,3,9,3,6,9,22,18.0,5.0,40.0,66.66666666666666,75,1,1,2
1099,3.625,2.4444444444444446,2.7777777777777777,4.1,2.5,4.166666666666667,6.583333333333333,5.916666666666667,2.25,3.65,4.0,3,6,4,9,4,6,10,25,10.0,15.0,40.0,83.33333333333334,100,2,1,3
1100,2.875,4.222222222222222,4.777777777777778,4.4,1.125,3.9444444444444446,4.75,6.333333333333333,3.8333333333333335,4.2,5.0,1,2,3,3,1,4,5,13,17.0,5.0,0.0,100.0,75,2,1,2
1101,2.375,3.111111111111111,3.888888888888889,3.1,2.875,2.3333333333333335,5.416666666666667,5.333333333333333,3.0,3.65,4.0,1,1,0,2,2,3,5,8,12.0,-5.0,40.0,83.33333333333334,100,1,0,0
1102,2.375,3.111111111111111,3.2222222222222223,3.3,3.5,2.6666666666666665,3.75,6.0,2.6666666666666665,3.4,3.5,3,4,1,7,3,3,6,16,4.0,-10.0,40.0,66.66666666666666,100,2,0,1
1103,3.75,5.0,4.444444444444445,2.5,2.75,2.2777777777777777,3.5,7.25,1.5,4.45,4.0,1,2,1,3,2,3,5,12,18.0,-5.0,40.0,100.0,50,3,1,0
1104,2.75,4.777777777777778,2.5555555555555554,2.9,4.125,1.8888888888888888,3.1666666666666665,8.583333333333334,3.6666666666666665,4.6,2.5,3,3,2,6,3,6,9,19,6.0,-10.0,100.0,100.0,100,2,1,1
1105,1.25,4.555555555555555,4.0,2.8,4.25,2.2777777777777777,4.75,6.833333333333333,3.9166666666666665,4.8,3.6666666666666665,1,6,3,7,2,3,5,18,10.0,3.0,40.0,66.66666666666666,75,3,1,2
1106,3.25,4.666666666666667,3.888888888888889,3.7,2.875,3.111111111111111,8.333333333333334,8.166666666666666,3.5,3.55,4.5,2,2,1,4,2,2,4,10,25.0,15.0,40.0,83.33333333333334,75,1,1,0
1107,2.875,2.6666666666666665,3.2222222222222223,4.1,2.625,3.111111111111111,7.166666666666667,4.75,2.0833333333333335,3.1,3.6666666666666665,1,2,1,3,2,5,7,14,21.0,23.0,0.0,83.33333333333334,100,3,0,1
1108,2.125,3.888888888888889,3.888888888888889,3.4,2.375,3.388888888888889,3.5833333333333335,6.5,3.25,3.3,2.8333333333333335,3,6,0,9,3,3,6,16,22.0,0.0,40.0,83.33333333333334,25,1,0,0
1109,3.75,3.6666666666666665,3.7777777777777777,3.8,1.125,3.611111111111111,6.583333333333333,6.75,2.5833333333333335,2.45,2.5,3,4,3,7,4,6,10,24,14.0,4.0,60.0,66.66666666666666,50,4,1,2
1110,3.375,4.111111111111111,5.0,3.6,1.5,3.5555555555555554,7.416666666666667,6.833333333333333,3.25,3.4,2.3333333333333335,1,2,2,3,2,3,5,10,22.0,4.0,40.0,83.33333333333334,75,0,0,2
1111,4.625,4.444444444444445,4.777777777777778,4.7,1.875,4.444444444444445,4.333333333333333,7.916666666666667,5.0,4.2,4.666666666666667,2,6,0,8,2,3,5,13,8.0,0.0,60.0,66.66666666666666,50,0,0,0
1112,1.25,3.0,3.111111111111111,2.7,2.25,2.8333333333333335,3.3333333333333335,5.916666666666667,3.3333333333333335,2.8,2.5,3,4,0,7,4,7,11,19,9.0,2.0,60.0,100.0,100,1,0,0
1113,1.75,4.555555555555555,4.888888888888889,4.1,1.125,4.0,4.083333333333333,8.75,3.5833333333333335,5.0,3.5,3,3,2,6,2,3,5,13,5.0,-7.0,40.0,83.33333333333334,50,0,1,1
1114,3.75,3.0,4.555555555555555,5.0,2.0,4.611111111111111,4.833333333333333,7.083333333333333,2.5,3.4,4.666666666666667,2,6,0,8,3,7,10,19,16.0,10.0,40.0,100.0,75,1,0,0
1115,1.875,3.888888888888889,4.444444444444445,3.1,3.25,3.0555555555555554,4.833333333333333,7.416666666666667,3.6666666666666665,3.9,3.0,2,5,1,7,2,3,5,13,17.0,-5.0,100.0,66.66666666666666,75,0,1,0
1116,2.0,4.444444444444445,3.5555555555555554,2.4,2.125,2.8333333333333335,4.083333333333333,7.833333333333333,2.75,4.4,2.6666666666666665,0,2,1,2,2,3,5,9,1.0,-11.0,60.0,66.66666666666666,50,1,1,0
1117,2.625,4.222222222222222,3.7777777777777777,3.8,2.375,2.611111111111111,4.916666666666667,8.5,4.833333333333333,3.9,5.0,1,3,2,4,4,6,10,19,9.0,8.0,40.0,50.0,75,3,1,1
1118,2.5,3.888888888888889,3.6666666666666665,3.4,3.0,3.7222222222222223,4.0,5.333333333333333,2.5833333333333335,3.45,3.0,1,3,1,4,3,6,9,15,13.0,0.0,40.0,100.0,75,1,1,0
1119,1.625,4.111111111111111,3.4444444444444446,4.3,4.25,3.388888888888889,5.5,8.083333333333334,2.8333333333333335,4.65,3.6666666666666665,2,4,0,6,2,4,6,14,21.0,4.0,100.0,83.33333333333334,100,2,0,0
1120,3.75,3.888888888888889,4.111111111111111,4.5,2.625,3.8333333333333335,5.5,6.166666666666667,3.5,3.75,4.0,2,3,0,5,2,3,5,13,12.0,-5.0,40.0,66.66666666666666,50,3,0,0
1121,3.125,4.111111111111111,4.0,3.5,2.625,2.8333333333333335,3.8333333333333335,8.083333333333334,2.75,4.05,3.5,1,5,0,6,2,4,6,14,16.0,-5.0,40.0,66.66666666666666,100,2,0,0
1122,3.625,3.6666666666666665,3.7777777777777777,3.7,3.375,3.0555555555555554,8.083333333333334,7.666666666666667,4.5,4.05,2.8333333333333335,0,2,0,2,2,2,4,6,23.0,10.0,60.0,83.33333333333334,50,0,0,0
1123,3.5,2.7777777777777777,3.4444444444444446,2.9,4.0,2.5555555555555554,5.083333333333333,5.583333333333333,2.4166666666666665,4.65,2.6666666666666665,2,6,1,8,1,2,3,13,-1.0,-5.0,100.0,100.0,100,1,1,0
1124,3.0,5.0,3.888888888888889,4.6,2.75,4.222222222222222,4.75,7.666666666666667,1.8333333333333333,4.1,4.333333333333333,2,3,0,5,2,3,5,14,16.0,0.0,40.0,83.33333333333334,50,4,0,0
1125,2.125,4.333333333333333,4.333333333333333,4.2,2.625,3.7222222222222223,4.25,7.583333333333333,4.0,4.25,4.833333333333333,3,5,1,8,1,3,4,16,7.0,-4.0,40.0,83.33333333333334,75,3,1,0
1126,4.875,4.777777777777778,4.0,4.5,1.625,4.055555555555555,5.5,8.583333333333334,2.0,4.15,5.0,3,3,0,6,2,4,6,13,9.0,-8.0,40.0,83.33333333333334,75,1,0,0
1127,4.875,4.777777777777778,5.0,4.5,1.25,4.277777777777778,5.0,7.583333333333333,4.166666666666667,3.45,4.333333333333333,1,2,0,3,4,5,9,16,14.0,5.0,40.0,83.33333333333334,100,4,0,0
1128,2.25,3.7777777777777777,2.7777777777777777,4.5,4.375,2.7222222222222223,5.416666666666667,6.166666666666667,2.3333333333333335,4.7,4.5,1,4,2,5,4,5,9,19,13.0,7.0,20.0,100.0,75,3,0,2
1129,1.625,4.0,4.222222222222222,3.0,3.25,2.888888888888889,4.583333333333333,6.333333333333333,3.9166666666666665,4.15,3.0,3,6,1,9,3,5,8,21,14.0,3.0,40.0,83.33333333333334,75,3,1,0
1130,3.125,2.888888888888889,3.7777777777777777,4.1,4.5,3.3333333333333335,5.25,6.0,2.3333333333333335,4.4,3.6666666666666665,3,1,3,4,4,5,9,17,13.0,9.0,60.0,100.0,100,1,1,2
1131,1.5,2.5555555555555554,4.0,3.7,4.25,3.1666666666666665,4.75,7.0,4.916666666666667,2.5,3.3333333333333335,3,5,1,8,3,4,7,17,13.0,2.0,40.0,100.0,75,1,0,1
1132,3.125,2.6666666666666665,4.0,3.9,3.0,3.6666666666666665,6.25,7.416666666666667,3.1666666666666665,4.25,3.6666666666666665,3,6,1,9,3,6,9,19,18.0,5.0,40.0,66.66666666666666,100,0,0,1
1133,2.5,4.888888888888889,4.222222222222222,3.4,2.125,3.6666666666666665,2.25,7.833333333333333,2.9166666666666665,4.1,3.6666666666666665,3,6,2,9,4,6,10,25,10.0,10.0,100.0,83.33333333333334,75,4,0,2
1134,1.625,3.4444444444444446,3.2222222222222223,2.9,3.125,2.1666666666666665,4.416666666666667,5.25,2.5,3.85,2.5,3,2,2,5,2,5,7,17,17.0,4.0,40.0,83.33333333333334,100,3,0,2
1135,2.25,3.6666666666666665,4.555555555555555,3.3,1.75,2.388888888888889,3.1666666666666665,6.916666666666667,3.9166666666666665,4.25,4.0,3,6,3,9,4,5,9,24,0.0,0.0,60.0,66.66666666666666,100,3,1,2
1136,1.375,4.111111111111111,4.0,3.8,3.875,3.6666666666666665,2.9166666666666665,7.083333333333333,4.083333333333333,4.2,3.6666666666666665,2,4,4,6,2,3,5,18,11.0,-1.0,60.0,83.33333333333334,100,3,1,3
1137,1.875,3.0,3.7777777777777777,3.7,3.75,2.3333333333333335,5.416666666666667,4.583333333333333,4.0,3.0,2.3333333333333335,3,5,3,8,4,5,9,23,9.0,11.0,40.0,66.66666666666666,75,3,1,2
1138,1.625,3.4444444444444446,5.0,3.8,1.0,5.0,3.3333333333333335,6.166666666666667,5.0,4.05,1.0,3,5,4,8,4,7,11,26,9.0,5.0,40.0,83.33333333333334,100,3,1,3
1139,4.25,4.888888888888889,4.555555555555555,4.1,1.0,3.888888888888889,4.75,7.583333333333333,4.333333333333333,4.2,3.8333333333333335,3,5,2,8,2,5,7,21,14.0,2.0,60.0,100.0,100,4,0,2
1140,3.375,4.777777777777778,4.333333333333333,3.4,1.75,2.9444444444444446,7.166666666666667,8.5,2.75,3.65,3.3333333333333335,3,5,1,8,3,4,7,18,18.0,6.0,60.0,100.0,50,2,1,0
1141,2.0,3.2222222222222223,3.3333333333333335,3.8,2.375,3.6666666666666665,3.8333333333333335,5.0,2.5833333333333335,2.9,4.166666666666667,3,5,3,8,3,7,10,22,14.0,15.0,40.0,66.66666666666666,75,1,1,2
1142,3.625,2.5555555555555554,4.888888888888889,3.3,3.625,2.0555555555555554,4.416666666666667,6.25,2.1666666666666665,2.95,1.5,1,4,0,5,2,3,5,11,17.0,3.0,0.0,66.66666666666666,50,1,0,0
1143,2.625,3.0,3.888888888888889,4.4,4.125,4.444444444444445,4.416666666666667,6.25,3.25,3.6,3.6666666666666665,3,6,4,9,4,7,11,26,10.0,2.0,40.0,100.0,100,2,1,3
1144,3.0,2.888888888888889,2.7777777777777777,1.8,2.5,3.111111111111111,3.75,4.416666666666667,1.6666666666666667,3.25,2.5,3,6,0,9,2,7,9,22,20.0,17.0,100.0,66.66666666666666,25,4,0,0
1145,3.0,3.111111111111111,3.7777777777777777,3.5,2.25,3.888888888888889,6.0,5.0,3.5833333333333335,3.85,3.6666666666666665,3,5,1,8,2,4,6,15,6.0,6.0,40.0,66.66666666666666,75,0,0,1
1146,3.875,3.888888888888889,4.555555555555555,4.6,1.125,3.6666666666666665,7.916666666666667,7.833333333333333,3.0833333333333335,4.0,3.1666666666666665,3,5,1,8,3,4,7,18,12.0,-5.0,20.0,83.33333333333334,50,2,1,0
1147,2.0,2.4444444444444446,4.111111111111111,4.8,4.5,4.611111111111111,4.5,6.166666666666667,3.5,2.35,4.166666666666667,3,6,4,9,3,7,10,26,10.0,6.0,40.0,83.33333333333334,100,3,1,3
1148,2.25,3.6666666666666665,4.222222222222222,3.4,3.75,2.611111111111111,5.333333333333333,5.416666666666667,4.833333333333333,3.3,3.5,3,4,0,7,3,3,6,15,5.0,-5.0,40.0,83.33333333333334,75,2,0,0
1149,1.75,4.444444444444445,2.7777777777777777,4.1,3.75,3.3333333333333335,3.25,7.25,4.583333333333333,4.25,5.0,2,4,1,6,3,5,8,18,15.0,5.0,40.0,83.33333333333334,75,3,0,1
1150,2.875,3.888888888888889,3.0,3.8,3.375,2.8333333333333335,4.833333333333333,7.166666666666667,2.8333333333333335,3.55,3.3333333333333335,1,4,1,5,3,4,7,14,6.0,-8.0,60.0,100.0,100,1,1,0
1151,2.375,2.7777777777777777,4.0,3.4,2.75,3.7222222222222223,6.916666666666667,7.0,2.9166666666666665,2.75,2.3333333333333335,3,6,3,9,2,3,5,20,-8.0,-2.0,40.0,83.33333333333334,75,3,1,2
1152,3.125,3.111111111111111,3.6666666666666665,3.9,2.875,3.888888888888889,5.916666666666667,4.833333333333333,3.0833333333333335,3.4,2.6666666666666665,2,3,1,5,4,7,11,21,15.0,4.0,40.0,66.66666666666666,50,4,1,0
1153,2.75,3.0,4.666666666666667,3.4,2.75,3.388888888888889,5.166666666666667,6.916666666666667,2.3333333333333335,4.55,4.0,3,6,2,9,2,3,5,19,13.0,7.0,40.0,83.33333333333334,50,3,0,2
1154,3.0,4.333333333333333,2.5555555555555554,4.4,3.25,4.0,5.583333333333333,5.916666666666667,4.333333333333333,3.95,4.0,3,6,3,9,4,7,11,26,12.0,6.0,40.0,66.66666666666666,0,3,1,2
1155,3.25,3.7777777777777777,3.4444444444444446,3.4,2.375,3.5555555555555554,3.9166666666666665,7.75,2.8333333333333335,4.45,4.0,3,6,3,9,4,7,11,26,9.0,9.0,60.0,83.33333333333334,75,3,1,2
1156,2.375,3.6666666666666665,2.7777777777777777,3.3,2.75,2.8333333333333335,5.0,5.0,3.4166666666666665,3.65,4.0,3,5,3,8,3,7,10,23,12.0,15.0,60.0,83.33333333333334,75,2,1,2
1157,1.75,4.333333333333333,4.555555555555555,4.0,2.375,3.9444444444444446,4.416666666666667,6.916666666666667,4.25,4.35,4.333333333333333,3,3,1,6,0,5,5,13,7.0,-10.0,60.0,33.33333333333333,50,1,1,0
1158,2.875,4.555555555555555,4.777777777777778,3.3,1.5,2.9444444444444446,4.083333333333333,7.5,4.0,3.6,3.3333333333333335,2,2,0,4,2,7,9,16,19.0,3.0,0.0,83.33333333333334,75,3,0,0
1159,3.5,4.222222222222222,4.0,4.9,1.75,4.555555555555555,3.25,7.0,2.3333333333333335,4.8,4.666666666666667,3,6,4,9,3,7,10,26,9.0,0.0,60.0,83.33333333333334,50,3,1,3
1160,2.875,3.111111111111111,3.111111111111111,2.6,2.75,2.7777777777777777,6.583333333333333,7.083333333333333,3.8333333333333335,3.15,2.8333333333333335,2,1,0,3,2,3,5,8,-8.0,-10.0,60.0,66.66666666666666,100,0,0,0
1161,3.375,4.0,3.4444444444444446,3.5,3.75,3.2777777777777777,7.666666666666667,8.083333333333334,3.4166666666666665,3.65,3.8333333333333335,0,0,0,0,1,3,4,4,18.0,-10.0,40.0,83.33333333333334,0,0,0,0
1162,2.25,4.333333333333333,3.6666666666666665,3.7,1.75,3.4444444444444446,3.8333333333333335,6.916666666666667,2.8333333333333335,3.45,3.8333333333333335,1,5,1,6,1,3,4,12,9.0,0.0,40.0,83.33333333333334,100,1,0,1
1163,1.0,2.6666666666666665,2.4444444444444446,1.3,4.375,1.5,1.8333333333333333,3.3333333333333335,3.25,2.2,1.3333333333333333,2,6,4,8,4,7,11,27,8.0,2.0,60.0,66.66666666666666,100,4,1,3
1164,2.625,3.6666666666666665,3.888888888888889,4.5,2.125,4.555555555555555,4.666666666666667,6.833333333333333,4.333333333333333,3.95,5.0,3,6,3,9,4,6,10,25,10.0,-3.0,60.0,100.0,75,3,0,3
1165,1.125,3.6666666666666665,2.5555555555555554,4.0,4.375,3.2777777777777777,4.583333333333333,8.416666666666666,3.75,4.25,3.3333333333333335,1,2,3,3,2,5,7,16,-1.0,-5.0,40.0,100.0,100,3,0,3
1166,1.375,3.4444444444444446,4.0,3.9,4.0,1.7777777777777777,4.333333333333333,6.416666666666667,3.9166666666666665,4.0,4.333333333333333,2,3,1,5,2,4,6,15,6.0,0.0,40.0,83.33333333333334,50,3,1,0
1167,1.125,1.6666666666666667,3.5555555555555554,3.7,5.0,1.5555555555555556,2.5833333333333335,4.666666666666667,2.5,4.0,4.333333333333333,3,6,4,9,3,7,10,26,8.0,-6.0,40.0,100.0,100,3,1,3
1168,2.75,4.555555555555555,4.111111111111111,4.0,2.5,3.5,5.416666666666667,7.5,3.1666666666666665,3.95,4.333333333333333,2,6,3,8,3,7,10,21,15.0,2.0,60.0,83.33333333333334,100,0,0,3
1169,3.5,3.6666666666666665,3.888888888888889,3.9,2.875,4.166666666666667,4.833333333333333,6.833333333333333,2.75,4.6,3.0,3,6,1,9,2,3,5,16,19.0,5.0,60.0,66.66666666666666,100,1,1,0
1170,3.25,3.4444444444444446,4.0,4.1,3.75,3.7222222222222223,3.8333333333333335,6.0,4.0,4.05,3.3333333333333335,0,2,0,2,2,6,8,10,19.0,-6.0,40.0,83.33333333333334,50,0,0,0
1171,2.375,4.777777777777778,4.666666666666667,4.1,2.625,3.6666666666666665,4.333333333333333,7.416666666666667,4.5,4.6,4.666666666666667,1,2,4,3,2,3,5,14,6.0,-7.0,60.0,83.33333333333334,75,2,1,3
1172,1.875,4.666666666666667,4.222222222222222,3.4,1.25,3.1666666666666665,4.583333333333333,5.666666666666667,3.1666666666666665,3.15,2.3333333333333335,3,6,4,9,3,6,9,23,18.0,6.0,20.0,100.0,50,1,1,3
1173,3.625,4.222222222222222,4.111111111111111,3.8,3.125,2.8333333333333335,4.916666666666667,7.5,3.0,4.5,2.8333333333333335,2,3,1,5,2,3,5,14,14.0,3.0,40.0,33.33333333333333,75,3,0,1
1174,3.125,3.7777777777777777,4.666666666666667,4.6,2.5,4.222222222222222,3.3333333333333335,6.5,3.6666666666666665,4.2,5.0,3,5,1,8,3,5,8,18,12.0,0.0,60.0,100.0,75,1,1,0
1175,3.5,3.7777777777777777,3.6666666666666665,4.0,2.25,4.055555555555555,3.9166666666666665,7.75,3.5833333333333335,4.3,4.166666666666667,2,3,4,5,2,3,5,16,14.0,-2.0,60.0,83.33333333333334,100,2,1,3
1176,1.875,3.4444444444444446,2.888888888888889,3.9,3.875,3.9444444444444446,4.333333333333333,6.416666666666667,2.8333333333333335,4.25,4.0,3,5,3,8,4,7,11,25,9.0,14.0,60.0,66.66666666666666,100,3,1,2
1177,3.5,3.5555555555555554,3.888888888888889,3.0,2.25,4.222222222222222,4.333333333333333,6.666666666666667,2.4166666666666665,4.2,2.5,3,5,1,8,3,7,10,23,11.0,4.0,40.0,83.33333333333334,50,4,1,0
1178,2.625,3.5555555555555554,3.111111111111111,2.9,3.25,3.0,5.083333333333333,7.666666666666667,3.25,3.65,3.5,0,4,1,4,2,4,6,14,3.0,-5.0,40.0,83.33333333333334,50,3,1,0
1179,1.375,2.7777777777777777,4.222222222222222,4.5,3.375,3.7222222222222223,3.3333333333333335,6.0,4.5,4.3,4.833333333333333,3,5,3,8,4,6,10,23,11.0,9.0,100.0,100.0,25,2,0,3
1180,5.0,4.333333333333333,4.666666666666667,4.8,1.625,4.111111111111111,7.416666666666667,4.333333333333333,3.0,3.4,1.6666666666666667,3,3,0,6,2,5,7,13,11.0,-1.0,40.0,100.0,25,0,0,0
1181,1.75,3.3333333333333335,4.888888888888889,4.4,3.0,4.5,6.25,7.25,2.0833333333333335,2.75,3.8333333333333335,3,4,2,7,2,5,7,19,19.0,3.0,0.0,83.33333333333334,75,3,1,1
1182,2.625,3.2222222222222223,4.444444444444445,3.5,2.125,1.6111111111111112,5.583333333333333,6.083333333333333,3.5833333333333335,3.15,1.5,2,3,1,5,4,5,9,16,4.0,0.0,40.0,66.66666666666666,100,1,0,1
1183,2.125,4.555555555555555,4.777777777777778,2.9,3.25,2.8333333333333335,3.5833333333333335,7.5,4.5,3.85,2.0,2,3,1,5,3,3,6,14,13.0,5.0,40.0,100.0,50,2,1,0
1184,2.875,3.111111111111111,5.0,2.9,1.0,3.5,5.0,6.166666666666667,4.833333333333333,3.2,3.1666666666666665,3,6,3,9,2,5,7,22,13.0,15.0,60.0,83.33333333333334,100,3,1,2
1185,1.5,3.5555555555555554,3.6666666666666665,3.1,4.0,3.388888888888889,3.6666666666666665,7.416666666666667,2.0,4.35,3.5,3,6,4,9,4,7,11,26,14.0,5.0,60.0,83.33333333333334,75,2,1,3
1186,1.0,3.2222222222222223,3.0,2.1,3.75,1.2222222222222223,3.9166666666666665,7.333333333333333,2.8333333333333335,3.85,3.5,1,3,3,4,2,3,5,15,13.0,-3.0,40.0,83.33333333333334,100,3,1,2
1187,2.0,3.7777777777777777,3.6666666666666665,3.8,2.75,3.7222222222222223,4.416666666666667,5.916666666666667,2.8333333333333335,3.9,2.5,2,1,0,3,2,5,7,13,12.0,1.0,60.0,83.33333333333334,100,3,0,0
1188,1.5,4.222222222222222,4.333333333333333,2.5,2.25,2.8333333333333335,4.083333333333333,8.75,3.9166666666666665,4.05,4.5,1,3,2,4,2,2,4,11,17.0,-8.0,100.0,66.66666666666666,100,1,0,2
1189,2.5,3.4444444444444446,2.6666666666666665,2.8,3.875,2.7222222222222223,3.9166666666666665,6.916666666666667,3.3333333333333335,3.9,3.8333333333333335,2,6,4,8,3,5,8,24,1.0,0.0,40.0,83.33333333333334,100,4,1,3
1190,2.375,3.2222222222222223,2.2222222222222223,3.7,3.75,2.2222222222222223,3.1666666666666665,7.75,3.6666666666666665,4.4,3.1666666666666665,3,4,4,7,3,5,8,22,0.0,-8.0,60.0,83.33333333333334,75,3,1,3
1191,3.0,2.6666666666666665,3.3333333333333335,4.0,3.875,3.388888888888889,4.833333333333333,6.0,3.75,3.5,4.833333333333333,3,5,1,8,2,4,6,17,18.0,5.0,60.0,100.0,75,2,0,1
1192,2.125,3.2222222222222223,2.888888888888889,3.2,3.25,3.2222222222222223,4.5,6.333333333333333,3.1666666666666665,3.45,3.3333333333333335,0,3,2,3,3,6,9,18,17.0,5.0,40.0,83.33333333333334,100,4,1,1
1193,2.25,3.7777777777777777,3.888888888888889,2.8,2.375,3.5,5.166666666666667,5.75,4.0,3.25,2.0,3,5,2,8,4,3,7,20,20.0,19.0,40.0,66.66666666666666,100,3,1,1
1194,1.0,3.3333333333333335,2.5555555555555554,4.0,4.75,3.7777777777777777,4.083333333333333,5.333333333333333,1.1666666666666667,4.0,2.1666666666666665,2,6,3,8,3,6,9,22,10.0,14.0,60.0,83.33333333333334,100,2,1,2
1195,3.625,4.111111111111111,2.888888888888889,4.2,3.25,3.888888888888889,2.3333333333333335,6.25,2.25,3.85,3.8333333333333335,3,5,3,8,2,6,8,23,7.0,2.0,60.0,100.0,75,4,1,2
1196,1.875,3.4444444444444446,4.666666666666667,4.4,1.875,3.611111111111111,5.333333333333333,7.666666666666667,2.3333333333333335,4.5,3.6666666666666665,2,4,3,6,3,2,5,17,12.0,6.0,40.0,100.0,50,3,1,2
1197,2.625,3.888888888888889,4.111111111111111,2.9,2.625,2.388888888888889,3.3333333333333335,8.083333333333334,4.25,4.05,2.8333333333333335,3,4,3,7,3,7,10,23,12.0,5.0,100.0,66.66666666666666,0,3,1,2
1198,1.625,4.888888888888889,4.888888888888889,3.4,1.75,4.833333333333333,3.8333333333333335,8.083333333333334,3.5833333333333335,4.0,1.0,3,4,2,7,2,4,6,18,17.0,10.0,40.0,33.33333333333333,100,3,1,1
1199,4.375,3.6666666666666665,4.888888888888889,4.1,2.25,4.888888888888889,6.75,5.25,4.25,2.95,3.8333333333333335,3,5,4,8,4,7,11,24,16.0,2.0,0.0,100.0,50,1,1,3
1200,2.25,5.0,5.0,4.3,1.125,4.166666666666667,4.333333333333333,6.583333333333333,5.0,3.75,2.6666666666666665,1,6,0,7,2,3,5,15,6.0,-4.0,40.0,66.66666666666666,50,3,0,0
1201,2.25,4.666666666666667,2.6666666666666665,2.9,4.75,3.1666666666666665,4.666666666666667,6.75,3.5,3.95,1.8333333333333333,0,2,0,2,2,5,7,9,-7.0,-3.0,60.0,83.33333333333334,75,0,0,0
1202,3.0,3.5555555555555554,3.3333333333333335,3.0,2.5,3.4444444444444446,5.909090909090909,4.75,3.0833333333333335,3.1,3.0,1,3,0,4,0,3,3,9,3.0,0.0,0.0,0.0,75,2,0,0
1203,1.875,3.3333333333333335,3.2222222222222223,3.3,2.75,2.1666666666666665,6.166666666666667,5.333333333333333,3.6666666666666665,3.4,2.5,0,4,0,4,2,3,5,10,15.0,-5.0,40.0,66.66666666666666,75,1,0,0
1204,1.5,4.111111111111111,3.3333333333333335,4.2,4.625,3.7222222222222223,3.3333333333333335,6.333333333333333,1.9166666666666667,4.4,4.0,3,5,1,8,4,6,10,23,4.0,2.0,40.0,83.33333333333334,75,4,0,1
1205,3.5,4.111111111111111,3.7777777777777777,3.8,1.875,3.5555555555555554,5.333333333333333,8.666666666666666,4.25,4.2,3.8333333333333335,2,0,1,2,2,3,5,11,14.0,-5.0,60.0,83.33333333333334,50,3,1,0
1206,1.375,3.7777777777777777,3.888888888888889,2.1,2.875,2.1666666666666665,3.75,6.5,4.25,4.3,3.0,3,6,2,9,3,5,8,21,9.0,-2.0,40.0,83.33333333333334,100,2,1,1
1207,4.5,3.5555555555555554,4.777777777777778,3.2,3.875,4.055555555555555,5.916666666666667,6.0,4.75,4.1,1.0,3,3,0,6,2,3,5,11,16.0,11.0,40.0,83.33333333333334,100,0,0,0
1208,5.0,3.0,4.666666666666667,4.0,2.0,2.7222222222222223,8.833333333333334,7.5,3.6666666666666665,4.35,4.333333333333333,2,5,2,7,2,3,5,15,15.0,5.0,40.0,66.66666666666666,50,1,1,1
1209,4.375,4.777777777777778,4.555555555555555,4.4,1.625,4.333333333333333,3.5833333333333335,6.5,2.9166666666666665,3.95,4.333333333333333,0,1,1,1,2,4,6,12,24.0,-3.0,40.0,100.0,75,4,1,0
1210,2.875,4.0,3.7777777777777777,3.0,2.875,3.5555555555555554,3.6666666666666665,6.916666666666667,3.4166666666666665,4.0,2.1666666666666665,2,4,3,6,2,2,4,13,12.0,5.0,60.0,83.33333333333334,75,0,1,2
1211,1.0,4.0,4.0,2.4,4.125,3.111111111111111,3.0833333333333335,7.25,3.0833333333333335,3.4,4.166666666666667,3,6,0,9,0,5,5,17,-12.0,-16.0,60.0,66.66666666666666,100,3,0,0
1212,2.25,3.3333333333333335,2.888888888888889,4.6,4.125,3.6666666666666665,7.0,8.0,4.333333333333333,3.65,2.0,2,5,1,7,1,5,6,17,5.0,5.0,40.0,83.33333333333334,75,3,1,0
1213,2.75,3.6666666666666665,4.888888888888889,4.8,2.75,3.4444444444444446,4.0,6.833333333333333,3.0,4.2,5.0,2,4,2,6,3,7,10,19,16.0,5.0,40.0,66.66666666666666,100,1,1,1
1214,1.625,3.3333333333333335,4.888888888888889,3.5,2.375,1.6111111111111112,4.0,7.25,4.416666666666667,4.0,2.0,0,1,1,1,2,3,5,10,20.0,-5.0,60.0,83.33333333333334,75,3,1,0
1215,2.125,3.5555555555555554,4.111111111111111,4.1,4.375,3.388888888888889,4.083333333333333,6.5,3.5,4.3,3.5,3,6,3,9,4,7,11,24,11.0,-3.0,60.0,83.33333333333334,50,1,1,2
1216,3.875,4.666666666666667,5.0,4.8,1.125,4.166666666666667,4.833333333333333,9.0,4.583333333333333,4.5,2.3333333333333335,3,5,4,8,3,7,10,25,7.0,4.0,60.0,83.33333333333334,75,3,1,3
1217,4.375,3.0,4.555555555555555,4.0,2.125,4.388888888888889,5.0,6.333333333333333,3.3333333333333335,3.8,3.5,1,2,2,3,4,6,10,16,9.0,-3.0,40.0,50.0,25,1,1,1
1218,3.75,4.111111111111111,5.0,4.5,1.125,4.055555555555555,6.916666666666667,7.916666666666667,4.083333333333333,2.6,3.1666666666666665,3,4,4,7,3,4,7,22,11.0,3.0,40.0,83.33333333333334,100,4,1,3
1219,3.0,4.888888888888889,4.555555555555555,2.9,2.25,3.1666666666666665,4.7272727272727275,8.0,3.9166666666666665,3.65,3.8333333333333335,2,2,2,4,3,3,6,13,12.0,4.0,40.0,83.33333333333334,75,1,1,1
1220,1.0,2.111111111111111,1.6666666666666667,2.1,3.625,1.2222222222222223,3.5833333333333335,5.083333333333333,4.333333333333333,2.75,2.8333333333333335,2,0,1,2,2,2,4,8,7.0,0.0,0.0,83.33333333333334,75,1,1,0
1221,1.75,3.111111111111111,2.4444444444444446,2.4,3.625,2.0555555555555554,4.916666666666667,6.083333333333333,2.6666666666666665,4.0,3.0,2,4,1,6,3,5,8,18,-8.0,-10.0,60.0,83.33333333333334,50,3,1,0
1222,1.375,3.4444444444444446,2.888888888888889,3.4,2.375,2.388888888888889,5.25,5.5,2.5,2.75,2.3333333333333335,2,2,1,4,2,3,5,12,8.0,2.0,40.0,66.66666666666666,25,2,1,0
1223,3.25,3.7777777777777777,4.222222222222222,4.3,2.875,3.4444444444444446,5.333333333333333,7.75,2.8333333333333335,4.65,4.0,1,6,1,7,2,4,6,14,21.0,20.0,40.0,50.0,100,0,1,0
1224,2.625,4.555555555555555,4.666666666666667,3.2,2.25,3.6666666666666665,3.5,7.083333333333333,3.6666666666666665,2.95,2.0,3,5,1,8,3,7,10,20,10.0,0.0,40.0,100.0,100,1,0,1
1225,3.625,4.111111111111111,5.0,2.5,1.0,3.1666666666666665,4.166666666666667,5.75,3.1666666666666665,2.35,1.3333333333333333,3,5,3,8,2,6,8,21,4.0,-5.0,40.0,83.33333333333334,75,2,1,2
1226,3.375,3.2222222222222223,3.3333333333333335,4.2,2.375,3.388888888888889,5.666666666666667,7.666666666666667,2.6666666666666665,4.45,4.0,3,6,4,9,3,7,10,24,14.0,2.0,40.0,66.66666666666666,100,1,1,3
1227,1.5,4.555555555555555,4.666666666666667,2.5,3.0,2.9444444444444446,3.0833333333333335,7.666666666666667,4.75,4.7,3.6666666666666665,3,2,1,5,3,4,7,17,13.0,5.0,40.0,83.33333333333334,75,4,1,0
1228,1.125,3.0,3.3333333333333335,3.2,4.5,3.7777777777777777,3.8333333333333335,6.333333333333333,3.0833333333333335,4.7,3.8333333333333335,3,6,4,9,2,7,9,25,9.0,4.0,60.0,83.33333333333334,100,3,1,3
1229,2.75,3.2222222222222223,2.888888888888889,3.9,3.25,3.2222222222222223,5.5,5.166666666666667,3.0833333333333335,2.85,3.5,2,5,1,7,3,4,7,16,14.0,0.0,40.0,100.0,100,1,0,1
1230,2.125,4.777777777777778,4.0,2.0,2.375,1.3333333333333333,3.6666666666666665,6.833333333333333,1.3333333333333333,4.1,3.6666666666666665,2,3,0,5,3,4,7,15,17.0,7.0,40.0,83.33333333333334,100,3,0,0
1231,2.625,3.888888888888889,3.888888888888889,3.5,1.875,3.4444444444444446,3.5,6.666666666666667,3.5833333333333335,3.25,3.1666666666666665,2,2,0,4,2,4,6,14,10.0,2.0,40.0,83.33333333333334,25,4,0,0
1232,2.875,3.2222222222222223,3.0,3.0,3.375,2.9444444444444446,8.833333333333334,9.0,3.6666666666666665,3.2,3.5,3,3,0,6,1,4,5,12,8.0,-20.0,60.0,50.0,25,1,0,0
1233,2.125,3.888888888888889,3.3333333333333335,3.3,3.0,3.2222222222222223,3.5,6.166666666666667,3.5833333333333335,4.1,2.5,3,5,2,8,4,6,10,23,13.0,6.0,40.0,66.66666666666666,75,3,1,1
1234,1.75,4.444444444444445,4.444444444444445,2.4,1.625,2.1666666666666665,4.25,7.833333333333333,4.583333333333333,4.4,3.0,1,2,1,3,1,4,5,12,9.0,6.0,40.0,83.33333333333334,100,3,1,0
1235,2.75,3.888888888888889,3.6666666666666665,3.5,1.5,4.277777777777778,4.666666666666667,4.916666666666667,2.1666666666666665,2.7,3.8333333333333335,3,6,4,9,2,6,8,21,17.0,8.0,60.0,66.66666666666666,25,0,1,3
1236,4.625,5.0,5.0,4.5,1.0,3.4444444444444446,5.25,6.833333333333333,3.6666666666666665,3.2,5.0,2,4,4,6,2,2,4,15,18.0,11.0,80.0,83.33333333333334,75,1,1,3
1237,3.125,4.555555555555555,4.444444444444445,3.2,2.0,3.111111111111111,4.0,9.0,3.0,3.4,3.0,1,0,4,1,2,4,6,12,28.0,10.0,0.0,100.0,50,1,1,3
1238,2.875,4.777777777777778,4.555555555555555,2.6,1.125,2.5,3.3333333333333335,5.916666666666667,3.3333333333333335,3.65,2.8333333333333335,2,3,0,5,3,3,6,11,9.0,-10.0,20.0,66.66666666666666,100,0,0,0
1239,1.375,3.4444444444444446,3.6666666666666665,3.1,2.75,4.055555555555555,5.833333333333333,7.25,3.1666666666666665,3.35,2.0,2,2,3,4,2,3,5,14,22.0,4.0,40.0,100.0,100,2,1,2
1240,3.75,3.0,4.888888888888889,3.0,3.25,4.111111111111111,6.0,6.5,2.1666666666666665,4.25,3.1666666666666665,0,2,2,2,2,3,5,10,20.0,5.0,40.0,83.33333333333334,75,1,1,1
1241,2.625,3.0,3.5555555555555554,3.8,3.0,3.611111111111111,3.75,5.416666666666667,3.9166666666666665,3.7,3.6666666666666665,3,6,1,9,4,7,11,22,16.0,8.0,40.0,83.33333333333334,75,1,1,0
1242,2.125,3.111111111111111,3.111111111111111,2.0,4.25,2.1666666666666665,5.333333333333333,6.5,4.25,3.6,2.3333333333333335,3,3,1,6,1,2,3,11,24.0,0.0,100.0,83.33333333333334,50,1,1,0
1243,1.375,3.2222222222222223,4.111111111111111,3.4,3.5,1.5555555555555556,3.75,6.666666666666667,3.75,4.15,4.333333333333333,3,4,1,7,2,5,7,16,16.0,-6.0,40.0,100.0,100,1,1,0
1244,3.0,4.222222222222222,3.3333333333333335,3.5,2.75,3.111111111111111,3.6666666666666665,8.0,4.0,3.85,3.8333333333333335,1,4,1,5,2,6,8,16,-4.0,0.0,40.0,83.33333333333334,75,2,1,0
1245,3.125,3.5555555555555554,4.111111111111111,4.3,1.625,4.277777777777778,6.083333333333333,6.416666666666667,3.3333333333333335,2.8,4.5,3,6,1,9,2,3,5,17,16.0,-5.0,60.0,66.66666666666666,100,2,1,0
1246,2.125,4.333333333333333,3.7777777777777777,4.3,2.25,2.3333333333333335,3.727272727272727,7.583333333333333,2.25,4.45,2.3333333333333335,3,5,0,8,3,7,10,18,16.0,4.0,40.0,83.33333333333334,75,0,0,0
1247,3.125,3.7777777777777777,4.111111111111111,3.7,1.75,3.2777777777777777,6.083333333333333,4.25,2.4166666666666665,3.1,1.8333333333333333,3,4,1,7,3,7,10,21,11.0,4.0,40.0,83.33333333333334,100,3,0,1
1248,2.0,4.444444444444445,4.777777777777778,4.1,2.75,3.7222222222222223,4.0,7.583333333333333,4.75,4.55,4.166666666666667,3,2,2,5,2,3,5,16,16.0,2.0,60.0,100.0,100,4,1,1
1249,2.75,4.111111111111111,3.111111111111111,2.6,5.0,2.7777777777777777,3.0,7.666666666666667,4.25,4.75,3.1666666666666665,3,5,0,8,3,3,6,17,-12.0,-17.0,40.0,83.33333333333334,50,3,0,0
1250,3.875,2.5555555555555554,4.0,3.8,3.75,3.8333333333333335,6.75,5.833333333333333,4.0,3.55,2.1666666666666665,2,3,1,5,2,2,4,12,18.0,22.0,40.0,100.0,75,2,0,1
1251,2.0,2.6666666666666665,3.5555555555555554,4.5,3.375,3.3333333333333335,6.166666666666667,5.416666666666667,3.75,4.3,3.1666666666666665,3,5,3,8,4,6,10,24,4.0,5.0,40.0,83.33333333333334,50,3,0,3
1252,3.875,4.111111111111111,4.111111111111111,2.8,1.5,3.4444444444444446,5.583333333333333,5.916666666666667,4.25,3.0,4.166666666666667,1,3,0,4,2,4,6,12,-2.0,-22.0,40.0,50.0,100,2,0,0
1253,1.875,5.0,4.888888888888889,4.2,2.25,3.2777777777777777,5.083333333333333,6.75,4.333333333333333,4.25,4.333333333333333,1,2,0,3,1,3,4,9,16.0,-5.0,40.0,16.666666666666664,75,2,0,0
1254,1.75,3.3333333333333335,3.4444444444444446,3.2,1.875,3.1666666666666665,6.0,5.833333333333333,4.083333333333333,4.0,1.6666666666666667,1,3,1,4,0,4,4,11,19.0,5.0,40.0,66.66666666666666,75,2,1,0
1255,3.875,4.555555555555555,4.888888888888889,3.2,1.5,3.5,5.416666666666667,6.25,3.4166666666666665,4.65,3.5,0,1,4,1,2,5,7,14,17.0,2.0,60.0,83.33333333333334,50,2,1,3
1256,1.875,4.0,4.333333333333333,3.7,3.5,2.5,6.5,7.75,3.75,3.75,2.0,0,3,0,3,2,4,6,11,14.0,5.0,40.0,100.0,75,2,0,0
1257,1.625,4.0,3.111111111111111,3.9,4.625,2.388888888888889,4.583333333333333,6.166666666666667,2.8333333333333335,3.6,1.6666666666666667,1,1,3,2,2,5,7,12,26.0,3.0,60.0,83.33333333333334,100,0,0,3
1258,2.375,3.111111111111111,2.888888888888889,2.9,3.25,2.2777777777777777,4.916666666666667,5.5,3.25,2.85,2.1666666666666665,0,2,0,2,2,6,8,14,11.0,5.0,60.0,50.0,25,4,0,0
1259,1.625,3.2222222222222223,3.4444444444444446,3.4,2.625,2.9444444444444446,3.3333333333333335,6.166666666666667,3.6666666666666665,3.6,2.1666666666666665,3,5,4,8,4,7,11,26,9.0,10.0,40.0,66.66666666666666,100,3,1,3
1260,4.625,3.3333333333333335,4.444444444444445,4.5,4.125,4.555555555555555,3.5,7.583333333333333,4.833333333333333,4.75,4.0,3,5,4,8,4,6,10,25,5.0,0.0,40.0,100.0,50,3,1,3
1261,3.375,4.555555555555555,4.444444444444445,4.0,1.625,3.7222222222222223,5.666666666666667,8.5,3.1666666666666665,4.45,4.5,3,6,3,9,4,7,11,24,11.0,5.0,40.0,66.66666666666666,50,1,1,2
1262,2.375,4.0,3.7777777777777777,2.7,4.5,1.9444444444444444,5.333333333333333,7.166666666666667,3.3333333333333335,4.4,4.333333333333333,2,3,1,5,2,4,6,15,3.0,3.0,40.0,50.0,75,3,0,1
1263,4.25,3.6666666666666665,4.888888888888889,4.2,4.125,4.0,5.0,7.25,4.0,3.8,5.0,2,5,1,7,4,5,9,18,18.0,6.0,60.0,66.66666666666666,100,1,1,0
1264,2.5,3.6666666666666665,3.0,4.6,4.0,2.6666666666666665,9.0,8.0,4.416666666666667,4.8,1.0,1,3,0,4,2,2,4,9,3.0,-20.0,0.0,100.0,75,1,0,0
1265,3.25,4.555555555555555,4.777777777777778,3.2,3.0,3.7222222222222223,4.583333333333333,6.166666666666667,3.3333333333333335,3.9,1.5,2,6,1,8,4,7,11,23,14.0,7.0,100.0,50.0,25,3,1,0
1266,1.25,4.333333333333333,1.6666666666666667,2.7,4.5,1.5555555555555556,3.25,7.75,3.3333333333333335,3.25,2.3333333333333335,2,4,3,6,3,6,9,22,0.0,-8.0,60.0,100.0,100,4,1,2
1267,3.625,3.5555555555555554,4.0,2.9,2.625,2.4444444444444446,4.583333333333333,6.416666666666667,2.6666666666666665,3.5,3.1666666666666665,3,1,0,4,2,6,8,14,11.0,0.0,40.0,83.33333333333334,100,2,0,0
1268,2.0,3.5555555555555554,5.0,3.1,1.25,2.2777777777777777,4.5,7.0,3.5,3.05,2.3333333333333335,1,4,3,5,2,3,5,16,9.0,0.0,40.0,66.66666666666666,75,3,1,2
1269,4.25,3.888888888888889,5.0,3.7,1.875,4.111111111111111,4.333333333333333,6.333333333333333,3.8333333333333335,3.0,3.5,3,6,1,9,3,5,8,20,10.0,0.0,60.0,83.33333333333334,100,2,1,0
1270,2.375,4.333333333333333,4.555555555555555,3.3,3.25,2.6666666666666665,4.25,7.833333333333333,3.25,4.5,1.1666666666666667,0,2,1,2,2,4,6,12,18.0,5.0,0.0,100.0,50,3,1,0
1271,3.75,4.777777777777778,5.0,4.9,1.5,5.0,4.25,8.416666666666666,5.0,4.8,5.0,1,1,4,2,2,4,6,15,10.0,-5.0,60.0,83.33333333333334,100,3,1,3
1272,3.75,4.111111111111111,3.7777777777777777,3.6,2.25,3.0,5.416666666666667,7.25,2.0,4.2,4.5,1,2,1,3,2,3,5,12,23.0,0.0,40.0,66.66666666666666,50,3,1,0
1273,4.625,3.3333333333333335,4.777777777777778,4.2,4.125,4.333333333333333,4.25,6.75,3.0833333333333335,3.85,3.1666666666666665,1,1,3,2,2,3,5,11,25.0,18.0,60.0,100.0,75,1,0,3
1274,2.375,3.7777777777777777,4.444444444444445,4.4,2.375,3.4444444444444446,5.0,8.416666666666666,2.5833333333333335,4.15,5.0,3,3,0,6,2,5,7,16,24.0,5.0,40.0,83.33333333333334,75,3,0,0
1275,3.875,2.111111111111111,3.888888888888889,2.3,1.0,4.444444444444445,6.833333333333333,4.083333333333333,2.0,3.55,1.0,1,4,4,5,4,5,9,20,8.0,8.0,40.0,66.66666666666666,100,2,1,3
1276,2.875,4.111111111111111,4.888888888888889,4.0,1.5,3.6666666666666665,5.666666666666667,7.916666666666667,3.0,4.05,3.5,3,3,2,6,3,4,7,15,15.0,0.0,40.0,83.33333333333334,100,0,0,2
1277,1.25,4.555555555555555,3.6666666666666665,4.4,4.5,4.277777777777778,4.416666666666667,7.083333333333333,4.583333333333333,4.7,4.666666666666667,3,5,3,8,4,7,11,25,-5.0,-10.0,40.0,100.0,100,3,1,2
1278,2.75,4.111111111111111,4.111111111111111,3.9,3.625,3.4444444444444446,4.166666666666667,7.333333333333333,2.9166666666666665,3.6,3.8333333333333335,3,4,1,7,2,4,6,17,11.0,6.0,40.0,66.66666666666666,100,3,1,0
1279,1.125,2.3333333333333335,3.0,3.2,4.125,2.2222222222222223,6.916666666666667,6.083333333333333,2.9166666666666665,3.85,4.166666666666667,0,1,2,1,3,5,8,14,11.0,-5.0,80.0,100.0,100,3,1,1
1280,1.5,4.0,4.0,3.0,3.625,3.5555555555555554,3.3333333333333335,7.0,4.0,4.25,2.3333333333333335,2,2,1,4,2,3,5,12,13.0,-7.0,40.0,50.0,50,2,0,1
1281,2.5,3.5555555555555554,3.7777777777777777,4.2,4.75,4.277777777777778,3.3333333333333335,7.833333333333333,3.6666666666666665,5.0,1.3333333333333333,3,4,3,7,2,6,8,21,14.0,7.0,40.0,83.33333333333334,75,3,1,2
1282,3.25,5.0,4.888888888888889,3.7,1.125,3.7777777777777777,4.083333333333333,8.833333333333334,3.5,3.55,4.5,3,4,0,7,3,3,6,16,12.0,-2.0,40.0,83.33333333333334,75,3,0,0
1283,3.375,4.333333333333333,4.555555555555555,3.4,2.375,3.1666666666666665,7.0,7.083333333333333,3.4166666666666665,3.65,4.166666666666667,0,2,0,2,2,3,5,7,28.0,0.0,40.0,100.0,25,0,0,0
1284,3.375,5.0,4.222222222222222,4.3,1.25,4.222222222222222,3.1666666666666665,7.666666666666667,4.166666666666667,4.25,4.333333333333333,3,4,3,7,4,5,9,22,19.0,5.0,100.0,100.0,100,3,1,2
1285,1.875,2.7777777777777777,2.6666666666666665,3.6,2.375,3.611111111111111,4.833333333333333,4.0,3.0,3.35,3.0,2,4,4,6,3,6,9,22,10.0,4.0,40.0,83.33333333333334,50,3,1,3
1286,3.5,4.333333333333333,5.0,4.5,1.875,4.277777777777778,4.416666666666667,7.5,3.5833333333333335,4.65,4.166666666666667,3,3,1,6,4,5,9,16,4.0,-5.0,40.0,66.66666666666666,75,0,1,0
1287,1.875,3.5555555555555554,3.2222222222222223,4.4,4.25,4.0,4.833333333333333,6.416666666666667,2.0833333333333335,3.9,3.3333333333333335,3,6,4,9,4,7,11,28,12.0,20.0,60.0,83.33333333333334,100,4,1,3
1288,3.875,4.222222222222222,4.333333333333333,3.9,2.875,3.1666666666666665,7.0,9.0,5.0,3.45,5.0,0,1,1,1,2,3,5,9,26.0,10.0,60.0,50.0,50,2,1,0
1289,2.0,3.888888888888889,3.6666666666666665,3.1,3.375,2.9444444444444446,3.6666666666666665,6.583333333333333,2.0,4.1,4.0,2,6,4,8,4,7,11,27,3.0,2.0,40.0,83.33333333333334,75,4,1,3
1290,2.875,3.3333333333333335,2.5555555555555554,3.9,3.75,4.0,5.0,6.1,3.4166666666666665,4.6,4.666666666666667,3,6,0,9,4,7,11,23,13.0,6.0,60.0,100.0,75,3,0,0
1291,3.375,3.111111111111111,3.7777777777777777,3.3,2.75,3.2222222222222223,5.583333333333333,6.083333333333333,3.0833333333333335,3.45,3.6666666666666665,3,5,2,8,4,3,7,21,9.0,5.0,40.0,66.66666666666666,75,4,1,1
1292,3.625,4.444444444444445,3.7777777777777777,4.8,3.125,4.166666666666667,5.083333333333333,6.666666666666667,3.0,3.7,3.5,2,5,2,7,3,5,8,20,17.0,5.0,40.0,83.33333333333334,75,3,1,1
1293,2.5,4.666666666666667,5.0,3.9,2.25,3.6666666666666665,3.9166666666666665,8.25,3.25,4.4,3.8333333333333335,3,6,1,9,1,3,4,14,16.0,-2.0,40.0,50.0,50,0,1,0
1294,2.125,3.3333333333333335,3.7777777777777777,4.4,1.875,2.1666666666666665,5.333333333333333,4.0,4.75,3.6,2.1666666666666665,2,4,4,6,4,6,10,22,8.0,9.0,60.0,83.33333333333334,50,2,1,3
1295,4.125,5.0,4.333333333333333,3.9,2.625,3.4444444444444446,6.166666666666667,8.75,3.8333333333333335,3.8,4.5,1,2,2,3,1,4,5,12,15.0,-3.0,0.0,83.33333333333334,75,2,0,2
1296,1.25,4.333333333333333,4.333333333333333,4.4,3.125,4.388888888888889,4.25,8.25,2.25,4.4,4.666666666666667,3,6,4,9,2,5,7,23,2.0,-5.0,60.0,83.33333333333334,50,3,1,3
1297,2.75,4.111111111111111,4.555555555555555,4.3,1.125,3.888888888888889,5.416666666666667,7.0,4.25,3.55,4.333333333333333,3,6,3,9,3,7,10,23,17.0,10.0,40.0,100.0,100,1,1,2
1298,1.75,3.4444444444444446,2.7777777777777777,3.1,2.5,3.6666666666666665,5.416666666666667,7.833333333333333,1.0,3.7,3.3333333333333335,2,5,3,7,2,3,5,18,7.0,5.0,40.0,100.0,75,3,1,2
1299,3.875,3.888888888888889,3.4444444444444446,3.9,4.375,3.4444444444444446,4.5,5.583333333333333,1.4166666666666667,4.8,3.5,1,4,1,5,2,4,6,13,12.0,-5.0,40.0,83.33333333333334,75,1,1,0
1300,2.625,4.222222222222222,3.4444444444444446,2.7,1.375,2.5555555555555554,4.25,6.833333333333333,2.5,2.7,2.8333333333333335,3,6,2,9,2,4,6,21,14.0,10.0,20.0,83.33333333333334,25,4,1,1
1301,4.625,5.0,5.0,5.0,2.5,4.833333333333333,4.833333333333333,8.25,3.0,4.8,4.666666666666667,3,4,2,7,2,2,4,15,5.0,-5.0,40.0,83.33333333333334,75,2,1,1
1302,2.875,4.777777777777778,4.777777777777778,4.6,2.625,4.0,4.666666666666667,5.333333333333333,4.25,4.3,4.5,3,0,1,3,1,4,5,9,12.0,-9.0,0.0,66.66666666666666,50,0,0,1
1303,3.25,4.0,4.555555555555555,3.7,1.625,2.5,3.9166666666666665,7.916666666666667,4.5,3.45,4.0,3,4,3,7,3,7,10,24,8.0,0.0,40.0,100.0,50,4,1,2
1304,2.625,4.666666666666667,4.222222222222222,4.2,1.5,3.888888888888889,5.166666666666667,8.166666666666666,3.75,3.85,4.833333333333333,3,6,3,9,4,7,11,24,11.0,0.0,40.0,100.0,75,1,1,2
1305,3.25,3.111111111111111,3.6666666666666665,3.4,4.25,3.3333333333333335,3.75,5.5,2.5833333333333335,4.45,4.333333333333333,3,6,3,9,3,3,6,21,15.0,-2.0,40.0,83.33333333333334,100,3,1,2
1306,1.5,4.444444444444445,4.0,3.6,2.75,2.5555555555555554,3.9166666666666665,7.083333333333333,3.75,3.8,3.8333333333333335,0,1,1,1,2,5,7,12,13.0,5.0,40.0,83.33333333333334,100,3,0,1
1307,4.25,4.444444444444445,5.0,4.8,1.5,4.666666666666667,8.75,6.0,2.0,1.6,4.666666666666667,1,4,4,5,2,2,4,14,4.0,-12.0,40.0,66.66666666666666,100,1,1,3
1308,3.625,4.0,2.6666666666666665,4.7,3.0,2.3333333333333335,3.5,8.5,3.9166666666666665,4.2,4.5,3,5,0,8,3,5,8,19,11.0,10.0,60.0,83.33333333333334,100,3,0,0
1309,3.25,2.3333333333333335,3.111111111111111,3.8,3.375,2.7222222222222223,6.916666666666667,6.583333333333333,3.25,3.0,2.6666666666666665,0,1,2,1,2,6,8,13,17.0,15.0,20.0,50.0,50,2,1,1
1310,2.25,3.111111111111111,3.6666666666666665,4.0,3.125,4.055555555555555,5.666666666666667,5.25,2.4166666666666665,4.25,3.3333333333333335,3,4,1,7,4,6,10,21,9.0,5.0,40.0,66.66666666666666,100,3,0,1
1311,1.125,3.0,2.6666666666666665,3.2,4.75,1.9444444444444444,4.0,6.166666666666667,2.5,3.5,3.1666666666666665,3,5,4,8,4,7,11,27,8.0,8.0,40.0,83.33333333333334,100,4,1,3
1312,1.5,3.4444444444444446,3.7777777777777777,4.2,2.375,2.388888888888889,6.25,6.333333333333333,3.0,3.8,3.3333333333333335,3,5,0,8,2,7,9,20,5.0,-5.0,40.0,83.33333333333334,100,3,0,0
1313,3.875,4.777777777777778,4.555555555555555,4.6,2.125,3.8333333333333335,5.333333333333333,7.666666666666667,2.3333333333333335,4.0,3.5,3,2,1,5,2,1,3,10,25.0,5.0,100.0,100.0,100,1,1,0
1314,2.75,4.333333333333333,4.888888888888889,3.5,1.125,2.388888888888889,5.416666666666667,8.5,3.9166666666666665,3.65,3.8333333333333335,3,5,0,8,1,4,5,15,23.0,14.0,0.0,33.33333333333333,75,2,0,0
1315,2.875,2.7777777777777777,3.2222222222222223,4.1,3.75,3.1666666666666665,4.833333333333333,6.583333333333333,3.25,3.15,4.0,0,3,0,3,1,3,4,9,23.0,3.0,40.0,83.33333333333334,100,2,0,0
1316,2.25,4.111111111111111,2.5555555555555554,4.2,3.875,4.277777777777778,3.0,8.416666666666666,2.9166666666666665,3.8,4.333333333333333,3,6,1,9,4,4,8,21,17.0,8.0,60.0,66.66666666666666,75,3,1,0
1317,2.875,4.0,3.888888888888889,3.1,2.375,2.9444444444444446,5.083333333333333,7.166666666666667,3.0,3.2,3.8333333333333335,2,4,1,6,1,4,5,15,27.0,12.0,40.0,100.0,75,3,1,0
1318,1.125,2.6666666666666665,5.0,4.3,4.375,1.1111111111111112,3.0,6.833333333333333,4.416666666666667,4.65,2.0,1,1,0,2,3,2,5,11,19.0,5.0,40.0,83.33333333333334,100,4,0,0
1319,4.375,4.333333333333333,4.333333333333333,3.9,2.625,3.6666666666666665,3.25,7.416666666666667,4.166666666666667,3.95,3.3333333333333335,3,6,2,9,4,7,11,24,13.0,7.0,100.0,100.0,75,2,1,1
1320,3.875,4.111111111111111,3.4444444444444446,3.2,3.875,2.5555555555555554,7.583333333333333,8.166666666666666,4.083333333333333,4.6,2.5,0,0,0,0,2,4,6,6,1.0,-11.0,40.0,50.0,75,0,0,0
1321,3.25,4.222222222222222,3.6666666666666665,2.9,3.875,2.611111111111111,4.363636363636363,7.25,1.6666666666666667,4.5,1.5,1,5,3,6,2,5,7,20,10.0,2.0,40.0,66.66666666666666,75,4,0,3
1322,1.625,4.888888888888889,4.222222222222222,4.4,2.0,4.277777777777778,3.8333333333333335,8.083333333333334,3.75,4.25,4.333333333333333,2,1,4,3,4,2,6,17,18.0,0.0,60.0,100.0,100,4,1,3
1323,3.875,3.6666666666666665,3.0,3.8,2.5,3.5,4.416666666666667,6.166666666666667,3.75,3.55,4.333333333333333,3,6,4,9,4,6,10,26,14.0,20.0,60.0,100.0,50,3,1,3
1324,1.75,4.333333333333333,4.777777777777778,4.4,1.875,4.888888888888889,4.666666666666667,7.333333333333333,2.8333333333333335,4.85,3.3333333333333335,3,5,3,8,3,4,7,19,11.0,10.0,60.0,66.66666666666666,100,1,1,2
1325,4.5,4.555555555555555,5.0,4.2,1.0,4.555555555555555,8.666666666666666,9.0,4.666666666666667,4.4,5.0,1,2,0,3,2,4,6,10,32.0,7.0,40.0,83.33333333333334,50,1,0,0
1326,2.375,3.888888888888889,3.6666666666666665,4.4,3.875,4.166666666666667,5.5,6.166666666666667,4.083333333333333,4.15,2.1666666666666665,2,4,1,6,3,3,6,16,14.0,0.0,20.0,83.33333333333334,100,3,0,1
1327,2.125,4.555555555555555,4.555555555555555,3.4,1.375,4.888888888888889,2.9166666666666665,7.25,5.0,3.2,5.0,3,5,2,8,2,5,7,21,7.0,-5.0,100.0,50.0,75,4,1,1
1328,4.0,3.3333333333333335,3.888888888888889,3.7,3.125,3.888888888888889,7.416666666666667,7.416666666666667,4.0,3.45,4.5,3,4,0,7,2,5,7,16,19.0,-5.0,60.0,100.0,75,2,0,0
1329,2.25,3.5555555555555554,3.5555555555555554,3.6,3.25,2.0,4.416666666666667,7.166666666666667,2.3333333333333335,3.8,2.0,0,3,0,3,4,2,6,9,12.0,-17.0,40.0,83.33333333333334,75,0,0,0
1330,2.875,3.7777777777777777,3.888888888888889,4.6,2.125,4.333333333333333,5.083333333333333,6.083333333333333,3.0,3.5,4.166666666666667,3,5,3,8,3,4,7,19,1.0,-12.0,0.0,100.0,50,1,1,2
1331,3.0,1.8888888888888888,4.111111111111111,4.9,1.625,4.5,6.25,6.25,2.5833333333333335,1.85,4.0,3,5,1,8,3,6,9,21,-9.0,-8.0,40.0,33.33333333333333,75,3,1,0
1332,1.25,3.7777777777777777,2.2222222222222223,3.1,3.0,2.5,4.75,7.833333333333333,3.0,4.05,2.1666666666666665,3,1,0,4,1,3,4,9,11.0,-5.0,60.0,66.66666666666666,100,1,0,0
1333,1.125,4.555555555555555,4.555555555555555,4.4,2.375,3.888888888888889,4.545454545454546,6.545454545454546,2.3333333333333335,4.25,3.1666666666666665,3,6,2,9,4,5,9,23,7.0,2.0,60.0,66.66666666666666,50,3,0,2
1334,1.0,4.111111111111111,3.888888888888889,2.8,2.75,3.111111111111111,4.166666666666667,7.083333333333333,3.5,4.25,4.166666666666667,1,4,0,5,2,7,9,17,13.0,0.0,40.0,66.66666666666666,75,3,0,0
1335,2.0,3.5555555555555554,3.6666666666666665,3.2,3.875,2.7222222222222223,5.333333333333333,6.416666666666667,3.3333333333333335,4.05,3.1666666666666665,2,3,3,5,4,6,10,20,8.0,-2.0,60.0,100.0,75,2,1,2
1336,2.625,4.555555555555555,4.666666666666667,2.6,1.5,1.9444444444444444,4.166666666666667,6.916666666666667,3.5,4.5,3.3333333333333335,2,3,1,5,2,3,5,15,-3.0,-13.0,40.0,100.0,75,4,1,0
1337,3.375,2.3333333333333335,2.4444444444444446,3.9,4.0,1.7222222222222223,4.25,4.833333333333333,1.4166666666666667,2.95,1.6666666666666667,3,3,1,6,3,7,10,19,1.0,2.0,60.0,100.0,50,2,0,1
1338,3.125,4.0,3.2222222222222223,4.0,3.25,3.1666666666666665,4.75,5.75,3.4166666666666665,3.75,3.6666666666666665,3,5,2,8,4,7,11,22,18.0,19.0,60.0,83.33333333333334,100,1,0,2
1339,2.25,3.6666666666666665,4.222222222222222,4.2,3.0,3.8333333333333335,3.3333333333333335,7.083333333333333,2.9166666666666665,3.35,3.1666666666666665,2,2,0,4,3,2,5,10,10.0,5.0,0.0,100.0,100,1,0,0
1340,4.25,4.888888888888889,4.888888888888889,4.6,1.625,4.777777777777778,4.416666666666667,7.75,4.75,4.7,5.0,3,6,1,9,3,7,10,23,13.0,6.0,40.0,83.33333333333334,100,3,1,0
1341,2.375,3.2222222222222223,3.3333333333333335,3.9,4.125,3.6666666666666665,6.5,6.25,2.5,3.8,2.8333333333333335,3,5,1,8,2,6,8,20,16.0,15.0,40.0,83.33333333333334,50,3,1,0
1342,2.0,3.6666666666666665,4.0,3.7,2.25,2.888888888888889,3.9166666666666665,6.0,4.0,3.35,3.3333333333333335,3,6,0,9,4,7,11,23,12.0,10.0,40.0,83.33333333333334,75,3,0,0
1343,2.5,4.222222222222222,4.333333333333333,3.7,2.5,3.5,6.5,5.0,2.9166666666666665,3.7,1.6666666666666667,2,3,1,5,2,3,5,12,10.0,2.0,40.0,66.66666666666666,50,1,1,0
1344,1.75,3.888888888888889,4.888888888888889,3.9,3.5,4.444444444444445,4.083333333333333,7.0,4.333333333333333,4.3,4.333333333333333,3,5,2,8,3,3,6,17,19.0,1.0,60.0,100.0,75,1,1,1
1345,1.125,3.111111111111111,2.7777777777777777,4.0,3.75,4.111111111111111,3.5833333333333335,6.416666666666667,2.0,3.4,3.6666666666666665,3,5,4,8,4,7,11,24,8.0,7.0,40.0,100.0,100,1,1,3
1346,2.5,3.2222222222222223,4.888888888888889,4.5,1.0,4.777777777777778,4.916666666666667,6.25,4.166666666666667,2.75,3.1666666666666665,3,5,4,8,4,7,11,27,9.0,6.0,40.0,83.33333333333334,75,4,1,3
1347,1.375,2.888888888888889,1.6666666666666667,2.1,3.25,3.0,3.8333333333333335,5.416666666666667,2.1666666666666665,2.45,2.5,2,5,4,7,4,7,11,23,14.0,13.0,60.0,66.66666666666666,50,1,1,3
1348,3.875,4.444444444444445,4.444444444444445,4.9,3.0,4.277777777777778,5.166666666666667,6.666666666666667,3.6666666666666665,4.4,4.666666666666667,3,6,0,9,4,5,9,22,10.0,7.0,60.0,83.33333333333334,50,4,0,0
1349,2.75,3.888888888888889,3.5555555555555554,2.2,2.375,1.7222222222222223,3.0,6.833333333333333,2.5,4.1,2.0,3,6,1,9,4,4,8,22,10.0,-3.0,60.0,66.66666666666666,100,4,0,1
1350,1.375,4.0,3.6666666666666665,2.8,1.5,2.2222222222222223,5.25,4.833333333333333,2.25,3.45,2.8333333333333335,3,2,2,5,2,6,8,17,15.0,4.0,40.0,83.33333333333334,100,2,0,2
1351,3.125,3.6666666666666665,3.0,3.4,4.0,1.6111111111111112,4.833333333333333,6.416666666666667,3.0,3.5,2.0,1,4,4,5,2,5,7,19,11.0,5.0,60.0,100.0,50,3,1,3
1352,1.0,2.5555555555555554,2.4444444444444446,1.8,4.125,2.1666666666666665,3.25,3.6666666666666665,3.25,3.4,2.6666666666666665,3,4,2,7,3,7,10,20,5.0,0.0,40.0,100.0,100,1,0,2
1353,3.625,4.222222222222222,3.2222222222222223,4.7,3.25,3.7777777777777777,5.5,6.333333333333333,3.0833333333333335,4.3,4.0,3,5,0,8,4,3,7,18,13.0,-3.0,40.0,83.33333333333334,100,3,0,0
1354,3.125,3.888888888888889,4.111111111111111,4.4,2.125,4.277777777777778,3.8333333333333335,7.666666666666667,2.9166666666666665,4.7,4.166666666666667,3,6,4,9,2,5,7,23,-2.0,1.0,60.0,66.66666666666666,0,3,1,3
1355,2.875,4.777777777777778,5.0,4.1,1.875,3.611111111111111,5.25,8.833333333333334,3.75,3.85,3.6666666666666665,1,2,0,3,2,3,5,11,4.0,-5.0,40.0,33.33333333333333,75,3,0,0
1356,2.75,3.4444444444444446,2.888888888888889,3.5,2.75,3.5,6.416666666666667,7.25,2.8333333333333335,3.8,3.6666666666666665,3,5,3,8,4,6,10,24,14.0,8.0,20.0,83.33333333333334,75,3,1,2
1357,3.875,4.0,3.5555555555555554,4.4,3.375,4.055555555555555,5.083333333333333,7.666666666666667,2.8333333333333335,4.7,5.0,3,4,1,7,3,5,8,19,16.0,5.0,60.0,100.0,75,3,0,1
1358,3.25,4.0,4.888888888888889,4.2,1.5,4.111111111111111,5.666666666666667,7.833333333333333,3.8333333333333335,3.95,5.0,3,5,4,8,2,4,6,21,21.0,4.0,60.0,83.33333333333334,25,3,1,3
1359,1.375,3.4444444444444446,4.111111111111111,2.7,2.625,2.7222222222222223,3.5,7.25,3.4166666666666665,3.5,1.6666666666666667,2,3,4,5,4,4,8,19,-4.0,-13.0,60.0,83.33333333333334,75,2,1,3
1360,2.75,4.222222222222222,3.6666666666666665,3.8,3.25,3.5,3.3333333333333335,7.25,3.0833333333333335,3.65,2.0,3,5,2,8,0,6,6,20,10.0,-6.0,60.0,100.0,100,4,0,2
1361,2.625,4.666666666666667,4.888888888888889,4.6,1.0,3.2777777777777777,6.833333333333333,8.333333333333334,2.5,3.8,5.0,2,2,2,4,2,4,6,15,15.0,15.0,100.0,100.0,75,3,1,1
1362,2.375,3.7777777777777777,4.555555555555555,4.3,1.5,3.2777777777777777,4.083333333333333,6.25,3.75,4.4,3.3333333333333335,3,4,1,7,2,3,5,16,14.0,6.0,60.0,100.0,100,3,1,0
1363,3.125,4.777777777777778,4.777777777777778,3.4,3.0,3.888888888888889,4.166666666666667,7.5,4.25,4.85,3.8333333333333335,2,2,1,4,2,2,4,11,19.0,-5.0,40.0,100.0,100,2,1,0
1364,3.625,4.444444444444445,4.777777777777778,4.2,1.0,4.333333333333333,6.25,8.0,3.5,2.75,4.166666666666667,3,6,0,9,4,7,11,23,12.0,5.0,40.0,66.66666666666666,50,3,0,0
1365,3.0,4.444444444444445,4.333333333333333,3.1,2.75,1.9444444444444444,4.333333333333333,7.166666666666667,3.6666666666666665,4.1,4.666666666666667,2,2,1,4,2,2,4,9,26.0,5.0,60.0,100.0,50,0,1,0
1366,2.0,4.333333333333333,4.111111111111111,4.6,2.0,4.277777777777778,4.833333333333333,7.833333333333333,3.25,4.55,3.0,3,5,4,8,3,5,8,23,11.0,-1.0,40.0,83.33333333333334,75,3,1,3
1367,2.75,4.111111111111111,3.6666666666666665,4.6,4.0,3.6666666666666665,4.0,7.666666666666667,4.083333333333333,4.6,4.666666666666667,3,6,0,9,4,7,11,23,12.0,0.0,40.0,83.33333333333334,100,3,0,0
1368,2.375,3.5555555555555554,2.6666666666666665,3.8,3.0,3.5555555555555554,5.0,6.416666666666667,2.5833333333333335,3.0,2.6666666666666665,0,3,4,3,3,7,10,21,15.0,2.0,60.0,83.33333333333334,100,4,1,3
1369,2.125,3.3333333333333335,3.5555555555555554,3.9,3.75,2.888888888888889,5.333333333333333,3.8333333333333335,3.5833333333333335,2.95,1.6666666666666667,3,5,3,8,2,3,5,18,17.0,5.0,40.0,66.66666666666666,75,2,1,2
1370,3.75,3.5555555555555554,4.111111111111111,2.3,3.875,3.3333333333333335,4.5,7.181818181818182,2.25,3.65,3.1666666666666665,3,4,0,7,3,4,7,17,13.0,5.0,60.0,100.0,75,3,0,0
1371,5.0,4.888888888888889,4.888888888888889,4.3,2.5,3.8333333333333335,5.583333333333333,7.166666666666667,3.75,4.7,4.166666666666667,1,2,1,3,3,2,5,12,13.0,-4.0,40.0,83.33333333333334,100,3,1,0
1372,2.75,4.111111111111111,4.111111111111111,3.6,2.5,3.2777777777777777,3.1666666666666665,7.5,2.1666666666666665,4.3,3.6666666666666665,3,3,1,6,2,3,5,14,6.0,-5.0,0.0,83.33333333333334,50,2,0,1
1373,1.875,3.7777777777777777,4.0,3.6,2.75,3.0555555555555554,4.0,6.083333333333333,3.1666666666666665,3.3,3.0,0,1,1,1,2,2,4,8,10.0,-4.0,40.0,100.0,75,2,1,0
1374,1.375,3.6666666666666665,4.222222222222222,2.8,2.875,2.0555555555555554,3.1666666666666665,7.166666666666667,4.25,4.1,3.6666666666666665,3,5,0,8,2,4,6,18,7.0,-8.0,40.0,100.0,75,4,0,0
1375,4.375,4.0,4.888888888888889,3.4,2.375,4.277777777777778,4.166666666666667,7.166666666666667,4.416666666666667,4.45,4.166666666666667,2,4,2,6,4,6,10,21,5.0,-2.0,40.0,33.33333333333333,75,3,0,2
1376,4.75,5.0,5.0,4.9,1.5,4.444444444444445,5.25,8.416666666666666,3.75,4.0,4.5,3,5,0,8,2,4,6,16,12.0,8.0,40.0,83.33333333333334,75,2,0,0
1377,1.75,4.111111111111111,4.555555555555555,3.6,1.875,2.111111111111111,2.8333333333333335,7.666666666666667,4.666666666666667,4.3,4.0,3,6,2,9,2,6,8,22,13.0,5.0,100.0,66.66666666666666,100,3,1,1
1378,2.0,4.555555555555555,4.222222222222222,4.2,3.25,3.0555555555555554,7.666666666666667,8.454545454545455,4.75,3.85,2.6666666666666665,2,2,3,4,2,2,4,13,22.0,-5.0,40.0,66.66666666666666,75,2,0,3
1379,2.125,3.7777777777777777,3.7777777777777777,3.4,3.75,3.2222222222222223,4.333333333333333,6.0,3.25,4.9,1.6666666666666667,1,3,0,4,2,4,6,12,8.0,3.0,40.0,100.0,100,2,0,0
1380,4.25,4.666666666666667,2.888888888888889,3.1,1.5,3.3333333333333335,5.166666666666667,7.333333333333333,1.9166666666666667,4.65,2.5,3,5,4,8,3,6,9,24,11.0,3.0,60.0,66.66666666666666,100,3,1,3
1381,3.0,3.3333333333333335,4.777777777777778,3.5,2.375,3.888888888888889,4.916666666666667,7.333333333333333,4.916666666666667,5.0,1.1666666666666667,1,2,1,3,3,6,9,14,8.0,7.0,100.0,100.0,75,1,1,0
1382,1.25,3.0,3.2222222222222223,4.4,3.625,4.166666666666667,3.9166666666666665,6.583333333333333,3.75,3.9,4.166666666666667,3,4,4,7,3,3,6,20,11.0,3.0,40.0,100.0,100,3,1,3
1383,4.625,3.3333333333333335,4.111111111111111,3.8,3.625,4.555555555555555,5.25,5.916666666666667,1.8333333333333333,4.5,3.8333333333333335,3,4,3,7,3,7,10,22,3.0,0.0,60.0,66.66666666666666,100,2,1,2
1384,3.375,4.555555555555555,3.2222222222222223,3.7,3.125,2.5555555555555554,3.5,6.666666666666667,2.8333333333333335,4.0,2.5,1,3,1,4,3,5,8,15,15.0,0.0,40.0,66.66666666666666,50,2,1,0
1385,3.375,3.4444444444444446,4.555555555555555,4.4,1.5,4.5,5.833333333333333,6.666666666666667,3.9166666666666665,2.5,3.3333333333333335,3,6,1,9,2,3,5,15,20.0,2.0,80.0,83.33333333333334,75,0,0,1
1386,3.75,4.777777777777778,4.555555555555555,4.7,1.125,3.4444444444444446,5.333333333333333,7.666666666666667,3.8333333333333335,4.15,2.5,3,3,0,6,2,4,6,14,19.0,8.0,40.0,100.0,50,2,0,0
1387,3.875,3.3333333333333335,2.888888888888889,4.3,3.0,3.5,5.416666666666667,7.75,2.6666666666666665,3.8,3.3333333333333335,2,4,3,6,2,3,5,17,19.0,1.0,100.0,83.33333333333334,100,3,0,3
1388,3.75,4.0,5.0,4.8,1.0,4.777777777777778,3.1666666666666665,7.5,4.916666666666667,4.05,4.666666666666667,3,3,1,6,2,3,5,14,3.0,-10.0,60.0,66.66666666666666,100,2,0,1
1389,2.625,4.777777777777778,4.555555555555555,3.2,1.375,2.7777777777777777,2.75,7.916666666666667,3.9166666666666665,4.15,4.666666666666667,3,5,1,8,4,6,10,22,8.0,-5.0,60.0,100.0,75,3,0,1
1390,3.25,4.333333333333333,4.0,4.5,2.5,3.888888888888889,4.25,7.666666666666667,3.8333333333333335,4.5,4.333333333333333,3,6,1,9,3,4,7,20,5.0,5.0,40.0,100.0,100,3,0,1
1391,3.0,3.7777777777777777,4.222222222222222,2.8,2.5,3.0,5.916666666666667,7.0,4.25,3.75,3.3333333333333335,2,5,0,7,2,4,6,14,16.0,4.0,20.0,83.33333333333334,50,1,0,0
1392,3.0,3.3333333333333335,3.4444444444444446,2.1,3.125,2.611111111111111,6.5,7.083333333333333,3.25,3.45,2.3333333333333335,1,4,0,5,2,3,5,11,14.0,5.0,40.0,83.33333333333334,50,1,0,0
1393,3.875,4.888888888888889,4.777777777777778,4.4,3.0,3.2777777777777777,7.166666666666667,6.5,4.416666666666667,3.65,4.5,3,6,2,9,1,3,4,19,11.0,5.0,40.0,50.0,25,4,1,1
1394,2.375,2.888888888888889,4.0,3.1,2.75,2.388888888888889,5.166666666666667,5.333333333333333,1.6666666666666667,1.95,1.1666666666666667,1,4,3,5,3,6,9,20,8.0,4.0,20.0,83.33333333333334,75,3,1,2
1395,2.5,2.0,4.555555555555555,3.5,2.75,3.8333333333333335,7.75,3.75,4.333333333333333,4.25,3.0,3,3,1,6,4,5,9,20,10.0,9.0,40.0,66.66666666666666,75,4,1,0
1396,3.0,3.0,3.0,3.0,3.0,3.0,5.0,5.0,3.0,3.0,3.0,3,2,1,5,2,3,5,12,9.0,0.0,40.0,83.33333333333334,50,1,1,0
1397,2.875,4.444444444444445,4.0,4.6,2.375,2.1666666666666665,4.083333333333333,5.083333333333333,3.0,4.3,4.0,3,4,0,7,2,5,7,15,23.0,8.0,40.0,83.33333333333334,75,1,0,0
1398,3.25,3.5555555555555554,3.2222222222222223,4.0,3.125,3.611111111111111,3.9166666666666665,6.833333333333333,3.0,3.95,2.6666666666666665,2,4,0,6,3,4,7,13,17.0,3.0,40.0,66.66666666666666,75,0,0,0
1399,3.875,3.888888888888889,4.888888888888889,3.8,2.75,3.4444444444444446,6.333333333333333,6.833333333333333,3.9166666666666665,3.25,3.5,2,1,1,3,2,4,6,10,30.0,5.0,40.0,50.0,50,0,1,0
1400,3.25,3.3333333333333335,3.3333333333333335,3.9,4.0,3.611111111111111,4.916666666666667,7.916666666666667,3.3333333333333335,4.2,4.166666666666667,1,1,2,2,2,3,5,11,7.0,-2.0,60.0,100.0,75,2,1,1
1401,2.375,3.6666666666666665,4.222222222222222,2.5,4.25,1.2777777777777777,4.5,6.454545454545454,5.0,3.9,5.0,1,4,0,5,2,2,4,11,9.0,-15.0,40.0,100.0,75,2,0,0
1402,3.25,3.888888888888889,4.0,3.8,2.0,4.111111111111111,5.5,4.416666666666667,2.5,3.4,1.5,3,6,3,9,3,7,10,23,12.0,12.0,40.0,100.0,100,1,0,3
1403,1.375,3.4444444444444446,4.333333333333333,3.9,4.5,3.5555555555555554,4.916666666666667,6.666666666666667,1.9166666666666667,4.45,2.0,2,6,4,8,4,6,10,26,-1.0,4.0,40.0,66.66666666666666,50,4,1,3
1404,2.25,4.222222222222222,3.888888888888889,4.3,2.25,3.388888888888889,3.25,7.666666666666667,3.6666666666666665,3.7,3.5,2,4,4,6,4,4,8,21,9.0,0.0,60.0,100.0,75,3,1,3
1405,2.875,4.888888888888889,5.0,4.7,1.75,4.5,4.083333333333333,7.25,4.0,4.6,5.0,3,6,0,9,3,7,10,20,15.0,5.0,40.0,83.33333333333334,100,1,0,0
1406,1.875,3.888888888888889,3.7777777777777777,4.4,2.75,3.611111111111111,3.5833333333333335,3.9166666666666665,3.25,3.75,3.3333333333333335,2,5,4,7,3,5,8,22,18.0,6.0,40.0,83.33333333333334,100,3,1,3
1407,4.125,4.444444444444445,4.888888888888889,4.7,1.5,4.388888888888889,6.333333333333333,7.416666666666667,3.8333333333333335,3.3,4.0,1,3,0,4,3,2,5,11,19.0,10.0,40.0,100.0,75,2,0,0
1408,1.125,1.7777777777777777,3.5555555555555554,3.8,4.75,1.9444444444444444,4.916666666666667,6.166666666666667,3.5,3.75,2.8333333333333335,3,6,1,9,4,6,10,23,12.0,11.0,40.0,66.66666666666666,100,3,1,0
1409,2.375,3.4444444444444446,4.555555555555555,4.5,4.125,3.9444444444444446,3.25,6.833333333333333,3.0833333333333335,4.7,4.333333333333333,2,4,2,6,4,6,10,21,9.0,13.0,60.0,83.33333333333334,75,3,1,1
1410,1.5,3.111111111111111,2.7777777777777777,3.3,3.5,2.3333333333333335,3.75,6.75,2.25,2.9,1.3333333333333333,1,2,0,3,2,2,4,8,19.0,-1.0,40.0,66.66666666666666,25,1,0,0
1411,3.125,4.777777777777778,4.0,4.8,1.75,4.444444444444445,4.75,7.75,2.6666666666666665,3.95,3.8333333333333335,1,4,0,5,2,2,4,11,21.0,-4.0,40.0,83.33333333333334,75,2,0,0
1412,2.5,3.111111111111111,2.888888888888889,3.8,3.625,3.388888888888889,5.166666666666667,7.0,1.75,4.75,4.0,3,5,3,8,3,6,9,23,7.0,0.0,40.0,66.66666666666666,100,3,1,2
1413,1.25,3.2222222222222223,3.888888888888889,3.4,2.0,3.6666666666666665,4.416666666666667,4.833333333333333,4.666666666666667,3.85,2.1666666666666665,3,6,3,9,3,4,7,23,2.0,2.0,40.0,66.66666666666666,75,4,0,3
1414,2.5,4.333333333333333,4.888888888888889,3.9,1.625,3.388888888888889,4.416666666666667,6.916666666666667,3.1666666666666665,3.5,3.1666666666666665,3,5,2,8,4,3,7,18,14.0,4.0,40.0,100.0,100,1,1,1
1415,3.0,2.4444444444444446,4.666666666666667,4.3,1.25,3.8333333333333335,5.833333333333333,5.5,2.6666666666666665,2.2,1.0,1,3,2,4,4,3,7,16,6.0,1.0,40.0,66.66666666666666,75,3,0,2
1416,3.875,4.0,4.888888888888889,4.4,1.0,3.5,4.916666666666667,6.666666666666667,4.0,3.55,5.0,2,2,1,4,2,5,7,13,27.0,10.0,40.0,83.33333333333334,50,1,0,1
1417,1.625,4.444444444444445,4.444444444444445,1.9,1.25,1.1111111111111112,3.8333333333333335,6.25,2.75,3.5,1.0,3,5,0,8,0,3,3,13,17.0,-5.0,100.0,83.33333333333334,50,2,0,0
1418,4.75,3.3333333333333335,4.777777777777778,2.7,1.25,4.222222222222222,3.75,6.833333333333333,3.75,3.8,4.5,2,4,1,6,2,6,8,19,9.0,-4.0,40.0,83.33333333333334,100,4,1,0
1419,1.75,3.7777777777777777,2.5555555555555554,4.1,4.0,3.3333333333333335,3.3333333333333335,6.416666666666667,2.6666666666666665,4.05,4.833333333333333,3,3,4,6,2,7,9,22,10.0,2.0,60.0,100.0,75,3,1,3
1420,2.0,3.4444444444444446,4.0,3.7,3.5,3.388888888888889,3.6666666666666665,6.166666666666667,3.3333333333333335,3.9,3.1666666666666665,3,5,3,8,3,7,10,25,5.0,5.0,60.0,100.0,75,4,1,2
1421,2.625,3.7777777777777777,3.7777777777777777,2.8,3.75,2.611111111111111,4.083333333333333,6.25,3.25,3.45,1.1666666666666667,3,5,1,8,2,3,5,17,15.0,2.0,40.0,66.66666666666666,100,3,1,0
1422,2.75,4.333333333333333,3.5555555555555554,4.1,2.0,3.7777777777777777,3.8333333333333335,7.25,4.083333333333333,4.15,5.0,3,6,2,9,3,3,6,18,12.0,5.0,40.0,100.0,75,1,0,2
1423,3.75,5.0,4.222222222222222,3.9,1.875,3.111111111111111,5.083333333333333,8.583333333333334,4.666666666666667,4.3,4.5,2,4,1,6,2,2,4,12,13.0,3.0,40.0,100.0,75,1,0,1
1424,3.25,4.555555555555555,4.555555555555555,4.1,3.125,3.388888888888889,6.166666666666667,8.416666666666666,1.9166666666666667,4.6,4.166666666666667,1,4,1,5,2,5,7,16,14.0,-5.0,40.0,66.66666666666666,25,3,1,0
1425,4.25,4.0,3.888888888888889,4.7,1.5,3.9444444444444446,2.8333333333333335,5.583333333333333,3.8333333333333335,3.95,4.833333333333333,3,4,3,7,4,3,7,21,11.0,11.0,60.0,100.0,100,4,1,2
1426,1.25,3.111111111111111,3.7777777777777777,3.5,2.75,3.111111111111111,3.0833333333333335,6.666666666666667,3.5,3.05,3.0,2,6,4,8,3,6,9,24,8.0,8.0,60.0,66.66666666666666,50,3,1,3
1427,2.375,3.888888888888889,4.333333333333333,4.7,4.125,2.9444444444444446,3.5,6.916666666666667,3.8333333333333335,3.5,4.833333333333333,3,5,0,8,2,4,6,15,0.0,0.0,40.0,83.33333333333334,75,1,0,0
1428,2.125,4.333333333333333,4.0,2.5,1.75,2.0,5.0,7.25,2.4166666666666665,3.0,2.1666666666666665,2,2,0,4,2,2,4,8,23.0,-8.0,20.0,83.33333333333334,75,0,0,0
1429,2.5,4.222222222222222,4.222222222222222,3.9,2.75,2.5555555555555554,4.583333333333333,6.583333333333333,3.0833333333333335,4.2,3.0,2,6,0,8,2,3,5,17,8.0,0.0,100.0,100.0,50,4,0,0
1430,4.625,4.333333333333333,4.888888888888889,4.6,4.25,3.2222222222222223,5.916666666666667,4.166666666666667,3.6666666666666665,4.8,2.1666666666666665,2,1,1,3,2,3,5,12,18.0,5.0,100.0,100.0,50,3,1,0
1431,2.625,3.111111111111111,4.444444444444445,4.9,2.5,4.888888888888889,4.0,5.416666666666667,3.3333333333333335,4.35,5.0,2,4,3,6,2,3,5,16,19.0,0.0,40.0,83.33333333333334,100,2,0,3
1432,1.625,3.7777777777777777,5.0,3.9,4.875,3.611111111111111,4.666666666666667,7.916666666666667,3.25,4.65,5.0,2,5,0,7,2,3,5,14,16.0,5.0,40.0,66.66666666666666,75,2,0,0
1433,3.375,3.2222222222222223,4.222222222222222,3.3,2.5,3.4444444444444446,6.166666666666667,6.0,4.333333333333333,3.15,3.8333333333333335,0,1,0,1,2,2,4,5,16.0,-3.0,60.0,83.33333333333334,50,0,0,0
1434,3.125,3.888888888888889,4.0,3.4,2.375,3.4444444444444446,4.083333333333333,7.333333333333333,5.0,3.35,5.0,2,2,0,4,2,3,5,9,1.0,-15.0,60.0,100.0,100,0,0,0
1435,3.625,4.555555555555555,4.0,4.4,1.75,3.9444444444444446,5.5,6.916666666666667,3.3333333333333335,4.05,4.0,1,4,0,5,2,2,4,10,2.0,-3.0,40.0,83.33333333333334,25,1,0,0
1436,2.5,3.3333333333333335,3.0,3.3,4.5,2.7777777777777777,4.083333333333333,5.666666666666667,3.25,2.7,2.0,2,5,1,7,2,5,7,16,7.0,6.0,40.0,83.33333333333334,75,1,1,0
1437,2.125,4.0,4.0,3.9,1.75,2.111111111111111,4.0,6.333333333333333,2.0833333333333335,3.6,3.6666666666666665,2,5,3,7,3,5,8,19,11.0,-4.0,40.0,66.66666666666666,25,1,1,2
1438,3.375,4.0,2.4444444444444446,4.2,4.125,4.055555555555555,3.4166666666666665,8.0,2.6666666666666665,4.55,4.0,3,6,0,9,2,4,6,17,19.0,6.0,40.0,100.0,50,2,0,0
1439,2.875,4.0,2.888888888888889,4.0,2.125,3.5,5.0,6.0,1.9166666666666667,3.8,2.8333333333333335,2,5,1,7,2,3,5,15,10.0,0.0,40.0,100.0,100,2,1,0
1440,3.5,4.666666666666667,4.555555555555555,4.2,1.875,4.222222222222222,3.6666666666666665,6.75,4.0,4.55,5.0,3,4,4,7,2,2,4,17,13.0,-5.0,40.0,100.0,100,2,1,3
1441,2.5,3.5555555555555554,2.6666666666666665,3.8,4.75,2.2222222222222223,5.166666666666667,7.5,2.0,4.3,3.5,3,3,2,6,2,3,5,16,9.0,-5.0,40.0,66.66666666666666,75,3,1,1
1442,3.375,4.333333333333333,4.333333333333333,4.3,2.0,4.0,4.333333333333333,7.25,3.6666666666666665,3.55,3.8333333333333335,2,6,3,8,3,6,9,24,18.0,25.0,60.0,100.0,75,4,1,2
1443,3.125,4.0,2.6666666666666665,3.2,4.625,3.3333333333333335,4.25,5.5,2.5833333333333335,4.35,4.0,3,5,1,8,2,7,9,19,16.0,20.0,60.0,83.33333333333334,100,1,1,0
1444,3.875,4.666666666666667,4.0,3.6,2.125,2.888888888888889,7.416666666666667,8.0,3.5833333333333335,3.65,3.0,1,1,0,2,1,3,4,9,11.0,-5.0,40.0,100.0,75,3,0,0
1445,4.0,4.111111111111111,3.5555555555555554,3.3,2.375,3.0555555555555554,4.0,5.333333333333333,2.5833333333333335,3.8,2.8333333333333335,3,2,0,5,2,4,6,14,8.0,-10.0,40.0,83.33333333333334,75,3,0,0
1446,2.125,4.111111111111111,3.888888888888889,2.8,3.25,3.7222222222222223,3.3333333333333335,7.0,2.5,3.65,3.5,2,5,4,7,4,7,11,26,9.0,15.0,40.0,83.33333333333334,100,4,1,3
1447,2.375,3.888888888888889,3.4444444444444446,3.8,3.875,3.5,5.166666666666667,6.666666666666667,2.5833333333333335,3.6,4.166666666666667,2,2,1,4,1,6,7,13,14.0,4.0,60.0,100.0,75,1,1,0
1448,2.125,3.4444444444444446,4.0,3.3,3.5,3.7777777777777777,5.416666666666667,5.666666666666667,3.0,3.15,4.0,3,4,2,7,2,3,5,15,13.0,-2.0,60.0,50.0,25,1,1,1
1449,2.25,2.888888888888889,3.3333333333333335,4.1,3.75,1.3888888888888888,7.666666666666667,6.916666666666667,3.25,4.0,2.1666666666666665,0,1,0,1,3,3,6,8,10.0,-3.0,0.0,83.33333333333334,50,1,0,0
1450,2.875,3.4444444444444446,2.6666666666666665,4.0,3.125,4.722222222222222,4.833333333333333,5.166666666666667,3.4166666666666665,4.65,3.8333333333333335,1,3,3,4,4,7,11,21,9.0,9.0,40.0,66.66666666666666,100,3,1,2
1451,3.5,2.6666666666666665,4.555555555555555,3.4,2.375,2.9444444444444446,4.5,4.416666666666667,4.5,2.9,3.6666666666666665,2,3,1,5,4,2,6,13,22.0,13.0,40.0,66.66666666666666,75,1,1,0
1452,2.75,3.888888888888889,3.4444444444444446,3.7,2.125,3.611111111111111,5.0,5.583333333333333,2.8333333333333335,4.1,3.3333333333333335,3,4,1,7,2,3,5,16,-11.0,-20.0,60.0,83.33333333333334,50,3,0,1
1453,3.125,4.111111111111111,3.5555555555555554,3.4,2.625,2.6666666666666665,4.416666666666667,6.833333333333333,3.25,3.45,3.6666666666666665,2,5,1,7,4,4,8,17,3.0,-10.0,40.0,100.0,75,1,1,0
1454,4.25,3.6666666666666665,3.3333333333333335,3.9,2.5,3.5,6.666666666666667,7.083333333333333,3.0833333333333335,4.5,3.6666666666666665,1,2,1,3,3,3,6,11,19.0,10.0,100.0,66.66666666666666,100,1,1,0
1455,2.125,4.333333333333333,3.888888888888889,4.6,2.875,3.0,4.333333333333333,7.0,4.166666666666667,4.15,3.6666666666666665,0,1,3,1,2,5,7,12,13.0,5.0,40.0,66.66666666666666,50,1,1,2
1456,4.25,4.777777777777778,5.0,4.4,1.0,4.222222222222222,6.5,8.833333333333334,3.8333333333333335,4.25,4.5,3,6,4,9,3,4,7,22,16.0,0.0,40.0,83.33333333333334,25,2,1,3
1457,4.75,4.333333333333333,3.6666666666666665,4.3,2.625,2.6666666666666665,3.6666666666666665,7.916666666666667,2.3333333333333335,4.65,2.8333333333333335,2,5,0,7,2,2,4,13,19.0,4.0,60.0,50.0,100,2,0,0
1458,2.625,3.3333333333333335,3.4444444444444446,3.5,2.75,2.388888888888889,6.25,6.333333333333333,3.1666666666666665,3.05,2.8333333333333335,0,1,0,1,2,2,4,6,14.0,10.0,100.0,83.33333333333334,50,1,0,0
1459,3.75,3.2222222222222223,3.6666666666666665,4.3,3.5,4.277777777777778,4.5,7.333333333333333,2.5,4.5,3.8333333333333335,2,3,1,5,4,6,10,19,16.0,15.0,40.0,100.0,75,3,1,0
1460,2.875,4.0,3.3333333333333335,4.2,4.25,3.6666666666666665,5.25,7.5,3.0833333333333335,4.45,2.5,3,2,0,5,2,3,5,11,19.0,3.0,40.0,83.33333333333334,100,1,0,0
1461,4.875,4.555555555555555,4.555555555555555,4.0,1.375,2.7777777777777777,4.333333333333333,5.583333333333333,3.3333333333333335,3.25,3.3333333333333335,3,1,1,4,2,3,5,11,24.0,0.0,60.0,100.0,100,1,1,0
1462,4.125,4.777777777777778,4.888888888888889,4.3,2.375,4.444444444444445,5.333333333333333,5.416666666666667,2.25,3.25,2.3333333333333335,1,3,1,4,3,4,7,14,16.0,5.0,40.0,100.0,75,2,1,0
1463,1.125,4.0,2.7777777777777777,2.3,4.75,2.2777777777777777,3.0,6.75,3.5,3.8,2.5,3,5,4,8,4,6,10,26,2.0,4.0,40.0,66.66666666666666,75,4,1,3
1464,4.0,4.777777777777778,3.6666666666666665,3.5,1.75,3.6666666666666665,2.8333333333333335,9.0,3.5833333333333335,4.15,4.166666666666667,3,2,0,5,3,5,8,14,14.0,-2.0,100.0,100.0,100,1,0,0
1465,3.75,2.6666666666666665,4.111111111111111,4.2,2.0,4.0,8.25,5.083333333333333,2.75,2.6,4.0,2,3,1,5,4,5,9,18,14.0,2.0,40.0,83.33333333333334,75,3,0,1
1466,3.125,4.0,4.333333333333333,3.8,1.0,4.277777777777778,3.9166666666666665,8.0,3.25,4.4,1.5,3,5,4,8,3,6,9,25,10.0,5.0,60.0,83.33333333333334,25,4,1,3
1467,2.875,4.555555555555555,4.666666666666667,3.3,2.375,3.7777777777777777,4.833333333333333,7.25,4.0,4.3,2.6666666666666665,3,4,1,7,2,5,7,16,19.0,6.0,40.0,100.0,50,1,0,1
1468,2.375,3.6666666666666665,3.111111111111111,2.7,1.5,3.1666666666666665,4.0,6.333333333333333,2.3333333333333335,3.9,4.166666666666667,3,4,1,7,3,7,10,21,12.0,3.0,40.0,83.33333333333334,75,3,1,0
1469,2.75,4.0,4.333333333333333,3.1,2.25,2.9444444444444446,7.833333333333333,8.666666666666666,4.916666666666667,3.55,4.166666666666667,0,3,0,3,2,6,8,15,15.0,0.0,40.0,100.0,50,4,0,0
1470,1.125,4.111111111111111,4.333333333333333,4.5,4.25,4.111111111111111,3.1666666666666665,7.5,5.0,3.8,5.0,3,4,3,7,3,5,8,21,13.0,10.0,60.0,33.33333333333333,100,3,1,2
1471,2.625,3.4444444444444446,3.4444444444444446,4.5,3.5,3.7777777777777777,4.916666666666667,7.916666666666667,3.1666666666666665,3.85,3.1666666666666665,2,4,3,6,3,2,5,15,13.0,-4.0,40.0,100.0,50,1,1,2
1472,3.5,3.888888888888889,3.5555555555555554,4.0,2.75,3.5,5.0,7.916666666666667,3.0833333333333335,3.55,3.5,3,4,2,7,2,4,6,18,10.0,2.0,40.0,100.0,100,3,0,2
1473,3.375,5.0,4.888888888888889,4.5,1.0,4.055555555555555,4.166666666666667,8.083333333333334,3.25,3.8,2.6666666666666665,1,1,1,2,2,4,6,12,18.0,-5.0,40.0,83.33333333333334,75,3,1,0
1474,2.25,2.7777777777777777,4.222222222222222,4.1,4.25,4.277777777777778,3.5833333333333335,6.333333333333333,4.333333333333333,4.85,4.166666666666667,1,3,0,4,2,3,5,12,9.0,0.0,40.0,66.66666666666666,50,3,0,0
1475,1.375,3.2222222222222223,2.6666666666666665,2.9,3.125,2.888888888888889,3.75,5.0,2.0,3.95,2.5,2,3,3,5,2,5,7,17,13.0,-2.0,20.0,66.66666666666666,75,2,1,2
1476,3.625,4.777777777777778,4.333333333333333,4.1,2.25,2.888888888888889,4.833333333333333,6.5,3.6666666666666665,4.4,3.1666666666666665,0,2,1,2,2,3,5,9,20.0,-6.0,40.0,83.33333333333334,50,1,1,0
1477,2.625,4.111111111111111,4.222222222222222,4.2,1.0,3.9444444444444446,4.333333333333333,6.166666666666667,2.4166666666666665,4.1,1.8333333333333333,3,6,2,9,4,7,11,25,10.0,5.0,40.0,66.66666666666666,100,3,0,2
1478,3.375,4.888888888888889,4.777777777777778,3.4,1.125,3.5,7.0,8.666666666666666,3.4166666666666665,4.15,4.666666666666667,1,1,1,2,0,3,3,6,30.0,6.0,40.0,100.0,25,0,0,1
1479,2.375,3.7777777777777777,3.7777777777777777,4.3,3.5,3.2777777777777777,4.166666666666667,8.333333333333334,4.25,4.4,4.333333333333333,3,4,1,7,2,2,4,15,20.0,10.0,40.0,83.33333333333334,25,3,1,0
1480,1.75,4.666666666666667,3.111111111111111,4.8,3.625,3.4444444444444446,3.4166666666666665,7.833333333333333,3.0,4.3,5.0,3,6,3,9,4,6,10,23,15.0,10.0,40.0,83.33333333333334,50,1,1,2
1481,4.0,4.666666666666667,5.0,4.2,2.25,4.111111111111111,6.166666666666667,7.666666666666667,3.75,3.95,4.0,3,6,0,9,3,6,9,21,19.0,10.0,40.0,50.0,75,3,0,0
1482,3.625,4.555555555555555,3.7777777777777777,4.3,2.625,3.6666666666666665,4.666666666666667,6.454545454545454,3.1666666666666665,3.65,4.333333333333333,2,1,1,3,2,5,7,11,24.0,-3.0,0.0,83.33333333333334,50,0,1,0
1483,4.125,3.888888888888889,2.888888888888889,3.8,3.75,2.888888888888889,4.583333333333333,7.666666666666667,2.75,4.25,3.6666666666666665,3,5,3,8,4,7,11,22,8.0,0.0,40.0,100.0,100,0,0,3
1484,2.125,3.3333333333333335,4.444444444444445,3.9,2.875,3.6666666666666665,5.25,6.833333333333333,3.1666666666666665,3.6,3.6666666666666665,1,4,0,5,1,3,4,10,5.0,-10.0,40.0,100.0,75,1,0,0
1485,2.5,4.0,4.666666666666667,3.1,3.25,2.2222222222222223,4.0,6.5,2.4166666666666665,3.65,2.1666666666666665,0,2,1,2,3,5,8,11,24.0,5.0,40.0,66.66666666666666,50,0,1,0
1486,2.375,4.222222222222222,3.6666666666666665,3.7,2.5,3.6666666666666665,7.166666666666667,7.833333333333333,3.4166666666666665,4.1,3.8333333333333335,2,2,1,4,2,4,6,13,12.0,-5.0,40.0,66.66666666666666,75,2,0,1
1487,3.375,3.888888888888889,3.7777777777777777,3.0,2.25,2.388888888888889,8.166666666666666,8.5,3.9166666666666665,3.5,1.8333333333333333,3,5,1,8,3,4,7,19,-4.0,-20.0,40.0,83.33333333333334,75,3,1,0
1488,4.0,3.5555555555555554,3.5555555555555554,4.1,2.25,3.7222222222222223,4.833333333333333,4.5,2.3333333333333335,3.5,4.166666666666667,3,5,4,8,3,7,10,23,17.0,16.0,40.0,66.66666666666666,25,1,1,3
1489,3.75,4.111111111111111,4.555555555555555,4.6,2.875,3.2222222222222223,6.583333333333333,7.166666666666667,4.25,3.75,4.333333333333333,0,1,0,1,0,3,3,5,30.0,15.0,40.0,100.0,75,1,0,0
1490,3.0,3.2222222222222223,3.0,4.1,3.75,3.8333333333333335,6.666666666666667,8.416666666666666,4.666666666666667,4.45,4.5,1,2,1,3,0,3,3,8,16.0,-16.0,40.0,83.33333333333334,100,1,1,0
1491,2.0,4.888888888888889,4.333333333333333,3.3,2.375,2.5555555555555554,3.3333333333333335,6.833333333333333,3.4166666666666665,4.3,3.1666666666666665,3,2,3,5,2,3,5,13,22.0,10.0,60.0,100.0,25,0,1,2
1492,1.25,3.2222222222222223,2.888888888888889,2.9,4.125,2.5,4.916666666666667,7.083333333333333,2.3333333333333335,4.45,2.8333333333333335,3,3,1,6,2,5,7,17,3.0,-5.0,60.0,83.33333333333334,75,3,1,0
1493,1.375,4.777777777777778,4.777777777777778,4.5,3.75,3.6666666666666665,3.1666666666666665,7.75,3.5,4.75,2.8333333333333335,2,4,1,6,2,4,6,13,1.0,-1.0,60.0,66.66666666666666,75,0,0,1
1494,1.75,3.7777777777777777,4.111111111111111,3.4,2.625,2.9444444444444446,4.666666666666667,7.25,3.25,3.85,3.6666666666666665,3,6,3,9,2,7,9,22,16.0,4.0,40.0,83.33333333333334,75,1,0,3
1495,3.875,4.444444444444445,3.4444444444444446,4.4,2.25,3.8333333333333335,4.25,7.333333333333333,3.5,3.55,2.5,1,4,1,5,3,5,8,16,19.0,8.0,60.0,100.0,50,2,0,1
1496,2.875,3.888888888888889,3.888888888888889,3.4,2.375,3.3333333333333335,5.5,7.666666666666667,3.5833333333333335,3.55,3.6666666666666665,0,4,4,4,2,4,6,17,17.0,7.0,40.0,100.0,75,3,1,3
1497,1.125,4.0,3.4444444444444446,2.7,1.625,3.5,4.833333333333333,6.75,3.6666666666666665,4.65,4.666666666666667,3,4,3,7,3,5,8,22,-2.0,0.0,60.0,66.66666666666666,50,4,1,2
1498,3.0,4.666666666666667,3.6666666666666665,4.2,2.75,3.6666666666666665,3.5,8.0,2.3333333333333335,4.3,2.0,3,6,3,9,3,7,10,22,10.0,7.0,40.0,100.0,25,0,1,2
1499,4.5,3.5555555555555554,3.6666666666666665,4.8,2.875,4.111111111111111,7.666666666666667,6.333333333333333,4.166666666666667,4.2,3.6666666666666665,3,5,3,8,2,5,7,19,11.0,15.0,20.0,83.33333333333334,50,1,1,2
1500,2.125,3.6666666666666665,3.0,3.9,4.25,2.388888888888889,3.4166666666666665,6.583333333333333,2.6666666666666665,4.0,4.5,3,6,4,9,3,6,9,25,5.0,3.0,60.0,83.33333333333334,100,3,1,3
1501,2.625,3.6666666666666665,4.666666666666667,3.8,3.0,2.8333333333333335,5.0,6.75,3.75,3.45,3.6666666666666665,2,4,1,6,2,2,4,12,18.0,5.0,40.0,66.66666666666666,50,1,1,0
1502,4.0,4.555555555555555,4.888888888888889,3.8,1.75,2.388888888888889,6.666666666666667,8.333333333333334,4.5,3.75,4.0,0,0,0,0,2,5,7,9,26.0,5.0,60.0,83.33333333333334,75,2,0,0
1503,3.25,3.6666666666666665,4.777777777777778,3.2,2.0,3.611111111111111,4.5,5.5,4.416666666666667,3.55,2.0,2,6,4,8,3,7,10,25,10.0,5.0,40.0,66.66666666666666,50,3,1,3
1504,1.0,2.2222222222222223,3.6666666666666665,3.9,2.75,4.5,3.8333333333333335,4.583333333333333,4.083333333333333,3.45,3.5,3,5,3,8,4,6,10,23,15.0,8.0,40.0,66.66666666666666,75,2,1,2
1505,1.625,4.555555555555555,3.2222222222222223,4.2,4.0,3.7222222222222223,5.083333333333333,8.083333333333334,3.4166666666666665,4.45,5.0,3,2,3,5,2,6,8,19,-4.0,2.0,40.0,100.0,75,3,0,3
1506,3.0,3.5555555555555554,1.6666666666666667,3.6,3.375,2.8333333333333335,8.25,7.416666666666667,3.4166666666666665,3.75,1.8333333333333333,3,3,2,6,3,6,9,17,11.0,8.0,40.0,100.0,50,0,0,2
1507,4.625,4.777777777777778,5.0,2.7,3.125,1.2222222222222223,1.9166666666666667,7.5,2.1666666666666665,4.5,1.0,2,5,1,7,2,3,5,15,10.0,5.0,0.0,100.0,50,2,1,0
1508,3.875,3.3333333333333335,3.5555555555555554,3.4,2.625,3.111111111111111,5.0,5.833333333333333,2.6666666666666665,3.4,3.3333333333333335,2,3,4,5,4,6,10,22,-1.0,0.0,40.0,83.33333333333334,100,3,1,3
1509,1.625,3.5555555555555554,3.5555555555555554,4.2,4.5,3.8333333333333335,4.5,5.833333333333333,3.5,4.45,4.5,3,5,3,8,4,6,10,22,16.0,3.0,60.0,83.33333333333334,75,1,1,2
1510,1.75,2.3333333333333335,2.4444444444444446,2.8,4.875,1.3888888888888888,5.25,6.416666666666667,3.5,4.7,3.5,1,3,2,4,2,4,6,15,13.0,3.0,20.0,83.33333333333334,100,3,0,2
1511,4.75,4.333333333333333,3.888888888888889,4.4,2.25,2.2777777777777777,4.416666666666667,8.25,2.4166666666666665,3.95,4.666666666666667,1,3,2,4,1,1,2,8,22.0,10.0,40.0,66.66666666666666,75,0,0,2
1512,1.375,4.222222222222222,4.555555555555555,2.5,2.5,2.388888888888889,5.0,7.333333333333333,2.5833333333333335,3.0,1.0,1,3,0,4,2,4,6,10,10.0,-10.0,0.0,100.0,50,0,0,0
1513,3.75,4.555555555555555,3.888888888888889,3.8,2.125,4.777777777777778,5.333333333333333,7.083333333333333,3.3333333333333335,4.85,5.0,2,6,1,8,1,6,7,18,12.0,-5.0,40.0,83.33333333333334,75,2,1,0
1514,3.25,3.5555555555555554,4.888888888888889,2.9,1.875,3.2222222222222223,5.833333333333333,5.833333333333333,3.0833333333333335,3.65,2.0,3,4,3,7,1,5,6,17,13.0,5.0,40.0,50.0,100,1,1,2
1515,3.125,2.888888888888889,3.888888888888889,3.7,3.125,3.111111111111111,5.25,7.083333333333333,3.1666666666666665,4.0,4.0,2,5,3,7,3,6,9,23,13.0,6.0,0.0,83.33333333333334,75,4,1,2
1516,4.0,4.777777777777778,4.666666666666667,4.6,1.5,3.611111111111111,2.75,6.5,3.3333333333333335,4.05,4.166666666666667,3,5,3,8,4,5,9,21,19.0,5.0,40.0,83.33333333333334,25,1,1,2
1517,2.0,3.7777777777777777,4.0,3.7,2.625,3.9444444444444446,3.5,7.5,3.0833333333333335,3.85,4.0,3,2,2,5,2,3,5,16,4.0,5.0,40.0,83.33333333333334,100,4,1,1
1518,2.5,3.5555555555555554,3.888888888888889,2.7,2.875,3.0,5.7272727272727275,3.75,2.5,3.55,2.5,0,2,4,2,4,4,8,16,12.0,8.0,40.0,83.33333333333334,25,2,1,3
1519,2.625,3.0,4.111111111111111,3.9,4.25,3.1666666666666665,6.0,5.916666666666667,3.3333333333333335,3.85,3.8333333333333335,3,4,4,7,3,7,10,22,15.0,5.0,40.0,83.33333333333334,100,1,1,3
1520,4.875,4.111111111111111,4.777777777777778,3.5,1.125,3.1666666666666665,5.25,7.25,3.5833333333333335,3.4,2.6666666666666665,3,2,3,5,2,3,5,16,18.0,4.0,0.0,83.33333333333334,75,3,1,2
1521,3.625,4.666666666666667,4.555555555555555,4.1,1.25,3.7222222222222223,4.083333333333333,6.333333333333333,3.5833333333333335,4.65,5.0,3,2,1,5,3,5,8,17,8.0,5.0,40.0,66.66666666666666,100,3,1,0
1522,1.25,3.5555555555555554,3.111111111111111,2.8,3.875,2.1666666666666665,6.833333333333333,6.916666666666667,3.3333333333333335,3.6,4.166666666666667,0,3,0,3,2,5,7,12,8.0,5.0,40.0,83.33333333333334,75,2,0,0
1523,3.125,3.0,4.0,3.3,3.625,3.7222222222222223,7.75,5.833333333333333,4.333333333333333,3.05,3.6666666666666665,2,3,0,5,0,3,3,11,19.0,10.0,20.0,50.0,75,3,0,0
1524,2.0,4.666666666666667,4.444444444444445,4.8,2.0,4.166666666666667,5.166666666666667,7.333333333333333,3.9166666666666665,4.5,4.5,1,1,2,2,2,3,5,11,22.0,3.0,40.0,83.33333333333334,100,2,1,1
1525,3.375,3.0,3.6666666666666665,2.9,4.375,2.111111111111111,4.333333333333333,5.75,4.583333333333333,4.1,2.8333333333333335,0,3,2,3,1,4,5,12,7.0,-11.0,20.0,66.66666666666666,50,2,1,1
1526,3.375,4.111111111111111,4.111111111111111,4.9,2.5,3.7222222222222223,7.75,7.75,3.1666666666666665,3.6,3.6666666666666665,2,5,1,7,2,3,5,13,23.0,21.0,40.0,66.66666666666666,100,0,1,0
1527,3.0,4.444444444444445,3.888888888888889,3.9,3.125,2.6666666666666665,3.6666666666666665,8.333333333333334,3.3333333333333335,3.95,4.333333333333333,3,5,1,8,1,5,6,16,9.0,-5.0,40.0,83.33333333333334,100,1,0,1
1528,3.375,4.0,3.5555555555555554,4.5,2.25,4.0,6.0,6.416666666666667,4.5,4.45,2.5,2,3,0,5,4,6,10,18,22.0,10.0,40.0,66.66666666666666,100,3,0,0
1529,2.75,4.111111111111111,3.5555555555555554,4.5,3.375,4.166666666666667,5.5,7.5,3.75,4.1,3.6666666666666665,3,3,3,6,2,1,3,16,24.0,5.0,60.0,83.33333333333334,50,4,1,2
1530,2.875,5.0,5.0,2.7,1.0,2.5,2.6666666666666665,8.833333333333334,3.0,4.1,1.6666666666666667,3,6,4,9,4,7,11,28,12.0,16.0,100.0,100.0,100,4,1,3
1531,3.5,3.0,4.0,4.7,4.375,4.388888888888889,7.083333333333333,7.583333333333333,2.8333333333333335,4.7,4.833333333333333,2,4,1,6,2,4,6,16,14.0,5.0,40.0,66.66666666666666,75,3,0,1
1532,1.25,3.6666666666666665,1.7777777777777777,3.0,4.5,2.0555555555555554,5.25,5.666666666666667,1.25,4.4,2.1666666666666665,2,4,0,6,2,4,6,12,20.0,4.0,40.0,66.66666666666666,75,0,0,0
1533,2.375,3.2222222222222223,2.4444444444444446,3.7,4.0,3.611111111111111,6.0,7.916666666666667,2.9166666666666665,3.65,2.3333333333333335,2,1,1,3,2,5,7,14,10.0,-1.0,60.0,83.33333333333334,75,3,1,0
1534,3.25,4.444444444444445,4.333333333333333,4.5,2.0,4.055555555555555,5.75,7.583333333333333,3.25,3.55,3.3333333333333335,2,2,2,4,0,2,2,8,31.0,14.0,40.0,83.33333333333334,75,0,1,1
1535,3.25,4.111111111111111,4.777777777777778,3.3,3.75,1.8888888888888888,6.166666666666667,7.083333333333333,4.666666666666667,3.65,2.0,3,5,0,8,1,2,3,12,8.0,-5.0,40.0,100.0,75,1,0,0
1536,3.25,3.5555555555555554,4.222222222222222,4.7,2.125,2.9444444444444446,7.5,8.583333333333334,4.75,4.4,3.3333333333333335,3,6,1,9,2,4,6,18,12.0,0.0,0.0,100.0,75,2,1,0
1537,2.625,4.444444444444445,5.0,5.0,2.875,4.944444444444445,7.916666666666667,8.166666666666666,2.8333333333333335,4.45,5.0,3,5,4,8,3,5,8,21,1.0,5.0,0.0,100.0,75,1,1,3
1538,3.75,4.222222222222222,4.333333333333333,4.6,1.875,3.888888888888889,4.083333333333333,7.916666666666667,3.0833333333333335,4.65,3.6666666666666665,3,4,4,7,2,4,6,19,12.0,-3.0,60.0,100.0,100,2,1,3
1539,3.25,4.222222222222222,4.0,4.1,2.75,4.333333333333333,4.166666666666667,8.0,1.8333333333333333,4.55,4.333333333333333,1,2,2,3,3,3,6,15,15.0,9.0,40.0,83.33333333333334,50,4,1,1
1540,3.5,3.7777777777777777,3.3333333333333335,3.6,2.625,2.8333333333333335,6.75,6.0,3.8333333333333335,3.2,3.5,2,0,0,2,3,5,8,11,10.0,0.0,40.0,83.33333333333334,75,1,0,0
1541,3.25,2.888888888888889,2.6666666666666665,3.5,3.375,3.111111111111111,4.833333333333333,6.666666666666667,4.25,3.25,4.166666666666667,0,1,0,1,2,3,5,7,13.0,0.0,60.0,100.0,75,1,0,0
1542,2.875,3.888888888888889,4.777777777777778,3.1,3.125,2.5,4.416666666666667,5.75,4.5,3.25,1.3333333333333333,1,2,0,3,1,5,6,10,5.0,3.0,0.0,100.0,100,1,0,0
1543,4.375,5.0,4.222222222222222,3.2,1.875,3.4444444444444446,3.5833333333333335,6.583333333333333,3.75,4.05,1.0,3,3,1,6,2,4,6,14,16.0,-4.0,40.0,83.33333333333334,25,1,0,1
1544,2.875,4.888888888888889,3.888888888888889,3.9,3.375,3.1666666666666665,4.833333333333333,8.166666666666666,4.666666666666667,4.45,2.8333333333333335,1,3,3,4,3,5,8,16,12.0,-6.0,40.0,100.0,75,1,0,3
1545,3.25,4.111111111111111,4.777777777777778,3.2,1.0,3.5555555555555554,3.9166666666666665,6.75,2.5833333333333335,3.9,2.0,3,3,4,6,4,3,7,20,13.0,3.0,40.0,66.66666666666666,100,3,1,3
1546,3.5,3.3333333333333335,2.7777777777777777,4.3,3.625,3.888888888888889,4.0,7.333333333333333,2.5833333333333335,4.7,3.6666666666666665,3,6,4,9,3,5,8,25,11.0,0.0,100.0,100.0,75,4,1,3
1547,2.125,3.5555555555555554,3.0,4.2,3.375,1.9444444444444444,6.666666666666667,5.75,3.0833333333333335,3.4,1.0,3,5,1,8,2,3,5,15,15.0,5.0,40.0,83.33333333333334,75,1,0,1
1548,4.75,2.5555555555555554,3.5555555555555554,4.6,2.875,3.611111111111111,6.0,7.666666666666667,2.9166666666666665,4.15,3.5,2,6,2,8,2,2,4,17,14.0,3.0,40.0,83.33333333333334,75,3,1,1
1549,2.125,4.333333333333333,3.6666666666666665,3.8,3.25,3.8333333333333335,3.5,6.75,2.4166666666666665,3.85,3.8333333333333335,2,3,4,5,3,5,8,20,12.0,2.0,60.0,33.33333333333333,100,3,1,3
1550,3.5,3.7777777777777777,3.4444444444444446,4.8,4.0,4.111111111111111,6.166666666666667,7.416666666666667,3.0,4.6,4.666666666666667,3,6,3,9,3,6,9,23,4.0,7.0,60.0,83.33333333333334,75,2,1,2
1551,3.25,4.888888888888889,4.555555555555555,4.5,2.875,3.7222222222222223,5.833333333333333,8.833333333333334,3.5833333333333335,4.95,4.833333333333333,3,6,4,9,3,7,10,24,18.0,12.0,40.0,50.0,75,1,1,3
1552,2.0,3.3333333333333335,3.2222222222222223,3.0,3.5,2.388888888888889,5.333333333333333,6.0,3.0,3.45,1.6666666666666667,1,2,3,3,3,4,7,15,17.0,-3.0,20.0,83.33333333333334,100,2,1,2
1553,3.5,4.0,5.0,3.5,2.75,3.1666666666666665,2.5,8.0,4.166666666666667,4.45,3.3333333333333335,3,4,1,7,2,5,7,18,2.0,-15.0,40.0,83.33333333333334,25,3,0,1
1554,4.25,3.3333333333333335,4.444444444444445,4.7,2.5,4.611111111111111,7.583333333333333,6.583333333333333,3.5833333333333335,3.8,3.1666666666666665,1,4,2,5,3,3,6,14,18.0,0.0,40.0,50.0,75,1,0,2
1555,1.875,1.8888888888888888,1.7777777777777777,4.0,3.75,3.6666666666666665,4.916666666666667,4.583333333333333,3.4166666666666665,2.75,2.3333333333333335,3,6,1,9,3,3,6,17,8.0,-3.0,60.0,100.0,75,1,1,0
1556,3.125,4.333333333333333,4.777777777777778,4.4,3.0,4.055555555555555,5.666666666666667,7.75,2.75,4.4,4.833333333333333,3,4,1,7,3,3,6,17,21.0,3.0,40.0,66.66666666666666,100,3,1,0
1557,3.375,4.0,4.222222222222222,4.4,2.0,4.055555555555555,7.333333333333333,8.0,3.25,3.2,4.166666666666667,3,5,2,8,4,4,8,19,11.0,5.0,100.0,50.0,50,1,0,2
1558,3.625,3.6666666666666665,3.0,4.1,2.375,4.555555555555555,4.5,6.833333333333333,2.5,4.15,1.5,2,5,3,7,4,5,9,19,18.0,11.0,40.0,83.33333333333334,75,0,1,2
1559,1.875,3.7777777777777777,3.0,1.9,3.875,1.5,6.083333333333333,6.75,3.75,2.7,1.1666666666666667,1,1,2,2,2,3,5,10,20.0,5.0,40.0,50.0,75,1,1,1
1560,2.625,2.6666666666666665,4.444444444444445,3.7,3.625,3.0555555555555554,5.333333333333333,4.75,2.9166666666666665,3.3,1.3333333333333333,1,3,4,4,4,6,10,21,7.0,10.0,20.0,83.33333333333334,100,3,1,3
1561,1.375,2.7777777777777777,3.6666666666666665,3.8,3.75,4.444444444444445,4.0,6.583333333333333,4.416666666666667,4.85,4.333333333333333,2,6,3,8,2,4,6,20,15.0,15.0,20.0,100.0,100,3,0,3
1562,2.0,3.6666666666666665,3.2222222222222223,2.5,2.375,3.0555555555555554,4.583333333333333,6.75,3.5833333333333335,3.75,3.8333333333333335,3,4,0,7,2,6,8,16,4.0,-10.0,40.0,100.0,50,1,0,0
1563,2.75,4.0,3.2222222222222223,2.4,3.125,1.5555555555555556,5.833333333333333,7.0,3.8333333333333335,4.65,1.8333333333333333,2,0,1,2,3,7,10,16,-1.0,0.0,40.0,100.0,75,3,0,1
1564,2.5,4.222222222222222,4.555555555555555,2.5,2.375,3.4444444444444446,4.166666666666667,6.583333333333333,3.5,4.65,4.833333333333333,1,1,1,2,2,3,5,10,0.0,-11.0,40.0,66.66666666666666,50,2,1,0
1565,4.625,3.4444444444444446,3.2222222222222223,4.0,3.375,3.0,4.083333333333333,7.166666666666667,2.8333333333333335,4.65,5.0,3,6,1,9,3,7,10,23,11.0,4.0,40.0,83.33333333333334,75,3,1,0
1566,2.875,3.4444444444444446,3.5555555555555554,4.2,2.125,3.5555555555555554,5.5,5.166666666666667,3.0,3.5,3.6666666666666665,0,3,3,3,4,6,10,19,16.0,5.0,40.0,100.0,50,3,1,2
1567,2.125,4.555555555555555,3.111111111111111,4.1,2.875,4.111111111111111,4.25,7.583333333333333,3.9166666666666665,4.6,5.0,2,5,2,7,2,6,8,21,9.0,4.0,40.0,66.66666666666666,100,4,0,2
1568,3.0,4.111111111111111,4.333333333333333,3.9,3.0,3.5,5.583333333333333,5.583333333333333,2.9166666666666665,3.5,2.8333333333333335,1,1,2,2,3,2,5,9,9.0,-4.0,40.0,66.66666666666666,75,0,1,1
1569,2.125,4.0,3.0,3.1,4.25,1.6666666666666667,4.166666666666667,7.75,2.75,3.8,2.5,3,4,1,7,2,4,6,15,17.0,7.0,40.0,33.33333333333333,25,1,0,1
1570,1.625,2.6666666666666665,3.3333333333333335,3.6,4.375,1.7777777777777777,5.0,4.333333333333333,3.0,4.45,3.1666666666666665,2,5,3,7,3,2,5,18,5.0,-3.0,60.0,66.66666666666666,50,3,1,2
1571,2.5,4.222222222222222,4.666666666666667,4.1,1.0,4.055555555555555,5.416666666666667,5.583333333333333,3.5,3.0,2.5,3,5,4,8,4,7,11,26,11.0,12.0,40.0,66.66666666666666,100,3,1,3
1572,3.125,3.3333333333333335,4.222222222222222,3.9,3.5,2.4444444444444446,4.583333333333333,6.083333333333333,2.3333333333333335,3.9,4.166666666666667,2,5,3,7,3,6,9,22,16.0,8.0,40.0,66.66666666666666,50,3,0,3
1573,3.0,2.888888888888889,3.6666666666666665,3.6,3.75,3.7777777777777777,5.916666666666667,8.583333333333334,4.75,4.8,4.5,2,2,1,4,2,3,5,12,8.0,0.0,100.0,33.33333333333333,75,2,0,1
1574,2.5,4.0,4.111111111111111,3.9,4.25,3.7222222222222223,5.0,6.166666666666667,3.6666666666666665,4.1,3.3333333333333335,1,3,2,4,3,7,10,20,11.0,8.0,60.0,66.66666666666666,100,4,1,1
1575,1.125,3.6666666666666665,2.5555555555555554,1.8,2.25,1.6666666666666667,2.25,5.583333333333333,2.8333333333333335,3.35,1.1666666666666667,2,1,1,3,2,5,7,11,14.0,-7.0,40.0,100.0,100,0,1,0
1576,1.5,3.7777777777777777,4.777777777777778,3.4,4.25,4.5,2.6666666666666665,6.25,3.5833333333333335,4.3,1.8333333333333333,3,6,3,9,4,5,9,21,14.0,0.0,80.0,100.0,75,0,1,2
1577,2.75,3.7777777777777777,4.111111111111111,3.5,3.0,3.3333333333333335,4.833333333333333,6.5,3.4166666666666665,3.8,4.166666666666667,2,3,1,5,3,6,9,16,14.0,0.0,40.0,83.33333333333334,50,1,1,0
1578,3.875,3.888888888888889,5.0,4.4,1.25,4.611111111111111,4.583333333333333,7.333333333333333,4.666666666666667,4.35,5.0,3,5,3,8,3,6,9,23,8.0,4.0,40.0,66.66666666666666,25,3,0,3
1579,3.75,4.888888888888889,3.7777777777777777,3.5,3.375,1.8333333333333333,3.3333333333333335,8.25,2.75,3.8,3.6666666666666665,3,5,2,8,2,7,9,21,11.0,-3.0,40.0,66.66666666666666,50,2,0,2
1580,4.625,3.7777777777777777,3.6666666666666665,4.4,2.75,4.388888888888889,7.083333333333333,7.5,4.25,3.7,5.0,2,6,1,8,3,3,6,16,13.0,9.0,100.0,100.0,75,1,0,1
1581,2.5,4.777777777777778,4.777777777777778,4.3,1.875,4.5,4.083333333333333,7.333333333333333,2.5833333333333335,4.6,3.0,3,3,3,6,2,2,4,15,10.0,10.0,40.0,66.66666666666666,100,2,1,2
1582,3.625,3.4444444444444446,2.5555555555555554,3.1,2.875,3.0,5.916666666666667,5.833333333333333,4.166666666666667,3.0,3.3333333333333335,1,5,0,6,2,4,6,13,11.0,12.0,20.0,66.66666666666666,75,1,0,0
1583,3.5,3.888888888888889,3.7777777777777777,3.8,1.625,2.8333333333333335,4.333333333333333,5.166666666666667,4.333333333333333,3.55,2.0,3,6,2,9,3,5,8,23,7.0,0.0,40.0,66.66666666666666,100,4,1,1
1584,1.25,3.2222222222222223,4.0,3.9,4.0,3.5555555555555554,4.583333333333333,7.916666666666667,3.0833333333333335,4.9,4.666666666666667,3,6,0,9,2,3,5,15,20.0,2.0,0.0,83.33333333333334,50,1,0,0
1585,2.75,3.888888888888889,3.4444444444444446,3.9,1.875,3.4444444444444446,5.25,8.0,2.5,3.55,2.8333333333333335,2,6,2,8,3,3,6,17,18.0,30.0,40.0,83.33333333333334,100,1,0,2
1586,3.625,3.7777777777777777,3.0,4.0,3.125,3.9444444444444446,4.916666666666667,5.166666666666667,4.166666666666667,4.3,4.333333333333333,3,5,1,8,2,6,8,18,17.0,10.0,40.0,83.33333333333334,100,1,1,0
1587,2.875,3.6666666666666665,4.333333333333333,4.7,2.625,4.111111111111111,6.416666666666667,8.25,4.0,4.35,4.0,2,5,1,7,2,3,5,14,6.0,0.0,40.0,100.0,100,1,0,1
1588,3.0,3.111111111111111,3.6666666666666665,3.5,3.375,3.1666666666666665,6.090909090909091,7.333333333333333,4.166666666666667,4.05,3.5,2,4,1,6,4,6,10,18,17.0,11.0,40.0,100.0,75,1,1,0
1589,1.25,4.0,3.2222222222222223,3.3,2.875,2.611111111111111,3.125,6.4,2.8333333333333335,3.6,2.8333333333333335,3,5,3,8,2,6,8,23,7.0,2.0,40.0,83.33333333333334,100,4,1,2
1590,2.875,4.555555555555555,4.111111111111111,4.0,2.375,3.2777777777777777,5.75,7.666666666666667,4.333333333333333,4.2,3.1666666666666665,2,3,1,5,2,3,5,13,17.0,5.0,40.0,83.33333333333334,75,2,1,0
1591,2.25,3.888888888888889,3.7777777777777777,4.1,4.0,3.0,5.833333333333333,8.083333333333334,2.8333333333333335,4.25,4.833333333333333,0,2,2,2,2,3,5,11,16.0,2.0,20.0,66.66666666666666,50,2,0,2
1592,2.875,4.444444444444445,4.333333333333333,4.1,1.75,2.7777777777777777,5.5,7.833333333333333,3.1666666666666665,3.65,3.0,1,0,2,1,2,2,4,7,13.0,0.0,40.0,83.33333333333334,75,0,1,1
1593,2.75,2.5555555555555554,2.0,3.0,4.5,1.8888888888888888,6.166666666666667,7.416666666666667,3.5,4.75,1.8333333333333333,0,1,0,1,1,3,4,8,9.0,-5.0,40.0,66.66666666666666,100,3,0,0
1594,3.625,4.555555555555555,4.888888888888889,4.4,2.625,3.888888888888889,5.666666666666667,7.5,3.5,4.5,5.0,3,5,1,8,2,3,5,15,19.0,9.0,60.0,66.66666666666666,75,1,1,0
1595,1.875,2.6666666666666665,3.2222222222222223,3.7,3.75,2.7777777777777777,5.166666666666667,6.5,3.5,3.75,2.3333333333333335,1,2,0,3,3,4,7,14,6.0,-5.0,0.0,100.0,75,4,0,0
1596,1.25,3.4444444444444446,4.0,2.8,5.0,2.611111111111111,6.25,6.083333333333333,5.0,4.6,2.8333333333333335,2,3,4,5,3,3,6,18,3.0,0.0,40.0,100.0,75,3,1,3
1597,3.25,3.4444444444444446,3.7777777777777777,2.9,3.875,2.5555555555555554,4.916666666666667,6.333333333333333,3.5833333333333335,3.5,3.1666666666666665,2,3,2,5,1,2,3,10,14.0,14.0,80.0,100.0,50,0,0,2
1598,1.125,2.5555555555555554,2.2222222222222223,3.3,4.25,3.5,7.083333333333333,3.6666666666666665,3.5833333333333335,2.85,2.3333333333333335,2,3,3,5,2,6,8,19,15.0,-4.0,40.0,83.33333333333334,75,3,0,3
1599,2.25,2.7777777777777777,2.888888888888889,3.6,3.625,3.8333333333333335,3.0,6.25,3.8333333333333335,3.7,3.8333333333333335,2,5,3,7,3,7,10,23,2.0,-5.0,60.0,83.33333333333334,100,3,1,2
1600,2.375,4.222222222222222,4.111111111111111,4.4,3.375,3.888888888888889,6.166666666666667,4.166666666666667,3.75,4.0,3.1666666666666665,3,2,3,5,4,3,7,18,12.0,0.0,40.0,83.33333333333334,75,3,1,2
1601,3.875,3.3333333333333335,4.666666666666667,2.8,3.25,3.7222222222222223,8.25,8.166666666666666,3.6666666666666665,3.05,2.0,2,6,1,8,1,5,6,16,8.0,-8.0,40.0,83.33333333333334,75,1,1,0
1602,1.25,3.0,3.7777777777777777,2.8,3.875,3.6666666666666665,3.9166666666666665,6.5,3.8333333333333335,4.2,4.166666666666667,1,1,2,2,4,7,11,18,15.0,-2.0,40.0,83.33333333333334,100,3,1,1
1603,3.375,4.777777777777778,4.666666666666667,3.7,1.625,3.111111111111111,4.833333333333333,7.0,3.3333333333333335,4.55,3.3333333333333335,3,4,0,7,2,3,5,13,23.0,0.0,60.0,100.0,50,1,0,0
1604,1.625,4.777777777777778,4.555555555555555,4.1,2.5,4.166666666666667,2.5833333333333335,7.416666666666667,3.5,4.5,4.5,3,6,4,9,2,3,5,20,10.0,0.0,40.0,100.0,75,2,1,3
1605,3.0,2.888888888888889,3.888888888888889,4.3,4.625,2.7222222222222223,5.5,6.25,2.1666666666666665,4.8,3.1666666666666665,3,6,1,9,2,3,5,17,18.0,7.0,60.0,66.66666666666666,50,2,1,0
1606,2.75,3.6666666666666665,3.5555555555555554,3.9,3.125,2.9444444444444446,7.416666666666667,7.416666666666667,4.666666666666667,3.3,3.6666666666666665,1,1,1,2,1,3,4,7,18.0,-5.0,0.0,100.0,0,0,0,1
1607,2.625,3.111111111111111,3.6666666666666665,3.2,3.625,3.388888888888889,5.833333333333333,6.416666666666667,1.75,3.55,1.0,3,4,0,7,2,1,3,10,2.0,-12.0,40.0,83.33333333333334,100,0,0,0
1608,3.875,2.7777777777777777,3.111111111111111,4.4,3.5,3.7777777777777777,5.0,6.166666666666667,2.6666666666666665,3.8,4.166666666666667,2,4,3,6,3,7,10,22,12.0,9.0,40.0,100.0,100,3,1,2
1609,2.125,4.888888888888889,5.0,3.3,1.0,4.333333333333333,5.0,7.583333333333333,4.5,3.75,1.3333333333333333,3,2,2,5,2,3,5,13,-1.0,-14.0,40.0,83.33333333333334,75,1,1,1
1610,1.625,4.111111111111111,2.888888888888889,4.3,4.125,3.0555555555555554,6.75,7.25,3.9166666666666665,4.2,2.6666666666666665,1,3,0,4,2,2,4,10,20.0,5.0,40.0,83.33333333333334,100,2,0,0
1611,5.0,4.444444444444445,4.888888888888889,3.6,1.5,2.388888888888889,6.166666666666667,8.5,4.666666666666667,4.5,4.5,3,6,0,9,2,2,4,16,12.0,8.0,60.0,83.33333333333334,75,3,0,0
1612,2.75,3.4444444444444446,3.5555555555555554,3.6,2.0,3.2777777777777777,7.0,5.833333333333333,2.75,3.05,2.0,3,3,1,6,4,7,11,18,15.0,8.0,40.0,66.66666666666666,100,0,0,1
1613,3.125,3.4444444444444446,4.333333333333333,3.5,2.0,3.388888888888889,6.75,6.333333333333333,3.0,3.8,4.166666666666667,0,2,2,2,4,4,8,13,17.0,-2.0,40.0,66.66666666666666,75,1,0,2
1614,2.5,4.0,4.777777777777778,3.9,1.875,4.333333333333333,3.9166666666666665,6.5,3.0,4.45,3.8333333333333335,2,1,3,3,4,6,10,17,13.0,3.0,60.0,83.33333333333334,100,1,0,3
1615,2.75,4.444444444444445,5.0,4.2,2.0,2.888888888888889,4.083333333333333,6.666666666666667,4.333333333333333,3.95,4.833333333333333,3,6,2,9,3,3,6,19,6.0,4.0,40.0,100.0,75,2,0,2
1616,4.25,4.444444444444445,4.888888888888889,3.9,1.375,1.3333333333333333,4.333333333333333,6.833333333333333,2.1666666666666665,4.25,3.5,1,3,0,4,2,3,5,9,11.0,-6.0,0.0,83.33333333333334,50,0,0,0
1617,1.875,4.0,4.555555555555555,3.9,4.25,3.888888888888889,6.166666666666667,7.166666666666667,2.25,4.15,3.0,3,5,1,8,2,3,5,15,15.0,5.0,40.0,100.0,100,1,1,0
1618,4.25,5.0,4.444444444444445,3.7,1.875,3.9444444444444446,3.6666666666666665,7.833333333333333,4.0,4.7,4.666666666666667,3,4,3,7,4,4,8,19,11.0,5.0,60.0,83.33333333333334,100,1,1,2
1619,1.875,4.222222222222222,2.2222222222222223,3.9,3.375,3.8333333333333335,6.083333333333333,7.166666666666667,2.5,4.5,3.5,0,1,1,1,4,3,7,10,20.0,5.0,40.0,100.0,100,1,0,1
1620,4.0,4.333333333333333,4.888888888888889,4.7,1.875,4.222222222222222,5.583333333333333,7.833333333333333,3.75,3.75,3.3333333333333335,3,5,1,8,3,3,6,18,17.0,14.0,100.0,66.66666666666666,100,3,1,0
1621,2.125,4.0,2.4444444444444446,3.3,3.25,2.2222222222222223,2.6363636363636362,7.083333333333333,2.5,3.95,3.5,1,5,0,6,3,3,6,14,10.0,-12.0,40.0,83.33333333333334,75,2,0,0
1622,3.625,4.333333333333333,4.0,3.8,1.75,2.7222222222222223,4.666666666666667,6.333333333333333,2.9166666666666665,4.15,3.8333333333333335,3,4,1,7,0,3,3,13,15.0,-2.0,40.0,83.33333333333334,75,2,1,0
1623,2.0,3.5555555555555554,3.888888888888889,3.1,2.375,4.166666666666667,3.5,6.75,3.0833333333333335,2.35,4.666666666666667,3,6,2,9,3,7,10,24,11.0,17.0,60.0,83.33333333333334,75,3,1,1
1624,2.5,4.555555555555555,4.222222222222222,3.4,3.375,3.7222222222222223,4.083333333333333,8.583333333333334,3.1666666666666665,3.8,3.3333333333333335,3,4,3,7,3,3,6,19,16.0,-5.0,60.0,66.66666666666666,75,3,1,2
1625,2.625,4.777777777777778,3.2222222222222223,3.7,2.125,3.1666666666666665,2.9166666666666665,8.166666666666666,3.8333333333333335,4.45,3.5,3,5,3,8,4,7,11,24,13.0,4.0,40.0,100.0,100,2,0,3
1626,2.375,5.0,4.222222222222222,3.2,1.0,2.8333333333333335,4.666666666666667,9.0,3.1666666666666665,4.35,1.3333333333333333,2,3,0,5,2,4,6,11,19.0,0.0,100.0,100.0,50,0,0,0
1627,3.625,4.333333333333333,3.4444444444444446,4.6,4.0,3.2222222222222223,4.583333333333333,6.166666666666667,2.1666666666666665,3.8,3.8333333333333335,2,5,1,7,4,6,10,21,12.0,6.0,40.0,100.0,100,3,1,0
1628,3.25,4.0,4.666666666666667,3.4,1.875,3.5,3.9166666666666665,7.166666666666667,4.0,3.6,2.8333333333333335,2,4,0,6,2,3,5,13,19.0,2.0,60.0,66.66666666666666,75,2,0,0
1629,3.5,4.555555555555555,5.0,4.7,2.125,4.5,6.416666666666667,6.916666666666667,3.1666666666666665,3.9,4.666666666666667,3,5,2,8,0,5,5,16,4.0,2.0,40.0,16.666666666666664,75,1,1,1
1630,2.75,4.0,4.0,4.0,2.625,3.5555555555555554,2.9166666666666665,5.75,3.4166666666666665,3.6,2.5,3,4,3,7,1,3,4,16,14.0,-5.0,60.0,16.666666666666664,25,2,0,3
1631,2.25,3.4444444444444446,2.6666666666666665,3.5,2.875,3.5555555555555554,4.25,6.5,2.4166666666666665,3.25,2.1666666666666665,3,5,3,8,4,6,10,24,10.0,6.0,60.0,83.33333333333334,50,3,1,2
1632,3.25,3.5555555555555554,3.6666666666666665,4.3,3.125,3.8333333333333335,5.166666666666667,5.916666666666667,3.9166666666666665,3.8,5.0,3,5,1,8,3,7,10,23,6.0,0.0,40.0,66.66666666666666,75,4,1,0
1633,4.75,4.777777777777778,4.555555555555555,4.6,1.0,4.666666666666667,6.166666666666667,8.75,3.1666666666666665,4.85,5.0,3,4,3,7,2,2,4,18,17.0,5.0,100.0,100.0,75,4,1,2
1634,2.5,4.666666666666667,4.888888888888889,3.7,2.625,3.6666666666666665,4.083333333333333,7.25,3.9166666666666665,4.8,2.5,3,5,1,8,2,5,7,19,12.0,-4.0,40.0,83.33333333333334,100,3,1,0
1635,3.125,3.2222222222222223,3.2222222222222223,3.6,3.375,3.0555555555555554,8.333333333333334,8.166666666666666,4.25,3.35,4.333333333333333,1,0,0,1,1,4,5,7,13.0,6.0,0.0,66.66666666666666,75,1,0,0
1636,4.375,4.888888888888889,4.555555555555555,3.5,1.75,3.5,4.5,8.583333333333334,4.083333333333333,4.05,3.1666666666666665,1,3,1,4,3,5,8,16,14.0,-10.0,80.0,83.33333333333334,75,3,0,1
1637,1.875,4.333333333333333,4.666666666666667,3.7,3.125,2.7222222222222223,3.6666666666666665,6.666666666666667,3.8333333333333335,4.25,3.5,2,1,4,3,3,3,6,16,14.0,3.0,40.0,66.66666666666666,100,3,1,3
1638,1.75,3.5555555555555554,2.2222222222222223,2.7,3.75,3.2777777777777777,2.9166666666666665,7.166666666666667,2.5833333333333335,4.2,2.5,1,3,4,4,3,6,9,18,-18.0,-21.0,60.0,100.0,100,1,1,3
1639,2.5,3.6666666666666665,4.444444444444445,3.7,2.375,4.0,3.6666666666666665,7.5,3.5,2.3,2.8333333333333335,2,3,4,5,3,6,9,21,9.0,10.0,40.0,66.66666666666666,75,3,1,3
1640,4.625,5.0,5.0,3.8,1.5,4.555555555555555,6.666666666666667,8.833333333333334,3.0,4.15,4.5,2,5,0,7,3,7,10,18,7.0,0.0,40.0,66.66666666666666,50,1,0,0
1641,2.375,3.7777777777777777,4.555555555555555,4.0,3.25,2.6666666666666665,5.333333333333333,7.583333333333333,3.1666666666666665,3.65,4.0,3,4,0,7,2,2,4,14,6.0,-10.0,40.0,50.0,75,3,0,0
1642,2.625,3.6666666666666665,4.0,3.7,2.75,3.2222222222222223,3.8333333333333335,6.75,3.5833333333333335,4.45,4.0,3,6,3,9,3,7,10,22,15.0,7.0,100.0,100.0,75,0,1,2
1643,2.375,3.7777777777777777,3.2222222222222223,2.4,3.5,3.1666666666666665,3.5833333333333335,6.083333333333333,2.1666666666666665,4.8,1.8333333333333333,1,2,3,3,2,3,5,13,10.0,-8.0,40.0,83.33333333333334,100,2,0,3
1644,2.0,4.111111111111111,2.6666666666666665,4.0,4.5,4.166666666666667,3.9166666666666665,6.916666666666667,3.5833333333333335,4.9,3.0,0,3,4,3,4,6,10,20,17.0,8.0,40.0,66.66666666666666,75,3,1,3
1645,3.875,4.222222222222222,3.2222222222222223,2.6,1.25,3.0555555555555554,4.0,6.25,4.083333333333333,3.8,3.5,3,5,4,8,2,7,9,24,11.0,5.0,40.0,66.66666666666666,100,3,1,3
1646,1.5,3.4444444444444446,4.111111111111111,5.0,2.375,4.944444444444445,5.666666666666667,7.083333333333333,3.9166666666666665,2.6,3.3333333333333335,3,6,4,9,3,6,9,23,7.0,20.0,60.0,100.0,75,1,1,3
1647,2.25,4.222222222222222,3.4444444444444446,3.9,2.5,3.388888888888889,4.25,7.75,2.4166666666666665,3.6,2.6666666666666665,1,4,4,5,3,4,7,16,19.0,5.0,100.0,100.0,100,0,1,3
1648,3.125,4.111111111111111,4.666666666666667,3.1,1.625,2.611111111111111,6.666666666666667,8.5,4.166666666666667,3.05,3.3333333333333335,0,1,0,1,2,4,6,10,25.0,5.0,40.0,33.33333333333333,50,3,0,0
1649,3.5,3.888888888888889,4.0,3.2,2.5,3.4444444444444446,5.5,6.916666666666667,3.6666666666666665,4.55,3.5,3,6,3,9,1,7,8,21,-2.0,-8.0,60.0,100.0,75,1,1,2
1650,2.0,4.888888888888889,4.222222222222222,2.0,3.375,2.1666666666666665,3.0,6.333333333333333,2.3333333333333335,4.6,4.166666666666667,3,2,4,5,3,4,7,19,6.0,1.0,60.0,83.33333333333334,100,3,1,3
1651,2.0,3.5555555555555554,3.2222222222222223,3.4,3.75,3.0,4.916666666666667,7.666666666666667,3.3333333333333335,4.65,3.3333333333333335,1,3,1,4,2,4,6,13,12.0,0.0,60.0,100.0,50,2,1,0
1652,4.375,5.0,4.333333333333333,4.6,1.375,1.4444444444444444,5.333333333333333,8.25,4.583333333333333,3.7,3.1666666666666665,2,2,1,4,2,1,3,8,12.0,-15.0,0.0,100.0,50,0,0,1
1653,2.25,3.4444444444444446,3.2222222222222223,3.8,2.75,2.7777777777777777,5.0,6.083333333333333,3.75,3.35,1.3333333333333333,1,2,2,3,2,7,9,17,15.0,4.0,0.0,100.0,75,3,0,2
1654,2.625,4.444444444444445,4.666666666666667,4.5,2.125,4.722222222222222,5.25,7.75,4.0,4.55,4.166666666666667,0,3,2,3,2,3,5,12,23.0,-2.0,60.0,100.0,50,2,0,2
1655,3.875,5.0,4.666666666666667,3.7,1.25,2.6666666666666665,4.833333333333333,7.416666666666667,4.0,3.75,4.0,0,4,0,4,2,3,5,9,-4.0,-10.0,40.0,83.33333333333334,75,0,0,0
1656,2.875,4.333333333333333,4.0,2.9,2.625,3.1666666666666665,5.0,7.75,3.1666666666666665,3.85,4.5,1,0,0,1,1,3,4,5,13.0,-6.0,60.0,83.33333333333334,50,0,0,0
1657,2.875,3.3333333333333335,4.333333333333333,4.2,2.375,4.166666666666667,4.416666666666667,6.5,4.083333333333333,3.8,4.333333333333333,2,5,3,7,4,4,8,21,11.0,8.0,60.0,100.0,50,3,1,2
1658,2.25,3.2222222222222223,2.4444444444444446,3.4,3.0,2.611111111111111,2.5833333333333335,3.6666666666666665,3.0,2.95,3.5,2,5,4,7,3,5,8,20,15.0,2.0,40.0,66.66666666666666,25,1,1,3
1659,1.5,3.111111111111111,3.2222222222222223,3.8,4.125,3.9444444444444446,4.666666666666667,5.75,3.5833333333333335,4.1,3.6666666666666665,3,4,0,7,3,6,9,20,5.0,4.0,40.0,83.33333333333334,50,4,0,0
1660,3.0,4.111111111111111,2.7777777777777777,4.6,3.5,3.888888888888889,7.833333333333333,7.583333333333333,4.5,4.8,5.0,1,2,1,3,2,4,6,11,12.0,-19.0,0.0,50.0,75,1,1,0
1661,2.0,4.0,1.8888888888888888,4.1,3.875,2.2777777777777777,3.1666666666666665,7.5,4.083333333333333,3.95,4.0,2,1,1,3,2,6,8,12,10.0,0.0,40.0,100.0,75,0,1,0
1662,2.25,3.888888888888889,3.4444444444444446,4.1,3.375,2.2222222222222223,4.666666666666667,5.916666666666667,3.8333333333333335,3.6,3.3333333333333335,2,4,3,6,2,5,7,17,18.0,2.0,40.0,100.0,100,1,1,2
1663,1.625,4.444444444444445,3.4444444444444446,3.9,3.875,3.5,4.083333333333333,7.5,2.3333333333333335,4.7,4.333333333333333,3,4,2,7,3,6,9,21,14.0,5.0,40.0,83.33333333333334,75,3,1,1
1664,4.5,4.777777777777778,3.7777777777777777,4.6,4.0,3.7222222222222223,5.166666666666667,9.0,3.4166666666666665,4.8,5.0,3,1,0,4,1,5,6,10,20.0,5.0,60.0,16.666666666666664,25,0,0,0
1665,3.75,3.5555555555555554,4.666666666666667,4.8,1.5,4.611111111111111,5.166666666666667,5.5,4.416666666666667,4.15,5.0,3,6,4,9,2,4,6,22,11.0,3.0,60.0,83.33333333333334,75,3,1,3
1666,3.125,3.5555555555555554,3.3333333333333335,3.3,3.5,3.0,5.25,6.75,3.3333333333333335,3.35,4.0,2,2,0,4,3,2,5,12,-2.0,-5.0,60.0,100.0,75,3,0,0
1667,1.125,4.555555555555555,4.111111111111111,3.7,3.5,2.7777777777777777,3.4166666666666665,6.666666666666667,4.083333333333333,4.4,4.0,2,3,1,5,4,3,7,17,13.0,6.0,60.0,66.66666666666666,100,4,1,0
1668,2.25,3.6666666666666665,3.3333333333333335,3.2,1.75,3.2222222222222223,4.166666666666667,6.583333333333333,2.0,3.85,3.3333333333333335,3,6,3,9,2,6,8,21,0.0,0.0,60.0,100.0,100,1,1,2
1669,3.0,3.888888888888889,2.5555555555555554,3.3,3.125,3.2777777777777777,3.25,6.666666666666667,3.0,3.95,3.5,3,5,3,8,4,7,11,22,18.0,4.0,60.0,83.33333333333334,75,0,1,2
1670,2.25,4.333333333333333,3.4444444444444446,3.5,3.5,2.388888888888889,6.5,7.916666666666667,3.5,4.5,2.3333333333333335,1,2,1,3,2,3,5,9,21.0,-2.0,0.0,100.0,75,0,1,0
1671,2.875,3.111111111111111,3.4444444444444446,4.0,4.25,3.6666666666666665,3.9166666666666665,6.75,2.75,4.0,4.166666666666667,3,5,0,8,3,3,6,15,15.0,-6.0,40.0,33.33333333333333,75,1,0,0
1672,3.625,3.5555555555555554,3.5555555555555554,4.2,1.875,3.2777777777777777,3.875,7.6,3.6666666666666665,3.85,3.8333333333333335,3,6,4,9,3,6,9,26,14.0,5.0,40.0,100.0,75,4,1,3
1673,3.75,4.333333333333333,2.7777777777777777,4.6,2.25,4.444444444444445,4.0,7.083333333333333,2.4166666666666665,3.55,4.0,3,6,1,9,3,6,9,20,18.0,4.0,60.0,83.33333333333334,100,1,0,1
1674,2.75,3.0,3.3333333333333335,4.9,4.75,3.9444444444444446,3.75,5.333333333333333,1.5833333333333333,3.5,3.3333333333333335,3,5,3,8,3,6,9,23,11.0,16.0,40.0,66.66666666666666,25,3,1,2
1675,1.375,2.2222222222222223,2.2222222222222223,2.7,4.25,2.111111111111111,4.916666666666667,7.75,3.5833333333333335,3.85,3.0,2,2,0,4,2,6,8,14,-13.0,-29.0,60.0,83.33333333333334,75,2,0,0
1676,4.0,3.4444444444444446,3.888888888888889,3.8,2.75,3.3333333333333335,6.333333333333333,4.75,3.0833333333333335,3.65,1.6666666666666667,3,5,1,8,2,5,7,20,12.0,12.0,40.0,100.0,75,4,0,1
1677,4.5,4.0,5.0,4.7,1.375,4.722222222222222,6.75,9.0,3.8333333333333335,4.0,4.833333333333333,2,4,3,6,3,7,10,20,10.0,5.0,40.0,83.33333333333334,100,1,0,3
1678,1.25,2.6666666666666665,2.5555555555555554,4.0,4.25,1.8888888888888888,6.416666666666667,4.0,4.083333333333333,3.15,3.6666666666666665,1,3,2,4,2,3,5,12,18.0,0.0,40.0,66.66666666666666,75,1,1,1
1679,3.75,3.111111111111111,3.5555555555555554,3.7,3.375,2.7777777777777777,6.583333333333333,5.25,2.8333333333333335,3.4,2.3333333333333335,3,6,2,9,2,3,5,17,13.0,0.0,40.0,66.66666666666666,75,1,0,2
1680,3.75,4.555555555555555,5.0,3.2,1.375,3.9444444444444446,4.5,6.916666666666667,3.75,4.0,4.333333333333333,2,5,3,7,2,5,7,20,5.0,-8.0,60.0,66.66666666666666,75,3,1,2
1681,2.875,4.333333333333333,3.3333333333333335,3.2,2.625,2.388888888888889,6.833333333333333,7.5,2.25,3.85,4.0,0,2,0,2,3,5,8,10,0.0,-5.0,40.0,83.33333333333334,50,0,0,0
1682,4.125,4.0,2.6666666666666665,4.8,1.875,4.611111111111111,5.083333333333333,7.0,4.833333333333333,3.55,3.6666666666666665,3,6,4,9,3,6,9,25,16.0,3.0,40.0,100.0,50,3,1,3
1683,2.75,4.111111111111111,3.6666666666666665,2.6,1.5,2.7777777777777777,5.416666666666667,7.25,1.6666666666666667,2.4,3.6666666666666665,3,2,1,5,1,4,5,12,10.0,-8.0,100.0,100.0,75,1,1,0
1684,3.0,4.444444444444445,4.555555555555555,3.9,1.75,3.6666666666666665,4.166666666666667,6.75,3.75,4.4,3.3333333333333335,3,6,4,9,4,7,11,27,13.0,2.0,40.0,66.66666666666666,75,3,1,3
1685,2.125,3.6666666666666665,3.3333333333333335,3.6,4.25,3.3333333333333335,3.75,6.666666666666667,2.5,3.95,2.3333333333333335,3,4,0,7,2,3,5,14,8.0,-8.0,40.0,100.0,50,2,0,0
1686,3.0,3.3333333333333335,4.444444444444445,3.8,2.5,3.111111111111111,8.166666666666666,8.75,4.416666666666667,3.35,4.666666666666667,1,1,1,2,1,4,5,9,17.0,-9.0,0.0,100.0,50,1,1,0
1687,3.75,5.0,4.888888888888889,4.8,1.25,4.222222222222222,6.0,8.75,3.8333333333333335,3.55,4.0,3,5,0,8,2,3,5,13,17.0,5.0,40.0,66.66666666666666,75,0,0,0
1688,1.25,4.555555555555555,4.777777777777778,1.6,2.75,1.0,4.916666666666667,6.333333333333333,3.0,3.75,1.0,3,4,1,7,2,4,6,15,10.0,-10.0,40.0,100.0,100,1,1,0
1689,4.125,4.222222222222222,3.888888888888889,3.7,3.375,3.6666666666666665,4.75,5.666666666666667,3.0,4.35,3.0,3,4,0,7,2,3,5,14,19.0,-5.0,40.0,83.33333333333334,75,2,0,0
1690,2.25,4.222222222222222,4.555555555555555,4.4,1.0,3.9444444444444446,4.916666666666667,6.916666666666667,4.416666666666667,3.65,4.166666666666667,0,3,4,3,4,5,9,17,4.0,0.0,60.0,83.33333333333334,100,1,1,3
1691,2.25,3.4444444444444446,2.888888888888889,3.6,3.875,2.6666666666666665,4.583333333333333,8.75,3.9166666666666665,3.95,2.3333333333333335,2,1,1,3,2,4,6,11,15.0,-4.0,40.0,83.33333333333334,75,1,0,1
1692,1.875,3.4444444444444446,4.222222222222222,4.1,3.75,3.5555555555555554,4.666666666666667,6.583333333333333,4.25,4.15,4.833333333333333,0,1,1,1,2,4,6,11,14.0,5.0,40.0,100.0,100,3,0,1
1693,3.25,5.0,4.444444444444445,4.4,1.625,4.222222222222222,4.25,8.583333333333334,4.416666666666667,4.45,5.0,3,6,3,9,3,7,10,25,13.0,3.0,60.0,83.33333333333334,100,3,1,2
1694,1.125,3.7777777777777777,3.2222222222222223,2.4,4.375,1.5555555555555556,4.833333333333333,5.666666666666667,2.8333333333333335,3.6,3.0,0,1,0,1,2,3,5,9,-4.0,-19.0,40.0,33.33333333333333,50,3,0,0
1695,1.625,4.888888888888889,4.555555555555555,3.6,2.625,4.166666666666667,4.25,7.833333333333333,3.9166666666666665,4.05,3.6666666666666665,3,5,2,8,3,5,8,19,13.0,7.0,40.0,83.33333333333334,25,1,0,2
1696,3.5,4.888888888888889,3.7777777777777777,3.4,4.375,2.7777777777777777,5.0,8.333333333333334,4.083333333333333,4.55,3.1666666666666665,3,4,0,7,1,5,6,13,22.0,-5.0,40.0,66.66666666666666,75,0,0,0
1697,3.875,3.888888888888889,4.0,3.8,2.0,3.3333333333333335,5.333333333333333,5.666666666666667,3.75,3.4,4.0,2,2,1,4,1,4,5,10,5.0,-15.0,60.0,66.66666666666666,100,0,1,0
1698,2.5,4.666666666666667,3.4444444444444446,4.0,3.75,3.888888888888889,3.9166666666666665,7.916666666666667,2.9166666666666665,4.6,3.0,0,2,0,2,2,5,7,11,7.0,-2.0,60.0,100.0,100,2,0,0
1699,3.25,3.6666666666666665,3.0,3.6,2.0,3.111111111111111,5.666666666666667,5.833333333333333,3.75,3.05,3.8333333333333335,0,2,0,2,2,3,5,8,22.0,5.0,60.0,100.0,100,1,0,0
1700,3.75,4.333333333333333,4.111111111111111,3.1,1.875,3.2777777777777777,6.75,8.333333333333334,3.8333333333333335,4.45,3.5,2,5,0,7,3,3,6,16,9.0,-5.0,40.0,83.33333333333334,75,3,0,0
1701,3.125,3.6666666666666665,3.4444444444444446,3.7,2.25,2.7777777777777777,7.166666666666667,7.416666666666667,3.8333333333333335,3.3,4.5,3,4,0,7,2,4,6,13,12.0,10.0,40.0,100.0,75,0,0,0
1702,3.125,3.111111111111111,2.7777777777777777,2.9,3.25,2.9444444444444446,5.0,5.166666666666667,3.1666666666666665,3.0,2.8333333333333335,3,4,0,7,1,2,3,11,8.0,-11.0,40.0,100.0,50,1,0,0
1703,3.5,3.4444444444444446,4.111111111111111,4.9,3.5,4.722222222222222,4.416666666666667,5.666666666666667,3.0833333333333335,4.8,2.8333333333333335,3,5,3,8,3,4,7,19,19.0,13.0,60.0,100.0,75,1,1,2
1704,2.25,4.555555555555555,3.0,4.5,4.0,4.222222222222222,3.0,8.25,4.583333333333333,4.0,4.5,3,4,4,7,4,7,11,26,9.0,5.0,40.0,100.0,75,4,1,3
1705,2.375,3.3333333333333335,4.111111111111111,4.5,2.75,3.388888888888889,6.75,6.083333333333333,2.3333333333333335,3.55,5.0,1,5,1,6,2,5,7,17,3.0,5.0,40.0,50.0,100,3,1,0
1706,3.5,3.5555555555555554,4.333333333333333,4.6,3.625,3.4444444444444446,7.75,7.416666666666667,2.5,4.0,2.8333333333333335,0,1,0,1,0,3,3,5,20.0,5.0,40.0,83.33333333333334,75,1,0,0
1707,3.375,3.6666666666666665,3.5555555555555554,3.8,2.625,2.9444444444444446,8.5,8.333333333333334,4.583333333333333,3.85,4.666666666666667,0,1,0,1,2,2,4,6,21.0,2.0,40.0,16.666666666666664,75,1,0,0
1708,4.625,4.333333333333333,4.444444444444445,3.6,1.75,3.7222222222222223,7.5,8.0,3.9166666666666665,3.6,3.1666666666666665,3,5,0,8,2,3,5,14,24.0,8.0,60.0,50.0,100,1,0,0
1709,1.875,3.5555555555555554,2.888888888888889,3.9,2.5,3.111111111111111,3.9166666666666665,6.583333333333333,3.0,3.9,2.8333333333333335,3,5,0,8,4,6,10,21,14.0,5.0,40.0,100.0,100,3,0,0
1710,3.0,3.4444444444444446,3.2222222222222223,2.7,3.125,2.9444444444444446,4.333333333333333,5.416666666666667,2.9166666666666665,2.8,3.0,0,2,0,2,0,5,5,9,1.0,-20.0,20.0,50.0,25,2,0,0
1711,4.0,3.4444444444444446,4.444444444444445,3.9,2.25,3.0555555555555554,8.25,7.833333333333333,4.083333333333333,3.35,4.166666666666667,1,3,2,4,2,4,6,16,14.0,0.0,40.0,100.0,50,4,1,1
1712,4.75,3.4444444444444446,3.5555555555555554,5.0,1.75,4.777777777777778,5.333333333333333,6.0,4.25,3.55,5.0,2,6,2,8,3,5,8,21,15.0,1.0,40.0,83.33333333333334,75,3,0,2
1713,2.125,4.333333333333333,4.0,3.3,3.375,2.7777777777777777,7.75,7.416666666666667,3.25,4.05,2.6666666666666665,0,0,1,0,1,6,7,8,2.0,0.0,0.0,83.33333333333334,100,0,1,0
1714,4.0,4.888888888888889,4.0,3.5,1.125,4.444444444444445,3.5,7.833333333333333,3.8333333333333335,3.65,3.5,3,3,3,6,3,7,10,21,13.0,10.0,40.0,100.0,75,2,0,3
1715,4.5,4.444444444444445,4.111111111111111,4.3,3.875,3.6666666666666665,5.0,7.833333333333333,3.9166666666666665,4.4,4.333333333333333,1,3,1,4,0,4,4,10,-6.0,-35.0,40.0,66.66666666666666,25,1,1,0
1716,4.0,5.0,4.333333333333333,4.7,3.25,4.944444444444445,4.25,7.916666666666667,4.583333333333333,4.8,5.0,3,6,4,9,2,3,5,20,10.0,0.0,40.0,83.33333333333334,75,2,1,3
1717,2.25,4.888888888888889,3.3333333333333335,3.9,2.875,3.888888888888889,3.3333333333333335,7.916666666666667,1.8333333333333333,4.1,2.1666666666666665,3,5,4,8,2,6,8,21,19.0,20.0,60.0,83.33333333333334,25,1,1,3
1718,2.0,3.2222222222222223,3.6666666666666665,4.5,3.125,2.7777777777777777,3.5833333333333335,5.5,4.25,3.9,1.1666666666666667,3,4,2,7,3,6,9,21,12.0,3.0,40.0,100.0,50,3,1,1
1719,1.5,3.7777777777777777,3.7777777777777777,3.9,3.75,2.5555555555555554,4.333333333333333,7.666666666666667,4.666666666666667,3.95,3.1666666666666665,3,6,1,9,3,5,8,21,0.0,-9.0,40.0,100.0,75,3,1,0
1720,4.75,4.333333333333333,4.222222222222222,4.8,1.125,4.777777777777778,5.583333333333333,7.583333333333333,2.3333333333333335,3.6,4.666666666666667,1,4,0,5,2,4,6,15,17.0,-3.0,60.0,33.33333333333333,50,4,0,0
1721,1.5,4.333333333333333,3.888888888888889,3.6,2.75,1.3333333333333333,3.4166666666666665,7.916666666666667,3.3333333333333335,4.4,3.6666666666666665,3,5,3,8,3,6,9,24,11.0,5.0,60.0,66.66666666666666,100,4,1,2
1722,3.75,4.222222222222222,4.333333333333333,3.8,3.0,3.111111111111111,4.833333333333333,7.75,2.6666666666666665,4.55,3.8333333333333335,3,5,4,8,4,7,11,26,9.0,5.0,40.0,100.0,100,3,1,3
1723,1.625,2.2222222222222223,2.3333333333333335,4.8,3.75,3.7222222222222223,4.666666666666667,4.75,1.75,3.75,4.333333333333333,1,6,4,7,2,3,5,18,12.0,5.0,40.0,83.33333333333334,75,2,1,3
1724,2.625,4.111111111111111,4.333333333333333,2.6,1.625,2.7222222222222223,3.6666666666666665,6.25,3.25,2.8,1.6666666666666667,1,2,0,3,2,5,7,12,3.0,-15.0,40.0,50.0,75,2,0,0
1725,3.0,3.3333333333333335,2.5555555555555554,4.0,4.25,1.8888888888888888,6.083333333333333,6.25,2.0,4.75,4.166666666666667,0,5,0,5,3,3,6,13,19.0,5.0,40.0,100.0,100,2,0,0
1726,2.125,3.5555555555555554,3.6666666666666665,4.3,3.875,3.388888888888889,6.833333333333333,8.166666666666666,3.1666666666666665,4.25,4.0,3,6,4,9,2,3,5,18,18.0,-4.0,40.0,100.0,25,0,1,3
1727,2.5,4.333333333333333,4.333333333333333,4.6,2.375,4.388888888888889,3.25,7.5,3.0833333333333335,4.25,3.8333333333333335,1,5,4,6,3,3,6,19,12.0,-1.0,60.0,83.33333333333334,75,3,1,3
1728,2.375,4.0,2.6666666666666665,3.2,2.75,3.2777777777777777,3.6666666666666665,6.25,3.4166666666666665,3.9,3.0,3,6,4,9,3,5,8,24,11.0,0.0,60.0,83.33333333333334,75,3,1,3
1729,4.375,4.444444444444445,5.0,4.6,1.375,4.5,5.583333333333333,7.583333333333333,3.75,4.1,5.0,1,2,2,3,2,7,9,18,18.0,6.0,60.0,66.66666666666666,75,4,1,1
1730,2.0,3.7777777777777777,2.6666666666666665,2.6,4.5,2.2222222222222223,1.9166666666666667,4.333333333333333,1.8333333333333333,3.95,2.0,3,4,1,7,2,3,5,15,15.0,10.0,60.0,83.33333333333334,100,2,0,1
1731,2.75,3.5555555555555554,3.5555555555555554,3.4,3.375,2.888888888888889,6.083333333333333,7.166666666666667,3.4166666666666665,3.25,3.6666666666666665,1,3,0,4,1,2,3,9,16.0,0.0,40.0,83.33333333333334,75,2,0,0
1732,2.875,3.6666666666666665,3.4444444444444446,4.2,3.125,3.2222222222222223,4.5,7.416666666666667,3.25,4.25,3.8333333333333335,2,4,0,6,1,3,4,13,17.0,0.0,60.0,83.33333333333334,100,3,0,0
1733,3.125,3.3333333333333335,2.888888888888889,3.8,4.0,3.5,7.666666666666667,6.0,2.4166666666666665,3.8,2.5,3,5,2,8,2,4,6,19,11.0,5.0,100.0,83.33333333333334,100,3,1,1
1734,3.5,4.333333333333333,4.0,3.8,1.25,3.611111111111111,3.8333333333333335,8.416666666666666,1.9166666666666667,4.4,2.5,3,5,0,8,2,2,4,14,22.0,6.0,60.0,100.0,25,2,0,0
1735,4.375,4.555555555555555,5.0,3.4,2.75,3.5,2.8333333333333335,8.5,4.666666666666667,3.85,4.833333333333333,2,4,0,6,1,4,5,12,-5.0,-15.0,100.0,100.0,50,1,0,0
1736,1.875,2.7777777777777777,4.0,3.5,4.875,4.222222222222222,4.416666666666667,7.0,3.9166666666666665,3.75,3.0,3,3,3,6,2,7,9,19,9.0,-2.0,60.0,100.0,100,1,0,3
1737,1.25,4.666666666666667,4.888888888888889,4.4,2.125,4.444444444444445,2.8333333333333335,8.833333333333334,3.9166666666666665,4.7,4.166666666666667,3,5,2,8,4,5,9,23,7.0,-4.0,40.0,66.66666666666666,75,4,1,1
1738,1.0,3.5555555555555554,4.0,3.3,4.25,4.5,4.666666666666667,5.2727272727272725,2.6666666666666665,3.2,4.666666666666667,1,2,3,3,4,7,11,19,14.0,3.0,20.0,83.33333333333334,100,2,0,3
1739,1.875,3.4444444444444446,2.6666666666666665,3.4,4.5,2.0,6.583333333333333,4.25,2.9166666666666665,4.35,2.3333333333333335,1,3,2,4,4,2,6,13,12.0,5.0,40.0,33.33333333333333,75,1,1,1
1740,2.5,3.7777777777777777,3.4444444444444446,4.3,4.125,3.0,4.833333333333333,6.0,3.4166666666666665,4.7,3.8333333333333335,2,4,2,6,2,6,8,20,10.0,-5.0,60.0,83.33333333333334,100,4,1,1
1741,3.0,5.0,5.0,4.0,1.75,4.722222222222222,5.416666666666667,7.416666666666667,4.583333333333333,4.05,5.0,2,1,0,3,1,3,4,10,20.0,-5.0,20.0,83.33333333333334,100,3,0,0
1742,4.25,3.2222222222222223,3.3333333333333335,2.5,3.0,1.7222222222222223,5.666666666666667,6.166666666666667,2.6666666666666665,2.6,3.0,0,2,2,2,3,4,7,12,3.0,-15.0,0.0,50.0,75,1,0,2
1743,3.625,3.2222222222222223,4.0,4.3,2.625,2.888888888888889,6.916666666666667,5.583333333333333,4.666666666666667,4.05,3.1666666666666665,2,6,3,8,2,6,8,23,13.0,9.0,0.0,100.0,75,4,1,2
1744,2.875,4.777777777777778,5.0,3.8,1.125,4.722222222222222,4.916666666666667,6.833333333333333,3.5,3.55,1.3333333333333333,2,5,3,7,3,5,8,20,5.0,0.0,40.0,100.0,75,2,1,2
1745,2.875,4.444444444444445,4.0,4.6,3.25,3.8333333333333335,3.9166666666666665,7.083333333333333,2.75,4.55,4.0,2,4,2,6,1,3,4,13,7.0,0.0,40.0,66.66666666666666,75,1,0,2
1746,4.0,5.0,4.555555555555555,4.6,2.0,2.7777777777777777,9.0,9.0,4.666666666666667,4.2,5.0,2,1,0,3,2,3,5,9,11.0,0.0,40.0,83.33333333333334,50,1,0,0
1747,4.125,4.444444444444445,4.888888888888889,3.6,2.125,3.3333333333333335,4.333333333333333,6.75,3.0,3.9,4.166666666666667,3,6,4,9,3,4,7,24,6.0,5.0,40.0,100.0,75,4,1,3
1748,2.25,4.222222222222222,2.7777777777777777,3.8,4.25,3.611111111111111,4.25,6.75,3.4166666666666665,3.95,3.8333333333333335,3,5,1,8,3,5,8,18,3.0,-12.0,40.0,83.33333333333334,25,1,1,0
1749,3.125,5.0,4.777777777777778,4.0,1.625,2.7777777777777777,7.416666666666667,7.25,4.416666666666667,2.8,4.5,0,2,0,2,1,2,3,9,16.0,4.0,40.0,100.0,75,4,0,0
1750,2.625,3.3333333333333335,3.7777777777777777,4.6,3.5,4.555555555555555,3.6666666666666665,7.333333333333333,4.0,4.65,4.166666666666667,3,5,4,8,4,6,10,25,13.0,13.0,40.0,83.33333333333334,75,3,1,3
1751,3.875,3.5555555555555554,3.4444444444444446,3.1,4.0,2.8333333333333335,4.0,8.0,4.0,3.85,3.8333333333333335,2,3,0,5,3,2,5,10,14.0,-1.0,0.0,100.0,100,0,0,0
1752,3.375,3.2222222222222223,4.444444444444445,3.3,3.125,2.8333333333333335,5.333333333333333,7.333333333333333,1.6666666666666667,3.6,1.3333333333333333,3,6,0,9,2,4,6,17,3.0,0.0,60.0,66.66666666666666,75,2,0,0
1753,4.25,2.3333333333333335,5.0,5.0,2.25,4.333333333333333,8.0,4.0,2.6666666666666665,2.9,4.666666666666667,3,2,0,5,2,1,3,8,29.0,7.0,40.0,66.66666666666666,50,0,0,0
1754,2.125,4.111111111111111,4.333333333333333,4.1,3.125,4.555555555555555,4.833333333333333,7.833333333333333,3.9166666666666665,3.7,4.833333333333333,3,5,0,8,3,4,7,16,19.0,5.0,60.0,83.33333333333334,75,1,0,0
1755,4.25,4.888888888888889,4.666666666666667,3.5,1.25,4.5,3.8333333333333335,7.25,4.0,4.35,4.333333333333333,1,1,1,2,3,2,5,10,14.0,-14.0,100.0,100.0,75,2,0,1
1756,2.25,4.0,3.5555555555555554,4.0,2.5,3.5555555555555554,4.25,6.666666666666667,2.4166666666666665,3.35,1.8333333333333333,3,6,2,9,3,4,7,19,13.0,7.0,40.0,83.33333333333334,75,1,1,1
1757,4.25,4.222222222222222,4.444444444444445,4.3,1.75,3.3333333333333335,3.6666666666666665,6.25,2.9166666666666665,3.65,3.5,2,3,0,5,2,3,5,12,12.0,-1.0,40.0,66.66666666666666,25,2,0,0
1758,5.0,4.888888888888889,4.777777777777778,4.7,1.875,4.444444444444445,5.5,7.5,3.5,4.45,2.3333333333333335,3,6,1,9,2,4,6,19,9.0,-2.0,40.0,83.33333333333334,50,3,0,1
1759,4.875,4.777777777777778,5.0,4.6,1.125,4.222222222222222,3.8333333333333335,7.916666666666667,3.5,4.85,5.0,3,5,2,8,4,7,11,24,11.0,0.0,40.0,100.0,25,3,1,1
1760,3.25,3.6666666666666665,3.888888888888889,3.2,2.5,3.0,6.75,6.916666666666667,3.75,3.35,3.6666666666666665,2,3,0,5,0,3,3,10,10.0,-5.0,40.0,50.0,50,2,0,0
1761,4.5,3.6666666666666665,4.0,4.5,1.875,4.777777777777778,4.083333333333333,5.166666666666667,3.6666666666666665,4.0,1.0,3,5,4,8,4,7,11,25,10.0,5.0,20.0,83.33333333333334,100,2,1,3
1762,3.0,3.6666666666666665,3.4444444444444446,4.0,2.75,3.1666666666666665,5.4,5.333333333333333,2.9166666666666665,3.35,2.5,3,4,1,7,2,3,5,16,20.0,8.0,40.0,83.33333333333334,25,3,0,1
1763,3.625,4.666666666666667,4.666666666666667,4.4,2.75,3.8333333333333335,6.083333333333333,7.083333333333333,3.9166666666666665,4.05,4.666666666666667,2,4,0,6,2,3,5,12,18.0,2.0,40.0,100.0,75,1,0,0
1764,3.5,3.888888888888889,3.5555555555555554,4.6,3.75,3.1666666666666665,8.416666666666666,8.5,3.5,4.15,5.0,2,2,1,4,3,4,7,12,11.0,13.0,60.0,83.33333333333334,75,0,1,0
1765,3.25,3.888888888888889,4.111111111111111,4.5,2.875,3.0,4.75,5.5,4.166666666666667,3.65,2.6666666666666665,3,5,4,8,4,4,8,20,20.0,10.0,60.0,66.66666666666666,75,0,1,3
1766,1.375,3.6666666666666665,2.888888888888889,3.6,3.375,3.7777777777777777,4.083333333333333,7.5,3.3333333333333335,4.0,3.6666666666666665,3,4,2,7,1,4,5,15,20.0,25.0,80.0,83.33333333333334,75,1,1,1
1767,2.125,4.666666666666667,3.888888888888889,4.2,3.625,4.166666666666667,7.0,7.916666666666667,3.8333333333333335,4.7,4.0,1,1,3,2,2,4,6,14,8.0,10.0,40.0,100.0,25,3,1,2
1768,3.75,5.0,5.0,4.3,1.625,3.7222222222222223,8.5,8.833333333333334,2.9166666666666665,4.2,4.833333333333333,3,3,0,6,3,3,6,13,23.0,6.0,40.0,100.0,50,1,0,0
1769,3.875,4.444444444444445,4.888888888888889,4.5,1.625,4.166666666666667,5.416666666666667,6.333333333333333,3.9166666666666665,4.5,2.5,3,5,1,8,4,5,9,21,12.0,13.0,60.0,50.0,75,3,1,0
1770,2.625,3.4444444444444446,4.333333333333333,2.8,3.5,3.611111111111111,3.6666666666666665,7.333333333333333,3.3333333333333335,4.2,3.6666666666666665,1,2,3,3,3,5,8,16,-6.0,-10.0,60.0,83.33333333333334,100,2,1,2
1771,2.0,2.111111111111111,3.3333333333333335,4.1,4.0,3.9444444444444446,6.833333333333333,4.916666666666667,4.916666666666667,4.3,4.166666666666667,1,2,0,3,2,3,5,8,12.0,-5.0,0.0,33.33333333333333,50,0,0,0
1772,3.5,3.888888888888889,3.7777777777777777,2.4,2.25,2.388888888888889,4.666666666666667,7.5,2.25,4.05,3.5,3,5,2,8,2,6,8,18,17.0,5.0,40.0,83.33333333333334,75,0,0,2
1773,2.25,3.6666666666666665,3.0,4.0,2.5,3.0555555555555554,4.0,5.75,2.5,4.35,2.0,2,4,3,6,4,2,6,18,14.0,0.0,40.0,100.0,75,3,1,2
1774,4.0,3.2222222222222223,3.6666666666666665,3.8,2.125,3.111111111111111,4.25,6.75,2.0833333333333335,3.75,4.333333333333333,3,5,3,8,3,4,7,20,19.0,4.0,60.0,66.66666666666666,50,2,1,2
1775,2.25,3.7777777777777777,4.666666666666667,3.2,1.5,4.111111111111111,4.583333333333333,7.0,4.333333333333333,4.0,4.166666666666667,1,5,2,6,2,3,5,15,17.0,-3.0,40.0,100.0,75,2,0,2
1776,1.75,4.222222222222222,2.888888888888889,4.6,4.0,1.7222222222222223,4.25,6.583333333333333,3.5,4.7,3.8333333333333335,3,5,3,8,2,3,5,19,6.0,-3.0,60.0,100.0,100,3,1,2
1777,2.625,3.3333333333333335,3.6666666666666665,3.9,3.0,3.5,4.5,5.0,4.166666666666667,4.0,3.3333333333333335,3,5,3,8,3,3,6,18,7.0,0.0,100.0,100.0,50,1,0,3
1778,3.875,3.5555555555555554,4.555555555555555,3.6,2.5,3.6666666666666665,3.9166666666666665,7.083333333333333,4.416666666666667,4.05,3.6666666666666665,2,6,3,8,3,5,8,21,11.0,6.0,80.0,83.33333333333334,50,2,1,2
1779,2.875,3.7777777777777777,3.111111111111111,3.8,2.625,3.4444444444444446,4.916666666666667,6.75,3.6666666666666665,3.15,4.166666666666667,1,2,3,3,2,3,5,12,14.0,0.0,40.0,50.0,25,1,1,2
1780,1.5,3.5555555555555554,3.4444444444444446,4.0,3.0,3.7222222222222223,6.083333333333333,7.666666666666667,3.9166666666666665,3.8,4.833333333333333,3,6,4,9,4,7,11,27,10.0,17.0,60.0,83.33333333333334,100,3,1,3
1781,1.25,3.5555555555555554,3.0,1.8,3.25,1.3333333333333333,3.3333333333333335,7.25,1.75,3.95,2.8333333333333335,2,2,4,4,2,6,8,17,3.0,-5.0,40.0,83.33333333333334,50,1,1,3
1782,4.25,4.333333333333333,3.888888888888889,3.8,2.875,3.611111111111111,5.666666666666667,6.916666666666667,3.9166666666666665,3.9,4.333333333333333,3,3,1,6,3,3,6,14,16.0,10.0,40.0,50.0,100,1,1,0
1783,3.625,3.7777777777777777,3.7777777777777777,3.9,1.5,2.7222222222222223,3.75,5.833333333333333,3.5,3.75,2.0,2,3,0,5,3,3,6,12,12.0,-6.0,40.0,66.66666666666666,100,1,0,0
1784,2.25,3.888888888888889,3.3333333333333335,3.5,2.875,3.388888888888889,3.8333333333333335,6.75,2.75,3.55,3.5,0,2,0,2,2,4,6,9,21.0,2.0,100.0,66.66666666666666,50,1,0,0
1785,4.625,4.777777777777778,5.0,4.5,2.0,4.5,3.1666666666666665,7.5,4.416666666666667,4.75,5.0,3,4,2,7,3,7,10,20,1.0,1.0,60.0,100.0,100,1,0,2
1786,4.5,4.444444444444445,3.4444444444444446,4.5,2.0,3.7777777777777777,4.5,7.916666666666667,2.9166666666666665,4.2,3.0,2,6,1,8,3,4,7,17,18.0,3.0,40.0,100.0,75,1,1,0
1787,3.5,3.7777777777777777,3.4444444444444446,4.0,2.5,2.9444444444444446,8.5,9.0,4.0,3.65,4.5,2,1,1,3,3,3,6,10,5.0,-10.0,60.0,33.33333333333333,50,0,1,0
1788,3.125,4.111111111111111,3.5555555555555554,3.6,3.5,3.4444444444444446,4.333333333333333,7.583333333333333,3.5833333333333335,4.4,4.833333333333333,3,6,0,9,3,5,8,19,20.0,2.0,60.0,83.33333333333334,75,2,0,0
1789,2.5,4.555555555555555,4.444444444444445,3.6,2.375,4.0,4.083333333333333,8.0,4.0,3.65,4.333333333333333,2,1,0,3,2,4,6,12,16.0,3.0,60.0,100.0,75,3,0,0
1790,1.75,3.4444444444444446,3.111111111111111,4.0,3.875,4.722222222222222,3.6666666666666665,6.333333333333333,3.8333333333333335,3.7,3.3333333333333335,2,5,4,7,4,5,9,23,2.0,4.0,60.0,66.66666666666666,100,3,1,3
1791,4.0,5.0,4.888888888888889,3.7,1.375,3.7777777777777777,3.75,8.0,3.75,4.05,4.333333333333333,3,6,1,9,4,7,11,22,8.0,-10.0,0.0,100.0,50,1,1,0
1792,2.625,4.333333333333333,3.5555555555555554,3.7,1.75,3.5555555555555554,4.25,7.0,3.5833333333333335,4.05,4.333333333333333,3,6,0,9,3,6,9,21,13.0,12.0,40.0,83.33333333333334,100,3,0,0
1793,3.75,3.6666666666666665,4.333333333333333,3.1,1.75,2.2222222222222223,6.833333333333333,6.416666666666667,3.5,3.0,2.3333333333333335,3,6,0,9,2,3,5,15,13.0,8.0,40.0,83.33333333333334,100,1,0,0
1794,4.0,3.3333333333333335,4.0,4.0,2.25,2.9444444444444446,6.416666666666667,6.916666666666667,3.6666666666666665,3.95,4.5,3,4,3,7,3,7,10,23,12.0,7.0,40.0,100.0,100,3,1,2
1795,2.125,4.333333333333333,2.888888888888889,4.6,4.5,4.166666666666667,4.083333333333333,7.166666666666667,5.0,4.75,4.0,1,2,1,3,3,5,8,16,19.0,20.0,0.0,100.0,75,4,1,0
1796,4.125,4.333333333333333,5.0,4.8,1.75,4.888888888888889,4.5,6.0,5.0,4.3,4.5,1,3,0,4,3,6,9,16,12.0,6.0,40.0,100.0,75,3,0,0
1797,1.75,3.2222222222222223,4.111111111111111,4.1,2.25,3.8333333333333335,4.083333333333333,5.25,2.9166666666666665,3.0,2.5,2,4,3,6,4,6,10,21,19.0,15.0,40.0,83.33333333333334,100,2,1,2
1798,4.875,2.111111111111111,4.555555555555555,4.2,2.375,4.444444444444445,5.5,5.25,4.666666666666667,4.1,5.0,3,6,2,9,4,4,8,20,16.0,15.0,40.0,66.66666666666666,50,1,0,2
1799,3.125,3.0,3.111111111111111,3.1,3.0,2.9444444444444446,6.833333333333333,6.583333333333333,3.5833333333333335,3.25,3.5,3,6,0,9,1,3,4,17,16.0,4.0,40.0,100.0,50,4,0,0
1800,3.25,4.0,3.5555555555555554,3.6,3.25,3.611111111111111,4.416666666666667,6.666666666666667,4.166666666666667,4.1,4.833333333333333,2,4,2,6,3,6,9,19,16.0,10.0,60.0,100.0,75,2,1,1
1801,1.625,3.111111111111111,3.2222222222222223,3.5,3.875,3.7777777777777777,4.083333333333333,5.916666666666667,3.0,3.55,2.6666666666666665,3,6,4,9,4,7,11,27,10.0,4.0,20.0,100.0,100,3,1,3
1802,2.875,4.0,4.444444444444445,4.2,2.125,3.2777777777777777,4.333333333333333,8.25,3.8333333333333335,3.65,4.333333333333333,3,5,4,8,3,5,8,22,16.0,3.0,100.0,83.33333333333334,100,2,1,3
1803,3.375,4.555555555555555,4.666666666666667,4.3,2.375,4.555555555555555,4.5,7.75,4.416666666666667,4.25,4.666666666666667,3,6,1,9,3,4,7,18,17.0,20.0,60.0,83.33333333333334,75,1,1,0
1804,3.625,4.777777777777778,4.777777777777778,4.6,2.0,4.666666666666667,4.166666666666667,7.25,2.9166666666666665,4.05,4.166666666666667,3,4,1,7,2,4,6,15,20.0,0.0,40.0,100.0,75,1,1,0
1805,2.5,3.5555555555555554,3.6666666666666665,3.9,2.625,2.9444444444444446,7.333333333333333,6.916666666666667,3.1666666666666665,3.05,4.166666666666667,0,2,2,2,2,3,5,10,7.0,-7.0,40.0,83.33333333333334,75,1,1,1
1806,3.125,3.4444444444444446,3.0,3.4,2.875,3.0,7.833333333333333,8.5,4.0,3.25,3.6666666666666665,1,2,0,3,0,6,6,10,0.0,-11.0,60.0,33.33333333333333,25,1,0,0
1807,2.0,3.6666666666666665,3.5555555555555554,4.2,2.875,3.6666666666666665,4.916666666666667,7.166666666666667,2.1666666666666665,3.8,2.0,3,6,4,9,2,6,8,24,14.0,10.0,40.0,83.33333333333334,100,3,1,3
1808,3.125,4.111111111111111,2.888888888888889,3.7,3.25,2.7777777777777777,4.166666666666667,6.636363636363637,2.3333333333333335,4.45,4.333333333333333,1,1,3,2,4,7,11,17,3.0,0.0,60.0,100.0,100,1,1,2
1809,1.875,3.2222222222222223,2.888888888888889,3.4,3.0,3.5555555555555554,4.583333333333333,6.083333333333333,2.9166666666666665,3.6,4.333333333333333,3,4,0,7,4,2,6,13,15.0,3.0,60.0,50.0,50,0,0,0
1810,2.75,4.888888888888889,5.0,4.2,2.0,3.888888888888889,4.166666666666667,8.75,4.083333333333333,3.75,2.3333333333333335,3,3,0,6,1,2,3,12,23.0,5.0,40.0,100.0,100,3,0,0
1811,1.375,3.6666666666666665,3.7777777777777777,3.5,4.0,2.2222222222222223,4.083333333333333,6.583333333333333,4.333333333333333,4.6,4.333333333333333,3,2,0,5,3,3,6,15,0.0,2.0,60.0,83.33333333333334,75,4,0,0
1812,2.75,3.7777777777777777,3.4444444444444446,4.4,3.75,3.3333333333333335,5.25,7.833333333333333,2.8333333333333335,4.4,4.166666666666667,3,3,3,6,4,5,9,19,16.0,3.0,40.0,100.0,100,1,1,2
1813,2.75,2.0,3.7777777777777777,3.2,1.125,3.6666666666666665,4.833333333333333,3.9166666666666665,2.5833333333333335,3.3,4.0,3,6,4,9,1,7,8,25,15.0,5.0,60.0,83.33333333333334,75,4,1,3
1814,3.125,3.5555555555555554,4.222222222222222,3.0,3.0,2.7777777777777777,4.083333333333333,7.583333333333333,3.75,4.3,3.0,0,0,1,0,2,5,7,11,31.0,32.0,0.0,100.0,50,3,1,0
1815,2.5,4.111111111111111,4.333333333333333,4.1,2.875,4.666666666666667,5.75,7.166666666666667,2.9166666666666665,3.8,3.8333333333333335,3,6,1,9,4,5,9,21,12.0,8.0,40.0,100.0,50,2,0,1
1816,3.125,4.111111111111111,2.0,4.1,3.25,2.8333333333333335,3.5833333333333335,6.5,2.6666666666666665,3.7,3.5,3,6,3,9,3,7,10,24,-12.0,0.0,20.0,66.66666666666666,75,2,1,2
1817,3.0,4.333333333333333,4.888888888888889,3.7,3.75,3.888888888888889,3.8333333333333335,8.166666666666666,3.0833333333333335,4.8,4.166666666666667,3,6,1,9,3,5,8,20,15.0,-2.0,40.0,100.0,100,2,1,0
1818,3.0,4.222222222222222,3.4444444444444446,3.5,2.75,2.2222222222222223,4.083333333333333,8.166666666666666,2.6666666666666665,3.75,3.3333333333333335,3,5,1,8,2,4,6,17,13.0,5.0,40.0,66.66666666666666,75,2,1,0
1819,4.75,2.7777777777777777,3.2222222222222223,3.9,2.0,4.222222222222222,6.166666666666667,5.25,2.25,3.7,1.6666666666666667,2,6,4,8,3,2,5,18,17.0,10.0,40.0,83.33333333333334,75,1,1,3
1820,3.5,4.333333333333333,4.333333333333333,4.5,2.875,4.5,4.833333333333333,5.75,2.75,4.45,3.6666666666666665,2,3,1,5,3,3,6,15,10.0,3.0,60.0,66.66666666666666,50,3,1,0
1821,4.0,3.888888888888889,5.0,4.1,2.0,4.5,5.666666666666667,4.416666666666667,3.5833333333333335,4.1,4.833333333333333,2,1,2,3,2,5,7,14,7.0,0.0,60.0,83.33333333333334,100,2,1,1
1822,2.875,4.555555555555555,3.7777777777777777,2.8,3.375,2.5,3.5,5.75,2.6666666666666665,3.8,2.3333333333333335,2,5,2,7,2,3,5,14,24.0,7.0,40.0,83.33333333333334,50,0,0,2
1823,3.0,3.888888888888889,2.3333333333333335,3.1,3.375,2.9444444444444446,4.333333333333333,8.583333333333334,1.4166666666666667,3.8,2.1666666666666665,2,2,4,4,2,7,9,20,17.0,15.0,40.0,100.0,100,3,1,3
1824,2.75,3.2222222222222223,4.444444444444445,3.8,2.875,3.5555555555555554,7.25,6.833333333333333,3.8333333333333335,2.85,3.5,1,4,1,5,2,3,5,11,26.0,12.0,40.0,83.33333333333334,100,0,1,0
1825,3.375,3.111111111111111,2.7777777777777777,4.3,4.125,3.3333333333333335,6.583333333333333,7.416666666666667,1.5833333333333333,3.85,3.5,1,3,2,4,2,3,5,13,29.0,0.0,60.0,83.33333333333334,75,2,0,2
1826,3.25,4.666666666666667,4.555555555555555,3.1,2.625,4.166666666666667,3.8333333333333335,7.25,2.6666666666666665,4.15,3.3333333333333335,3,4,3,7,2,3,5,17,20.0,2.0,60.0,83.33333333333334,100,2,1,2
1827,2.875,3.888888888888889,3.6666666666666665,3.2,2.875,3.2222222222222223,8.0,7.666666666666667,3.75,3.35,4.666666666666667,0,1,0,1,3,5,8,10,25.0,3.0,40.0,100.0,25,1,0,0
1828,2.75,3.888888888888889,2.6666666666666665,4.6,3.75,3.111111111111111,3.9166666666666665,7.0,2.4166666666666665,4.35,3.1666666666666665,3,5,1,8,1,3,4,14,16.0,10.0,40.0,83.33333333333334,75,1,1,0
1829,1.25,4.333333333333333,4.555555555555555,4.6,2.125,4.5,4.083333333333333,5.916666666666667,2.75,3.55,3.8333333333333335,3,5,1,8,4,4,8,20,6.0,-4.0,40.0,100.0,75,3,1,0
1830,3.375,3.888888888888889,3.6666666666666665,3.3,2.125,3.611111111111111,5.666666666666667,7.5,3.8333333333333335,3.3,2.0,0,2,0,2,2,3,5,10,13.0,-2.0,40.0,100.0,100,3,0,0
1831,2.875,2.0,2.888888888888889,4.1,4.125,3.0555555555555554,5.916666666666667,6.25,2.8333333333333335,3.4,4.0,2,5,1,7,3,6,9,18,8.0,11.0,40.0,83.33333333333334,100,1,1,0
1832,3.375,3.2222222222222223,3.4444444444444446,3.4,2.25,3.388888888888889,4.916666666666667,7.0,3.6666666666666665,3.4,3.3333333333333335,3,6,1,9,3,5,8,21,9.0,5.0,100.0,66.66666666666666,75,3,0,1
1833,3.5,4.555555555555555,3.6666666666666665,3.6,4.25,2.611111111111111,4.583333333333333,6.0,3.6666666666666665,4.7,5.0,2,4,3,6,3,3,6,16,14.0,10.0,40.0,83.33333333333334,75,1,1,2
1834,3.125,3.4444444444444446,4.555555555555555,4.3,2.5,4.611111111111111,5.166666666666667,6.25,4.25,4.25,4.666666666666667,3,6,2,9,4,7,11,23,9.0,10.0,60.0,66.66666666666666,75,1,1,1
1835,2.875,3.3333333333333335,2.6666666666666665,3.2,2.5,3.2222222222222223,4.5,5.166666666666667,2.0,2.6,1.0,2,5,1,7,2,3,5,15,14.0,3.0,60.0,83.33333333333334,50,2,1,0
1836,3.25,4.0,4.0,3.2,2.5,3.0555555555555554,8.166666666666666,8.083333333333334,4.0,3.4,3.8333333333333335,0,1,1,1,3,5,8,11,24.0,5.0,40.0,100.0,25,1,0,1
1837,3.5,4.555555555555555,3.2222222222222223,3.2,2.375,2.8333333333333335,7.5,8.0,3.75,3.4,4.0,0,1,0,1,2,2,4,7,23.0,10.0,60.0,66.66666666666666,50,2,0,0
1838,1.125,3.888888888888889,3.6666666666666665,3.5,2.75,3.7222222222222223,2.9166666666666665,5.333333333333333,2.6666666666666665,2.65,2.1666666666666665,2,6,3,8,2,7,9,23,13.0,8.0,40.0,83.33333333333334,100,3,0,3
1839,2.0,3.5555555555555554,2.7777777777777777,3.1,4.375,3.0,4.166666666666667,6.5,3.4166666666666665,4.2,3.6666666666666665,1,5,1,6,4,7,11,21,-1.0,-1.0,60.0,66.66666666666666,100,3,1,0
1840,2.0,4.666666666666667,3.888888888888889,3.0,2.75,3.2777777777777777,3.5833333333333335,7.666666666666667,3.3333333333333335,3.5,2.6666666666666665,1,3,1,4,2,3,5,12,18.0,2.0,40.0,100.0,75,2,1,0
1841,1.5,4.555555555555555,3.4444444444444446,4.7,4.25,4.555555555555555,3.25,7.333333333333333,2.1666666666666665,4.7,4.0,3,6,3,9,3,6,9,24,11.0,8.0,60.0,83.33333333333334,50,3,1,2
1842,4.875,5.0,5.0,4.9,1.0,4.333333333333333,6.333333333333333,4.833333333333333,1.9166666666666667,3.4,1.3333333333333333,0,1,0,1,2,4,6,8,24.0,-5.0,40.0,83.33333333333334,50,1,0,0
1843,2.25,3.3333333333333335,3.5555555555555554,4.2,2.875,3.4444444444444446,5.083333333333333,7.416666666666667,4.75,2.85,3.8333333333333335,2,6,3,8,2,2,4,15,20.0,10.0,100.0,83.33333333333334,75,0,1,2
1844,1.625,3.6666666666666665,2.6666666666666665,3.3,3.875,1.9444444444444444,3.9166666666666665,6.166666666666667,3.8333333333333335,4.15,3.0,2,4,1,6,2,4,6,14,9.0,8.0,60.0,83.33333333333334,100,1,1,0
1845,3.75,3.6666666666666665,4.0,3.5,2.5,3.388888888888889,4.333333333333333,5.666666666666667,4.25,3.9,4.0,2,5,3,7,2,4,6,17,13.0,5.0,100.0,100.0,50,1,0,3
1846,2.125,4.222222222222222,2.4444444444444446,3.3,3.625,2.611111111111111,3.4166666666666665,6.333333333333333,1.5,4.35,3.3333333333333335,3,4,3,7,3,5,8,22,8.0,7.0,40.0,83.33333333333334,50,4,1,2
1847,2.25,3.2222222222222223,3.888888888888889,2.5,2.375,3.1666666666666665,5.0,5.75,4.333333333333333,3.6,1.6666666666666667,1,5,2,6,3,6,9,18,17.0,3.0,40.0,83.33333333333334,100,1,0,2
1848,4.125,5.0,4.777777777777778,4.1,1.375,2.4444444444444446,9.0,9.0,2.6666666666666665,4.8,3.0,2,2,1,4,2,4,6,14,16.0,-5.0,100.0,100.0,75,3,1,0
1849,3.25,4.222222222222222,3.7777777777777777,3.7,3.0,2.6666666666666665,6.916666666666667,8.166666666666666,3.6666666666666665,3.1,3.6666666666666665,1,4,0,5,2,3,5,12,8.0,10.0,40.0,83.33333333333334,75,2,0,0
1850,4.25,3.111111111111111,2.5555555555555554,3.3,2.625,3.5,5.5,5.75,2.75,3.35,3.5,1,4,2,5,3,7,10,20,4.0,0.0,60.0,100.0,50,3,0,2
1851,3.75,2.6666666666666665,4.111111111111111,3.7,4.25,4.055555555555555,5.166666666666667,5.916666666666667,1.8333333333333333,3.25,4.166666666666667,3,6,3,9,4,6,10,23,17.0,19.0,40.0,83.33333333333334,50,1,0,3
1852,3.0,4.0,3.888888888888889,3.4,2.0,3.2222222222222223,7.666666666666667,7.333333333333333,3.9166666666666665,3.2,4.166666666666667,1,1,0,2,3,5,8,11,21.0,7.0,40.0,100.0,25,1,0,0
1853,2.75,3.4444444444444446,2.6666666666666665,3.5,3.875,2.9444444444444446,5.75,6.5,4.166666666666667,2.85,4.0,1,1,2,2,1,3,4,9,21.0,5.0,40.0,16.666666666666664,50,1,1,1
1854,1.75,3.7777777777777777,3.2222222222222223,4.5,3.75,4.166666666666667,7.5,7.5,4.166666666666667,3.75,3.8333333333333335,3,4,0,7,3,3,6,15,13.0,8.0,40.0,83.33333333333334,100,2,0,0
1855,3.875,4.555555555555555,4.555555555555555,3.5,1.625,3.6666666666666665,3.75,5.583333333333333,4.0,4.25,3.6666666666666665,0,4,0,4,2,3,5,9,15.0,6.0,60.0,100.0,25,0,0,0
1856,1.0,2.6666666666666665,4.333333333333333,1.0,4.375,1.2222222222222223,6.916666666666667,4.833333333333333,3.6666666666666665,5.0,1.0,1,3,1,4,2,7,9,17,3.0,10.0,0.0,100.0,75,3,1,0
1857,3.25,4.0,3.888888888888889,3.0,1.75,3.4444444444444446,7.416666666666667,7.333333333333333,3.75,3.45,4.333333333333333,0,0,0,0,3,5,8,11,24.0,5.0,40.0,83.33333333333334,50,3,0,0
1858,3.125,5.0,4.888888888888889,4.2,1.625,3.0555555555555554,4.666666666666667,7.666666666666667,4.166666666666667,4.55,2.5,2,1,1,3,2,5,7,12,23.0,3.0,40.0,100.0,75,1,0,1
1859,4.0,3.6666666666666665,3.7777777777777777,3.8,1.875,3.4444444444444446,5.5,5.416666666666667,2.6666666666666665,3.0,1.0,1,2,1,3,3,3,6,10,10.0,0.0,40.0,66.66666666666666,75,0,1,0
1860,1.75,4.111111111111111,3.2222222222222223,3.6,3.125,3.111111111111111,3.5,6.916666666666667,4.833333333333333,4.5,4.833333333333333,3,6,1,9,2,3,5,16,16.0,2.0,60.0,100.0,100,1,1,0
1861,2.75,3.6666666666666665,2.3333333333333335,3.3,3.375,3.611111111111111,4.0,6.75,2.3333333333333335,4.7,4.5,3,3,4,6,4,7,11,25,10.0,15.0,40.0,66.66666666666666,100,4,1,3
1862,1.875,4.222222222222222,4.777777777777778,4.7,2.75,4.722222222222222,3.75,6.416666666666667,4.583333333333333,2.4,4.5,3,6,3,9,4,6,10,26,12.0,8.0,60.0,83.33333333333334,50,4,1,2
1863,2.5,3.3333333333333335,2.888888888888889,3.1,3.375,2.5555555555555554,4.666666666666667,5.333333333333333,2.8333333333333335,4.15,2.5,3,3,2,6,2,4,6,17,-12.0,-10.0,40.0,100.0,75,3,0,2
1864,3.25,4.111111111111111,4.0,3.2,1.75,2.5,6.5,5.916666666666667,3.5833333333333335,2.5,4.0,3,3,0,6,2,3,5,12,18.0,5.0,40.0,66.66666666666666,75,1,0,0
1865,2.25,3.2222222222222223,3.888888888888889,3.0,3.25,3.7777777777777777,3.75,5.75,4.5,3.65,2.0,0,1,3,1,4,6,10,16,19.0,14.0,60.0,100.0,75,2,1,2
1866,2.125,3.888888888888889,3.3333333333333335,2.3,2.625,1.6666666666666667,4.583333333333333,7.166666666666667,3.5,3.85,2.0,3,4,0,7,1,6,7,17,4.0,0.0,40.0,100.0,75,3,0,0
1867,2.125,4.222222222222222,4.666666666666667,3.0,2.5,3.888888888888889,3.6666666666666665,8.416666666666666,1.8333333333333333,4.25,3.8333333333333335,3,2,0,5,2,4,6,11,9.0,-5.0,80.0,83.33333333333334,50,0,0,0
1868,3.75,3.2222222222222223,4.0,3.5,2.25,3.4444444444444446,6.833333333333333,6.416666666666667,2.9166666666666665,4.65,2.8333333333333335,3,6,2,9,2,4,6,19,16.0,14.0,40.0,100.0,75,2,1,1
1869,2.125,3.7777777777777777,4.555555555555555,2.3,2.75,3.3333333333333335,4.5,6.833333333333333,3.9166666666666665,3.7,3.6666666666666665,3,6,0,9,4,7,11,21,9.0,-5.0,60.0,66.66666666666666,50,1,0,0
1870,2.125,2.6666666666666665,2.5555555555555554,3.0,3.75,3.3333333333333335,4.666666666666667,6.25,2.25,3.0,2.5,0,2,1,2,1,3,4,7,-2.0,-25.0,100.0,100.0,100,0,1,0
1871,2.375,3.5555555555555554,3.4444444444444446,4.6,2.875,4.388888888888889,3.8333333333333335,5.833333333333333,3.5833333333333335,3.75,4.166666666666667,3,4,4,7,3,7,10,24,10.0,4.0,60.0,50.0,100,3,1,3
1872,4.75,4.666666666666667,3.3333333333333335,4.7,2.0,4.333333333333333,6.666666666666667,8.25,3.75,4.25,2.6666666666666665,2,6,2,8,3,3,6,19,17.0,7.0,60.0,83.33333333333334,50,3,1,1
1873,1.5,5.0,4.0,3.4,3.0,3.8333333333333335,4.416666666666667,5.833333333333333,2.75,5.0,2.6666666666666665,1,1,2,2,3,5,8,14,17.0,11.0,40.0,66.66666666666666,50,2,1,1
1874,1.875,4.0,2.7777777777777777,3.6,3.0,2.611111111111111,4.0,6.75,2.5,4.1,2.8333333333333335,2,2,4,4,2,3,5,14,26.0,5.0,40.0,100.0,75,1,1,3
1875,1.5,4.0,3.5555555555555554,3.0,3.625,1.3888888888888888,5.0,7.5,4.416666666666667,4.55,4.0,0,0,2,0,2,3,5,7,13.0,-5.0,0.0,66.66666666666666,50,0,1,1
1876,4.25,4.444444444444445,4.444444444444445,4.4,2.5,3.3333333333333335,5.75,6.916666666666667,4.333333333333333,4.65,4.666666666666667,2,6,1,8,2,3,5,14,16.0,15.0,100.0,100.0,25,0,0,1
1877,2.5,3.4444444444444446,3.111111111111111,3.6,3.75,3.6666666666666665,4.0,7.083333333333333,2.4166666666666665,4.0,4.0,3,3,2,6,2,6,8,20,0.0,5.0,60.0,100.0,75,4,1,1
1878,3.25,4.222222222222222,4.555555555555555,3.1,3.125,3.1666666666666665,5.25,7.333333333333333,3.5833333333333335,3.45,2.1666666666666665,1,1,1,2,0,4,4,7,13.0,-12.0,40.0,83.33333333333334,50,0,1,0
1879,3.25,3.888888888888889,3.3333333333333335,3.2,1.75,2.9444444444444446,3.5,5.916666666666667,3.8333333333333335,3.3,1.3333333333333333,2,2,0,4,2,3,5,12,24.0,1.0,40.0,100.0,75,3,0,0
1880,3.625,3.111111111111111,4.333333333333333,3.6,5.0,4.388888888888889,3.8333333333333335,7.333333333333333,3.75,4.7,4.166666666666667,3,6,3,9,4,7,11,24,11.0,8.0,40.0,83.33333333333334,100,1,1,2
1881,1.75,3.111111111111111,4.333333333333333,3.9,3.625,2.9444444444444446,3.9166666666666665,6.833333333333333,2.3333333333333335,3.9,3.6666666666666665,3,2,1,5,0,3,3,11,3.0,-6.0,60.0,33.33333333333333,50,2,1,0
1882,2.375,3.5555555555555554,4.555555555555555,4.0,2.75,1.6666666666666667,4.75,5.916666666666667,3.0833333333333335,4.4,4.833333333333333,2,5,4,7,2,2,4,18,6.0,4.0,40.0,66.66666666666666,25,3,1,3
1883,3.5,4.333333333333333,4.555555555555555,3.5,1.5,3.6666666666666665,5.833333333333333,8.416666666666666,3.6666666666666665,4.15,4.333333333333333,0,1,1,1,2,5,7,10,15.0,-5.0,60.0,83.33333333333334,50,1,0,1
1884,2.5,4.222222222222222,3.888888888888889,4.0,3.75,4.055555555555555,5.75,7.0,1.9166666666666667,4.05,2.8333333333333335,3,5,4,8,3,6,9,21,14.0,5.0,40.0,100.0,75,0,1,3
1885,1.25,4.111111111111111,3.7777777777777777,2.9,2.25,2.2777777777777777,3.1666666666666665,7.916666666666667,2.9166666666666665,4.6,5.0,3,5,3,8,3,7,10,24,6.0,-5.0,60.0,100.0,100,3,1,2
1886,2.125,4.111111111111111,4.888888888888889,4.6,1.875,4.277777777777778,6.25,7.583333333333333,4.75,4.1,4.166666666666667,2,1,1,3,2,3,5,12,10.0,7.0,60.0,83.33333333333334,75,3,1,0
1887,1.75,4.222222222222222,2.4444444444444446,3.0,2.375,3.5,7.5,5.75,4.083333333333333,3.3,1.0,2,6,1,8,3,7,10,22,14.0,6.0,40.0,66.66666666666666,100,3,1,0
1888,3.625,4.555555555555555,3.7777777777777777,4.4,2.5,4.333333333333333,5.916666666666667,8.666666666666666,2.75,4.1,4.0,3,4,1,7,2,2,4,14,25.0,4.0,80.0,83.33333333333334,25,2,1,0
1889,2.125,3.0,4.444444444444445,3.4,3.0,4.055555555555555,3.8333333333333335,6.666666666666667,4.5,4.15,4.5,1,3,1,4,2,5,7,15,20.0,2.0,40.0,66.66666666666666,50,3,1,0
1890,2.75,3.4444444444444446,5.0,3.5,1.625,3.3333333333333335,4.25,7.166666666666667,3.4166666666666665,3.1,2.1666666666666665,2,5,1,7,2,2,4,15,12.0,9.0,60.0,100.0,100,3,1,0
1891,3.0,3.888888888888889,3.7777777777777777,3.8,3.25,3.2222222222222223,5.0,6.666666666666667,4.0,4.45,3.5,1,3,2,4,4,3,7,13,9.0,-2.0,40.0,83.33333333333334,50,0,1,1
1892,3.25,4.444444444444445,3.2222222222222223,4.5,1.75,4.5,4.166666666666667,6.083333333333333,4.75,4.2,5.0,1,5,1,6,2,3,5,13,15.0,0.0,60.0,100.0,50,1,1,0
1893,1.625,3.7777777777777777,2.2222222222222223,3.5,4.5,3.2222222222222223,4.583333333333333,6.333333333333333,2.25,4.3,3.6666666666666665,2,5,2,7,4,6,10,23,2.0,-5.0,60.0,83.33333333333334,100,4,1,1
1894,3.375,4.0,4.444444444444445,3.1,3.0,2.2777777777777777,5.75,6.1,4.0,4.15,3.3333333333333335,3,5,2,8,3,6,9,20,20.0,15.0,40.0,100.0,100,1,1,1
1895,3.375,4.222222222222222,4.666666666666667,3.7,1.125,4.277777777777778,4.25,7.416666666666667,3.25,3.35,4.166666666666667,3,2,4,5,4,5,9,18,17.0,10.0,40.0,33.33333333333333,100,0,1,3
1896,3.25,4.333333333333333,3.111111111111111,3.5,3.375,3.2222222222222223,8.333333333333334,7.583333333333333,4.333333333333333,3.25,3.8333333333333335,1,1,0,2,3,5,8,12,20.0,12.0,100.0,50.0,75,2,0,0
1897,2.0,4.0,3.6666666666666665,3.2,2.625,3.4444444444444446,4.166666666666667,7.0,2.0833333333333335,3.05,3.3333333333333335,3,6,4,9,3,6,9,24,12.0,12.0,40.0,83.33333333333334,100,2,1,3
1898,2.375,3.6666666666666665,2.4444444444444446,4.2,3.625,3.0,6.833333333333333,6.666666666666667,4.166666666666667,4.3,2.1666666666666665,1,1,1,2,1,3,4,8,12.0,-10.0,60.0,66.66666666666666,50,1,0,1
1899,3.625,4.555555555555555,4.444444444444445,3.4,1.375,3.6666666666666665,4.166666666666667,7.333333333333333,2.75,4.25,4.0,2,3,1,5,4,6,10,19,16.0,5.0,60.0,66.66666666666666,25,3,0,1
1900,2.0,3.5555555555555554,2.2222222222222223,4.8,4.25,3.5555555555555554,5.5,7.333333333333333,3.75,4.15,3.3333333333333335,3,3,4,6,3,3,6,18,20.0,14.0,40.0,83.33333333333334,75,2,1,3
1901,1.75,3.0,4.444444444444445,4.2,3.75,3.0555555555555554,5.416666666666667,7.25,4.0,4.6,1.0,3,4,4,7,4,7,11,26,3.0,2.0,40.0,100.0,100,4,1,3
1902,3.125,4.222222222222222,3.3333333333333335,3.8,3.375,3.5555555555555554,6.333333333333333,7.833333333333333,3.1666666666666665,3.6,4.0,3,4,2,7,2,5,7,19,1.0,0.0,60.0,83.33333333333334,100,3,1,1
1903,3.625,2.7777777777777777,4.0,4.2,3.25,4.5,5.833333333333333,6.5,3.1666666666666665,3.65,4.0,3,6,3,9,4,7,11,25,9.0,12.0,40.0,83.33333333333334,100,2,1,2
1904,3.25,3.3333333333333335,4.111111111111111,4.5,3.125,3.3333333333333335,8.333333333333334,7.666666666666667,3.6666666666666665,3.6,3.6666666666666665,2,1,0,3,2,2,4,8,19.0,5.0,40.0,83.33333333333334,50,1,0,0
1905,1.875,3.5555555555555554,4.333333333333333,4.9,3.5,4.333333333333333,4.0,6.166666666666667,4.166666666666667,3.5,1.3333333333333333,3,6,2,9,3,5,8,20,18.0,4.0,60.0,33.33333333333333,75,1,0,2
1906,1.75,3.6666666666666665,3.0,3.7,3.125,3.1666666666666665,5.083333333333333,7.083333333333333,2.6666666666666665,3.6,4.0,3,1,3,4,2,3,5,15,13.0,0.0,40.0,66.66666666666666,75,3,1,2
1907,1.625,2.7777777777777777,3.5555555555555554,2.2,3.625,2.7777777777777777,5.416666666666667,6.916666666666667,3.75,4.0,4.0,2,6,1,8,4,6,10,20,10.0,9.0,40.0,66.66666666666666,100,1,1,0
1908,2.25,4.111111111111111,3.111111111111111,3.5,3.625,2.0555555555555554,4.5,6.25,3.9166666666666665,4.9,4.0,2,2,1,4,3,3,6,13,17.0,-8.0,60.0,33.33333333333333,50,2,1,0
1909,2.5,4.0,4.111111111111111,3.5,1.375,2.5555555555555554,3.75,7.333333333333333,2.5833333333333335,4.2,4.166666666666667,3,5,3,8,3,3,6,18,7.0,-5.0,40.0,100.0,25,1,1,2
1910,3.75,4.111111111111111,3.888888888888889,3.5,2.375,3.9444444444444446,5.916666666666667,6.666666666666667,4.416666666666667,3.25,4.333333333333333,3,6,2,9,4,5,9,21,16.0,7.0,40.0,66.66666666666666,100,1,0,2
1911,2.875,5.0,4.777777777777778,4.2,1.375,2.5,5.0,8.083333333333334,4.0,3.85,4.333333333333333,1,2,0,3,2,2,4,10,12.0,7.0,40.0,100.0,50,3,0,0
1912,2.625,3.5555555555555554,2.7777777777777777,3.6,3.625,3.888888888888889,5.166666666666667,6.666666666666667,3.8333333333333335,4.0,3.8333333333333335,3,4,4,7,3,3,6,20,14.0,4.0,60.0,66.66666666666666,75,3,1,3
1913,3.25,2.3333333333333335,3.111111111111111,4.2,4.5,2.8333333333333335,3.9166666666666665,5.916666666666667,2.5833333333333335,4.85,5.0,3,4,3,7,3,3,6,17,3.0,0.0,40.0,100.0,75,1,0,3
1914,3.875,4.666666666666667,4.555555555555555,4.5,2.0,4.111111111111111,5.416666666666667,7.916666666666667,4.0,4.2,4.166666666666667,2,5,0,7,2,4,6,17,8.0,-3.0,40.0,66.66666666666666,75,4,0,0
1915,2.5,2.3333333333333335,2.111111111111111,4.1,4.625,3.7777777777777777,5.416666666666667,5.166666666666667,2.3333333333333335,3.35,3.6666666666666665,3,6,3,9,4,7,11,26,-1.0,2.0,40.0,100.0,50,3,1,2
1916,4.75,4.888888888888889,3.6666666666666665,4.1,2.0,2.4444444444444446,7.0,8.333333333333334,2.8333333333333335,4.55,4.333333333333333,0,1,1,1,2,4,6,8,22.0,5.0,0.0,100.0,25,0,1,0
1917,2.625,4.888888888888889,4.666666666666667,4.4,2.375,4.166666666666667,6.583333333333333,7.75,4.25,4.6,5.0,2,2,2,4,2,4,6,16,9.0,5.0,40.0,66.66666666666666,75,4,1,1
1918,3.5,4.666666666666667,4.0,4.7,3.25,4.0,3.5833333333333335,8.166666666666666,2.5833333333333335,4.6,4.166666666666667,3,6,1,9,2,4,6,17,13.0,-5.0,40.0,83.33333333333334,50,1,1,0
1919,2.5,4.111111111111111,3.888888888888889,2.7,1.375,3.4444444444444446,4.0,6.666666666666667,3.0,4.05,2.6666666666666665,3,5,3,8,2,7,9,23,9.0,2.0,40.0,66.66666666666666,100,3,1,2
1920,2.625,3.0,3.0,3.7,2.0,2.0,5.833333333333333,5.25,3.0833333333333335,3.5,1.0,3,3,0,6,1,3,4,11,21.0,3.0,0.0,66.66666666666666,50,1,0,0
1921,2.75,4.888888888888889,4.888888888888889,3.7,2.75,3.888888888888889,5.75,8.833333333333334,3.0,4.45,4.0,3,3,1,6,4,7,11,22,4.0,1.0,40.0,100.0,25,4,1,0
1922,3.875,3.3333333333333335,3.888888888888889,4.1,3.875,4.055555555555555,5.083333333333333,5.833333333333333,2.6666666666666665,3.65,2.6666666666666665,3,4,4,7,4,3,7,19,16.0,0.0,20.0,83.33333333333334,100,1,1,3
1923,4.0,4.777777777777778,4.666666666666667,3.8,1.375,3.6666666666666665,4.0,6.833333333333333,3.8333333333333335,4.35,4.166666666666667,3,5,4,8,3,4,7,22,8.0,0.0,60.0,100.0,100,3,1,3
1924,1.0,4.111111111111111,2.2222222222222223,3.2,4.75,2.8333333333333335,4.333333333333333,6.583333333333333,2.5833333333333335,1.65,2.1666666666666665,1,4,4,5,4,7,11,23,4.0,2.0,40.0,83.33333333333334,100,3,1,3
1925,3.125,4.0,4.333333333333333,3.4,2.0,3.1666666666666665,6.083333333333333,5.916666666666667,3.0833333333333335,3.2,3.5,1,3,0,4,2,4,6,14,16.0,0.0,40.0,100.0,25,4,0,0
1926,3.625,4.444444444444445,3.6666666666666665,3.1,3.125,2.6666666666666665,4.25,6.0,2.6666666666666665,4.15,2.3333333333333335,3,2,3,5,3,5,8,19,19.0,5.0,40.0,66.66666666666666,100,3,0,3
1927,2.25,3.7777777777777777,4.888888888888889,5.0,1.5,4.944444444444445,5.333333333333333,6.25,4.5,3.85,1.8333333333333333,3,6,3,9,3,4,7,21,7.0,-2.0,60.0,83.33333333333334,100,2,0,3
1928,3.5,4.444444444444445,4.0,3.5,3.25,2.7777777777777777,6.166666666666667,8.666666666666666,3.1666666666666665,3.95,4.666666666666667,1,3,0,4,2,4,6,11,19.0,-5.0,40.0,66.66666666666666,75,1,0,0
1929,3.5,4.0,3.5555555555555554,3.8,3.75,4.055555555555555,3.1666666666666665,6.833333333333333,1.75,3.95,3.5,3,4,1,7,4,5,9,18,11.0,9.0,60.0,83.33333333333334,100,1,0,1
1930,2.0,3.2222222222222223,3.5555555555555554,3.2,4.375,3.7222222222222223,5.75,8.25,4.666666666666667,4.4,4.5,1,3,0,4,2,6,8,14,7.0,1.0,40.0,83.33333333333334,25,2,0,0
1931,2.625,2.888888888888889,4.555555555555555,3.5,2.75,3.111111111111111,3.5,4.666666666666667,2.1666666666666665,3.4,2.8333333333333335,3,4,4,7,4,5,9,23,5.0,3.0,40.0,83.33333333333334,75,3,1,3
1932,1.5,3.888888888888889,4.333333333333333,3.8,4.25,3.5,5.916666666666667,6.5,2.4166666666666665,3.75,3.1666666666666665,3,3,3,6,4,3,7,18,2.0,-5.0,40.0,83.33333333333334,100,2,0,3
1933,1.75,4.888888888888889,3.888888888888889,3.2,3.625,2.0,5.5,8.333333333333334,3.0,4.55,4.0,3,5,2,8,2,5,7,19,11.0,10.0,40.0,100.0,100,2,1,1
1934,2.625,2.888888888888889,2.6666666666666665,3.7,3.75,3.1666666666666665,6.25,7.0,1.8333333333333333,3.35,3.1666666666666665,2,3,0,5,2,3,5,12,18.0,-3.0,40.0,100.0,75,2,0,0
1935,3.625,4.0,4.777777777777778,4.6,1.375,4.5,5.666666666666667,7.166666666666667,3.0,3.25,3.0,2,5,4,7,2,5,7,20,15.0,14.0,60.0,100.0,100,2,1,3
1936,2.125,4.111111111111111,4.555555555555555,3.7,2.25,3.7222222222222223,5.666666666666667,9.0,3.4166666666666665,3.75,3.0,2,1,0,3,2,2,4,8,7.0,-13.0,60.0,50.0,100,1,0,0
1937,4.25,4.0,3.0,3.9,2.875,3.111111111111111,5.833333333333333,6.916666666666667,3.0833333333333335,4.45,4.0,1,3,1,4,2,4,6,11,16.0,2.0,60.0,83.33333333333334,50,0,0,1
1938,1.5,4.666666666666667,4.666666666666667,4.0,1.5,4.111111111111111,4.75,6.5,3.0833333333333335,4.25,3.5,3,5,1,8,3,5,8,17,21.0,6.0,60.0,66.66666666666666,75,0,1,0
1939,3.125,2.888888888888889,3.6666666666666665,3.0,3.0,3.4444444444444446,5.666666666666667,5.416666666666667,3.8333333333333335,3.75,3.8333333333333335,2,3,1,5,2,5,7,16,14.0,5.0,40.0,50.0,75,3,1,0
1940,4.5,3.6666666666666665,5.0,4.4,1.125,2.5,3.3333333333333335,6.166666666666667,3.8333333333333335,3.7,2.3333333333333335,3,6,3,9,3,3,6,21,-6.0,-10.0,40.0,66.66666666666666,100,3,1,2
1941,1.875,3.2222222222222223,4.666666666666667,4.0,3.5,3.888888888888889,6.416666666666667,6.833333333333333,3.4166666666666665,3.5,3.5,2,4,3,6,4,7,11,23,12.0,5.0,60.0,100.0,100,3,1,2
1942,3.25,4.222222222222222,4.555555555555555,4.2,1.5,3.5,4.166666666666667,6.416666666666667,3.0833333333333335,3.0,2.0,1,3,0,4,3,7,10,17,18.0,1.0,100.0,100.0,75,3,0,0
1943,2.625,2.2222222222222223,2.6666666666666665,3.5,4.625,2.5555555555555554,5.083333333333333,6.333333333333333,2.9166666666666665,4.55,2.5,2,2,0,4,2,3,5,11,25.0,-2.0,40.0,66.66666666666666,75,2,0,0
1944,1.125,2.2222222222222223,3.4444444444444446,3.3,4.875,2.0555555555555554,4.75,4.25,1.6666666666666667,4.55,2.6666666666666665,3,6,1,9,3,4,7,20,0.0,-10.0,40.0,66.66666666666666,75,3,1,0
1945,2.5,3.5555555555555554,4.0,4.6,3.875,3.7222222222222223,4.916666666666667,5.666666666666667,4.0,3.95,2.6666666666666665,2,5,3,7,4,4,8,20,10.0,5.0,40.0,100.0,100,2,1,2
1946,3.125,4.333333333333333,4.222222222222222,4.8,3.125,3.7222222222222223,4.0,7.416666666666667,3.9166666666666665,4.15,5.0,3,4,3,7,3,3,6,19,3.0,3.0,0.0,100.0,75,3,1,2
1947,2.875,3.4444444444444446,3.5555555555555554,3.8,3.875,2.4444444444444446,5.416666666666667,7.833333333333333,3.4166666666666665,3.45,3.6666666666666665,0,3,0,3,0,4,4,9,6.0,0.0,100.0,100.0,100,2,0,0
1948,2.875,4.555555555555555,2.888888888888889,3.4,4.25,2.0555555555555554,3.0833333333333335,7.083333333333333,2.4166666666666665,3.8,3.5,2,6,0,8,2,3,5,14,16.0,-5.0,40.0,83.33333333333334,75,1,0,0
1949,2.875,4.555555555555555,3.111111111111111,4.3,2.75,4.611111111111111,5.833333333333333,8.083333333333334,3.3333333333333335,4.05,4.333333333333333,2,2,1,4,2,4,6,13,17.0,8.0,60.0,66.66666666666666,50,2,1,0
1950,3.125,2.7777777777777777,3.888888888888889,4.0,2.5,3.888888888888889,3.8333333333333335,6.333333333333333,3.1666666666666665,4.3,4.333333333333333,3,6,0,9,2,4,6,18,12.0,9.0,40.0,83.33333333333334,50,3,0,0
1951,1.625,2.7777777777777777,3.0,4.1,2.875,3.2222222222222223,3.9166666666666665,4.583333333333333,3.6666666666666665,3.2,3.3333333333333335,3,5,2,8,4,7,11,23,9.0,7.0,40.0,66.66666666666666,100,2,0,2
1952,2.0,3.5555555555555554,2.6666666666666665,4.5,3.25,4.666666666666667,3.5,6.666666666666667,3.4166666666666665,3.85,3.8333333333333335,3,5,3,8,2,3,5,17,3.0,5.0,0.0,100.0,100,1,1,2
1953,3.125,3.7777777777777777,3.111111111111111,4.2,2.125,4.111111111111111,4.833333333333333,6.916666666666667,3.6666666666666665,3.45,4.166666666666667,3,4,3,7,4,7,11,25,13.0,8.0,40.0,100.0,75,4,1,2
1954,3.0,3.6666666666666665,3.2222222222222223,3.8,3.5,2.888888888888889,6.333333333333333,6.5,3.8333333333333335,3.1,4.166666666666667,0,2,1,2,2,2,4,10,14.0,-6.0,0.0,100.0,75,3,0,1
1955,4.125,4.666666666666667,4.111111111111111,3.9,2.125,3.4444444444444446,6.083333333333333,8.833333333333334,3.0,3.4,3.5,3,1,2,4,2,3,5,15,10.0,0.0,100.0,100.0,75,4,1,1
1956,2.625,3.7777777777777777,3.7777777777777777,3.3,3.75,2.2777777777777777,4.833333333333333,5.666666666666667,4.333333333333333,4.45,3.0,1,1,1,2,3,6,9,14,1.0,-8.0,60.0,66.66666666666666,75,2,1,0
1957,3.125,3.888888888888889,2.3333333333333335,3.6,4.5,3.5,5.083333333333333,8.25,1.9166666666666667,3.95,3.0,3,2,3,5,2,4,6,15,19.0,3.0,60.0,83.33333333333334,100,1,0,3
1958,3.5,5.0,5.0,4.2,1.5,4.222222222222222,7.25,8.5,4.333333333333333,4.3,5.0,2,1,1,3,2,2,4,9,26.0,5.0,20.0,83.33333333333334,0,1,0,1
1959,3.0,3.3333333333333335,2.888888888888889,3.2,3.0,2.8333333333333335,3.75,3.5833333333333335,2.4166666666666665,2.95,2.8333333333333335,1,0,2,1,1,4,5,12,30.0,0.0,60.0,100.0,50,4,1,1
1960,1.625,4.222222222222222,4.0,4.3,2.0,4.777777777777778,4.666666666666667,5.916666666666667,4.25,3.3,4.333333333333333,3,6,4,9,4,7,11,25,13.0,13.0,60.0,66.66666666666666,100,1,1,3
1961,2.875,4.444444444444445,3.5555555555555554,3.9,2.875,3.611111111111111,4.916666666666667,8.833333333333334,2.6666666666666665,3.65,3.8333333333333335,3,6,2,9,4,7,11,24,6.0,0.0,60.0,66.66666666666666,75,2,0,2
1962,2.75,3.4444444444444446,3.5555555555555554,3.7,2.75,3.111111111111111,3.3333333333333335,6.25,3.4166666666666665,3.8,3.8333333333333335,3,6,4,9,3,7,10,23,12.0,5.0,60.0,66.66666666666666,50,0,1,3
1963,4.0,3.6666666666666665,3.2222222222222223,4.4,3.0,3.888888888888889,4.666666666666667,7.166666666666667,3.8333333333333335,3.7,4.166666666666667,1,0,1,1,3,5,8,11,10.0,-5.0,60.0,66.66666666666666,75,1,0,1
1964,3.75,3.6666666666666665,3.111111111111111,3.9,4.0,3.5555555555555554,5.0,5.416666666666667,2.5,4.0,3.8333333333333335,2,4,3,6,4,6,10,23,7.0,2.0,40.0,83.33333333333334,75,4,1,2
1965,1.375,3.3333333333333335,3.0,3.1,3.625,2.5555555555555554,6.5,7.5,3.8333333333333335,3.65,2.0,3,3,1,6,2,3,5,12,18.0,0.0,100.0,16.666666666666664,50,0,1,0
1966,2.125,3.6666666666666665,3.0,3.9,3.375,3.7777777777777777,5.833333333333333,6.666666666666667,3.5833333333333335,4.35,4.166666666666667,2,5,3,7,3,4,7,20,10.0,5.0,40.0,66.66666666666666,100,3,1,2
1967,1.625,3.6666666666666665,2.0,2.6,4.625,2.4444444444444446,6.0,5.333333333333333,3.75,3.9,3.1666666666666665,3,6,3,9,2,3,5,17,22.0,-1.0,40.0,83.33333333333334,100,0,1,2
1968,4.25,4.777777777777778,2.7777777777777777,4.5,4.125,2.0555555555555554,3.75,7.833333333333333,2.25,5.0,5.0,3,4,1,7,2,3,5,14,16.0,-5.0,40.0,66.66666666666666,50,1,0,1
1969,1.5,4.666666666666667,3.888888888888889,4.4,1.875,3.2777777777777777,3.5,7.416666666666667,3.3333333333333335,4.85,5.0,2,3,0,5,3,3,6,13,12.0,3.0,60.0,100.0,50,2,0,0
1970,2.5,3.3333333333333335,3.0,4.5,2.25,3.611111111111111,3.9166666666666665,7.25,2.4166666666666665,4.9,3.0,2,2,1,4,2,3,5,10,25.0,-1.0,60.0,83.33333333333334,25,0,1,0
1971,2.75,3.4444444444444446,4.111111111111111,2.8,3.625,2.111111111111111,5.833333333333333,6.416666666666667,3.75,4.05,3.5,3,3,0,6,2,3,5,12,-2.0,-14.0,40.0,50.0,50,1,0,0
1972,2.0,3.6666666666666665,3.0,4.1,1.5,2.3333333333333335,4.333333333333333,6.25,3.4166666666666665,3.65,2.5,3,4,3,7,2,3,5,18,22.0,0.0,40.0,83.33333333333334,100,3,1,2
1973,2.625,3.4444444444444446,3.3333333333333335,3.3,3.125,3.0,6.666666666666667,7.083333333333333,3.3333333333333335,3.4,2.6666666666666665,2,0,0,2,2,3,5,9,12.0,-9.0,40.0,100.0,25,2,0,0
1974,1.75,4.222222222222222,3.6666666666666665,4.0,2.25,4.0,5.666666666666667,8.25,3.9166666666666665,3.65,3.3333333333333335,3,6,0,9,2,3,5,14,26.0,10.0,60.0,66.66666666666666,100,0,0,0
1975,1.625,4.444444444444445,2.888888888888889,4.3,4.125,3.7222222222222223,3.9166666666666665,7.833333333333333,3.0,3.9,2.3333333333333335,2,4,2,6,3,4,7,18,11.0,7.0,0.0,33.33333333333333,100,3,1,1
1976,2.5,3.6666666666666665,4.0,3.4,4.25,2.388888888888889,4.166666666666667,6.916666666666667,3.1666666666666665,3.85,3.5,2,2,2,4,2,3,5,12,8.0,2.0,40.0,83.33333333333334,25,1,1,1
1977,2.0,3.4444444444444446,3.0,3.8,3.75,2.388888888888889,5.0,6.833333333333333,3.8333333333333335,4.45,1.6666666666666667,3,3,4,6,2,3,5,19,11.0,5.0,40.0,66.66666666666666,100,4,1,3
1978,3.5,3.3333333333333335,3.0,3.0,3.0,3.0555555555555554,4.75,4.583333333333333,2.6666666666666665,2.85,3.1666666666666665,2,3,1,5,3,4,7,15,10.0,18.0,60.0,83.33333333333334,50,2,0,1
1979,2.125,4.333333333333333,4.666666666666667,4.0,1.625,3.888888888888889,4.416666666666667,5.333333333333333,3.6666666666666665,4.65,4.0,3,5,3,8,4,4,8,21,9.0,10.0,40.0,100.0,50,2,1,2
1980,2.375,5.0,3.4444444444444446,4.8,2.25,4.277777777777778,6.333333333333333,9.0,3.5,5.0,5.0,3,5,1,8,3,5,8,19,16.0,5.0,40.0,83.33333333333334,75,2,1,0
1981,1.0,2.7777777777777777,3.6666666666666665,3.2,4.875,3.8333333333333335,5.583333333333333,5.083333333333333,3.6666666666666665,3.55,2.1666666666666665,3,6,4,9,4,7,11,27,7.0,9.0,40.0,66.66666666666666,50,3,1,3
1982,2.5,4.111111111111111,3.888888888888889,3.6,2.625,3.8333333333333335,4.416666666666667,6.75,4.083333333333333,3.4,1.5,2,2,3,4,3,6,9,18,16.0,4.0,40.0,83.33333333333334,50,2,0,3
1983,1.5,4.222222222222222,3.2222222222222223,4.1,4.125,3.6666666666666665,4.375,7.6,3.3333333333333335,3.75,2.8333333333333335,3,5,3,8,4,6,10,24,14.0,8.0,60.0,66.66666666666666,50,3,0,3
1984,4.375,5.0,5.0,3.1,1.5,2.888888888888889,6.833333333333333,8.833333333333334,3.0,4.5,3.3333333333333335,3,5,1,8,2,4,6,18,7.0,0.0,40.0,100.0,100,3,1,0
1985,3.0,4.0,4.111111111111111,3.4,2.125,3.888888888888889,5.75,7.833333333333333,3.8333333333333335,3.7,4.5,2,4,0,6,2,4,6,13,17.0,6.0,40.0,83.33333333333334,50,1,0,0
1986,1.75,2.5555555555555554,3.888888888888889,3.4,3.75,3.2222222222222223,5.333333333333333,5.75,3.0,3.75,2.8333333333333335,2,3,4,5,2,3,5,17,19.0,6.0,40.0,83.33333333333334,75,3,1,3
1987,2.625,3.5555555555555554,3.888888888888889,3.3,2.375,3.2222222222222223,5.416666666666667,6.083333333333333,3.9166666666666665,3.25,3.6666666666666665,1,3,0,4,3,6,9,16,2.0,-2.0,40.0,83.33333333333334,100,3,0,0
1988,1.25,4.111111111111111,4.222222222222222,2.7,3.125,2.2222222222222223,4.333333333333333,8.0,3.0833333333333335,4.45,2.5,0,1,0,1,2,2,4,8,-3.0,-20.0,100.0,83.33333333333334,75,3,0,0
1989,2.0,3.888888888888889,2.7777777777777777,4.7,3.125,2.0555555555555554,3.25,7.666666666666667,3.6666666666666665,4.25,3.6666666666666665,3,6,3,9,3,6,9,23,12.0,5.0,60.0,66.66666666666666,100,2,1,2
1990,4.125,3.6666666666666665,3.7777777777777777,2.9,3.5,3.888888888888889,3.75,5.333333333333333,3.5,3.55,2.5,3,5,4,8,3,6,9,22,8.0,10.0,80.0,100.0,100,1,1,3
1991,1.375,3.888888888888889,3.5555555555555554,3.0,4.0,1.7222222222222223,4.0,6.666666666666667,1.75,3.45,3.5,2,3,1,5,3,6,9,18,12.0,5.0,40.0,83.33333333333334,75,3,1,0
1992,3.0,3.5555555555555554,4.888888888888889,4.9,2.875,4.055555555555555,3.6666666666666665,6.833333333333333,3.75,4.6,3.1666666666666665,3,5,2,8,2,3,5,18,20.0,3.0,40.0,50.0,75,3,1,1
1993,2.375,4.333333333333333,4.444444444444445,4.5,2.25,4.444444444444445,6.416666666666667,6.416666666666667,2.75,4.4,4.666666666666667,3,6,4,9,2,7,9,24,16.0,10.0,40.0,66.66666666666666,75,2,1,3
1994,2.625,3.6666666666666665,4.666666666666667,2.9,1.25,2.5555555555555554,5.75,6.166666666666667,3.75,2.65,1.0,0,2,0,2,4,7,11,13,2.0,-5.0,60.0,50.0,50,0,0,0
1995,3.125,3.4444444444444446,3.111111111111111,3.2,3.0,3.0555555555555554,6.166666666666667,6.166666666666667,3.5,2.7,4.333333333333333,2,3,0,5,1,4,5,11,4.0,-7.0,0.0,33.33333333333333,50,1,0,0
1996,3.875,2.2222222222222223,3.111111111111111,3.4,2.75,3.1666666666666665,4.083333333333333,5.916666666666667,2.0,4.2,3.3333333333333335,3,6,3,9,3,6,9,24,9.0,3.0,60.0,83.33333333333334,75,3,1,2
1997,3.875,4.111111111111111,2.6666666666666665,3.6,3.375,3.9444444444444446,4.416666666666667,7.25,2.1666666666666665,4.45,3.1666666666666665,3,5,0,8,4,6,10,21,-1.0,0.0,60.0,100.0,50,3,0,0
1998,1.625,4.222222222222222,3.7777777777777777,3.7,2.75,3.2777777777777777,2.9166666666666665,7.666666666666667,2.8333333333333335,3.75,4.166666666666667,2,5,4,7,3,6,9,23,14.0,0.0,60.0,83.33333333333334,75,3,1,3
1999,1.25,4.222222222222222,2.6666666666666665,1.7,4.0,1.0555555555555556,3.9166666666666665,6.75,4.0,4.65,2.6666666666666665,2,3,2,5,2,5,7,17,8.0,-2.0,60.0,66.66666666666666,100,3,0,2
2000,3.5,4.555555555555555,4.666666666666667,4.4,2.125,4.166666666666667,7.0,8.5,4.083333333333333,4.3,4.5,3,4,0,7,1,5,6,15,15.0,-5.0,40.0,33.33333333333333,75,2,0,0
2001,3.75,4.222222222222222,4.777777777777778,4.1,1.875,4.111111111111111,3.5833333333333335,7.666666666666667,3.8333333333333335,4.3,4.333333333333333,3,5,3,8,4,7,11,26,10.0,4.0,100.0,100.0,100,4,1,2
2002,1.5,3.4444444444444446,2.888888888888889,3.3,3.125,3.111111111111111,4.916666666666667,6.25,3.6666666666666665,3.1,2.0,2,6,3,8,4,6,10,21,15.0,8.0,60.0,66.66666666666666,50,0,0,3
2003,2.75,3.5555555555555554,3.6666666666666665,4.3,2.875,2.8333333333333335,6.5,7.666666666666667,3.1666666666666665,3.7,4.166666666666667,2,5,0,7,3,3,6,17,13.0,0.0,40.0,66.66666666666666,50,4,0,0
2004,2.625,3.7777777777777777,4.666666666666667,3.3,1.0,3.5555555555555554,6.5,5.5,3.0,2.6,2.3333333333333335,2,2,2,4,3,4,7,13,21.0,8.0,40.0,66.66666666666666,25,0,1,1
2005,2.25,4.222222222222222,4.222222222222222,3.6,3.125,3.5555555555555554,7.083333333333333,8.416666666666666,4.916666666666667,3.55,4.333333333333333,3,1,1,4,4,7,11,20,13.0,3.0,40.0,66.66666666666666,50,4,1,0
2006,1.25,3.6666666666666665,4.666666666666667,4.8,3.375,4.5,4.333333333333333,6.75,3.5,3.9,3.5,3,6,0,9,3,5,8,18,14.0,7.0,40.0,83.33333333333334,75,1,0,0
2007,3.0,3.0,3.0,3.0,3.0,3.0,1.0,1.0,3.0,3.0,3.0,3,5,4,8,2,7,9,22,10.0,0.0,60.0,83.33333333333334,100,1,1,3
2008,2.75,4.222222222222222,4.444444444444445,3.5,2.375,2.5555555555555554,8.833333333333334,8.916666666666666,4.333333333333333,3.55,3.5,3,5,1,8,2,7,9,22,3.0,-5.0,60.0,33.33333333333333,75,4,0,1
2009,1.75,4.333333333333333,3.3333333333333335,1.9,3.375,1.8888888888888888,3.9166666666666665,6.75,3.75,3.9,2.0,3,1,0,4,3,4,7,12,6.0,-4.0,40.0,100.0,75,1,0,0
2010,1.5,2.2222222222222223,3.2222222222222223,2.7,2.25,3.611111111111111,5.083333333333333,2.5833333333333335,1.0,2.65,3.0,2,4,3,6,4,3,7,18,-3.0,0.0,40.0,83.33333333333334,100,2,0,3
2011,3.0,3.7777777777777777,2.888888888888889,3.5,3.25,4.722222222222222,6.666666666666667,8.833333333333334,4.333333333333333,4.55,3.6666666666666665,3,4,1,7,2,4,6,14,21.0,3.0,60.0,83.33333333333334,100,0,1,0
2012,3.625,3.4444444444444446,3.4444444444444446,3.2,2.375,3.6666666666666665,6.583333333333333,6.083333333333333,3.8333333333333335,3.2,2.6666666666666665,2,1,0,3,2,3,5,9,3.0,-3.0,0.0,83.33333333333334,75,1,0,0
2013,2.375,4.222222222222222,4.111111111111111,4.1,3.0,3.4444444444444446,4.083333333333333,7.916666666666667,2.5,3.95,4.166666666666667,1,4,1,5,2,2,4,11,19.0,2.0,60.0,83.33333333333334,100,1,1,0
2014,3.25,3.111111111111111,2.888888888888889,3.4,3.75,3.3333333333333335,6.083333333333333,5.916666666666667,2.3333333333333335,4.0,3.6666666666666665,2,3,0,5,2,3,5,11,19.0,5.0,40.0,83.33333333333334,75,1,0,0
2015,2.875,4.555555555555555,3.2222222222222223,2.6,2.25,1.6666666666666667,3.8333333333333335,8.916666666666666,4.083333333333333,3.85,3.3333333333333335,2,5,1,7,2,3,5,16,19.0,-3.0,100.0,100.0,25,3,1,0
2016,2.25,4.222222222222222,3.111111111111111,3.6,2.75,4.222222222222222,4.083333333333333,8.083333333333334,3.1666666666666665,4.4,4.333333333333333,2,6,1,8,2,3,5,16,13.0,6.0,60.0,50.0,50,2,1,0
2017,1.25,3.0,2.5555555555555554,3.4,4.0,3.0,4.666666666666667,5.75,2.5833333333333335,4.2,2.8333333333333335,2,6,2,8,2,7,9,21,14.0,15.0,60.0,66.66666666666666,50,2,0,2
2018,2.125,3.5555555555555554,2.7777777777777777,3.1,2.625,3.111111111111111,5.916666666666667,5.583333333333333,4.25,3.05,2.3333333333333335,3,2,3,5,3,6,9,18,7.0,5.0,40.0,66.66666666666666,100,1,1,2
2019,1.625,3.4444444444444446,1.8888888888888888,4.7,4.75,4.0,4.75,7.666666666666667,1.9166666666666667,4.65,4.0,2,5,4,7,3,5,8,22,8.0,5.0,40.0,83.33333333333334,50,3,1,3
2020,1.75,4.444444444444445,4.555555555555555,3.8,2.5,3.111111111111111,4.416666666666667,6.583333333333333,3.75,2.9,2.3333333333333335,3,3,4,6,3,6,9,21,-11.0,0.0,40.0,100.0,75,2,1,3
2021,2.125,3.7777777777777777,4.111111111111111,3.7,4.5,2.611111111111111,5.416666666666667,7.666666666666667,4.25,4.55,3.0,3,6,2,9,4,7,11,25,11.0,6.0,40.0,83.33333333333334,50,3,1,1
2022,4.625,4.888888888888889,4.777777777777778,4.6,1.0,4.333333333333333,6.166666666666667,7.583333333333333,2.6666666666666665,3.75,2.8333333333333335,3,6,3,9,2,3,5,17,18.0,5.0,40.0,100.0,75,0,1,2
2023,2.25,3.6666666666666665,3.4444444444444446,4.1,3.75,2.6666666666666665,4.416666666666667,6.916666666666667,2.5,4.0,2.3333333333333335,2,1,0,3,2,3,5,8,13.0,-9.0,40.0,100.0,50,0,0,0
2024,3.75,4.111111111111111,3.5555555555555554,4.1,2.75,2.6666666666666665,4.909090909090909,7.833333333333333,4.75,4.5,5.0,3,5,0,8,2,4,6,14,24.0,3.0,40.0,100.0,75,0,0,0
2025,3.5,2.3333333333333335,1.7777777777777777,3.5,4.625,1.0,2.4166666666666665,6.25,4.583333333333333,4.6,2.3333333333333335,2,4,1,6,3,6,9,19,4.0,-5.0,60.0,100.0,100,3,1,0
2026,1.75,4.0,3.7777777777777777,3.1,3.0,2.7222222222222223,3.8333333333333335,6.0,3.6666666666666665,3.8,4.0,3,4,2,7,4,5,9,20,19.0,5.0,40.0,83.33333333333334,100,2,1,1
2027,1.0,2.0,3.4444444444444446,1.0,2.375,1.1666666666666667,2.5,4.0,1.75,1.5,2.5,2,4,3,6,2,3,5,18,16.0,10.0,40.0,66.66666666666666,50,4,1,2
2028,3.25,4.0,4.555555555555555,3.2,1.375,3.6666666666666665,3.6666666666666665,6.583333333333333,3.9166666666666665,3.8,3.5,3,6,4,9,3,5,8,23,4.0,7.0,40.0,83.33333333333334,75,2,1,3
2029,3.0,3.2222222222222223,3.2222222222222223,4.2,3.5,3.2222222222222223,5.083333333333333,6.25,3.5833333333333335,3.0,3.6666666666666665,1,4,0,5,2,3,5,12,18.0,10.0,20.0,100.0,50,2,0,0
2030,4.75,4.888888888888889,5.0,3.8,1.0,3.611111111111111,4.083333333333333,9.0,3.5833333333333335,4.75,3.5,2,3,1,5,2,1,3,10,15.0,-6.0,60.0,83.33333333333334,75,1,0,1
2031,4.0,4.0,4.222222222222222,4.2,1.625,4.0,5.416666666666667,8.833333333333334,2.9166666666666665,3.5,2.8333333333333335,1,5,3,6,1,3,4,15,20.0,0.0,60.0,66.66666666666666,75,2,1,2
2032,4.75,3.3333333333333335,4.111111111111111,4.7,2.5,3.7222222222222223,5.5,5.833333333333333,2.1666666666666665,4.5,2.8333333333333335,3,5,4,8,4,7,11,26,10.0,11.0,40.0,83.33333333333334,50,3,1,3
2033,4.0,3.4444444444444446,3.3333333333333335,3.1,3.625,2.8333333333333335,5.416666666666667,7.333333333333333,3.3333333333333335,3.8,2.6666666666666665,2,2,4,4,1,4,5,17,15.0,2.0,40.0,66.66666666666666,75,4,1,3
2034,3.5,3.7777777777777777,2.7777777777777777,3.7,1.5,3.2777777777777777,4.166666666666667,5.75,3.5833333333333335,3.2,4.166666666666667,2,4,0,6,3,5,8,15,12.0,7.0,40.0,83.33333333333334,25,1,0,0
2035,3.875,3.6666666666666665,3.5555555555555554,4.0,4.125,3.1666666666666665,4.75,8.25,3.0,4.75,4.0,2,1,3,3,3,3,6,14,6.0,5.0,40.0,83.33333333333334,100,2,0,3
2036,4.0,3.888888888888889,3.7777777777777777,3.4,3.0,3.4444444444444446,5.833333333333333,5.583333333333333,2.6666666666666665,3.15,1.3333333333333333,3,6,2,9,2,7,9,21,4.0,5.0,40.0,50.0,100,1,0,2
2037,2.0,3.7777777777777777,4.333333333333333,3.3,3.25,4.111111111111111,4.0,5.333333333333333,2.6666666666666665,3.9,2.6666666666666665,3,4,3,7,2,6,8,21,9.0,0.0,60.0,66.66666666666666,75,3,1,2
2038,3.5,3.7777777777777777,4.222222222222222,3.4,3.125,3.7222222222222223,8.833333333333334,8.333333333333334,4.166666666666667,3.75,2.0,1,1,0,2,1,3,4,9,21.0,0.0,0.0,100.0,100,3,0,0
2039,2.25,4.555555555555555,5.0,4.9,1.0,4.166666666666667,4.0,7.666666666666667,2.3333333333333335,3.7,3.0,3,6,4,9,4,6,10,26,8.0,4.0,20.0,83.33333333333334,100,3,1,3
2040,2.25,3.0,3.111111111111111,4.2,3.75,2.7222222222222223,4.333333333333333,6.833333333333333,2.5,3.1,4.333333333333333,1,3,3,4,3,5,8,17,23.0,10.0,40.0,83.33333333333334,100,2,0,3
2041,3.5,4.111111111111111,4.111111111111111,4.7,2.875,4.833333333333333,4.916666666666667,7.083333333333333,3.9166666666666665,3.85,4.166666666666667,3,6,4,9,4,7,11,25,15.0,20.0,0.0,16.666666666666664,75,1,1,3
2042,1.875,3.888888888888889,3.7777777777777777,2.3,2.25,2.2222222222222223,4.083333333333333,6.583333333333333,2.5,3.8,4.0,3,4,1,7,4,6,10,22,4.0,5.0,60.0,66.66666666666666,100,4,0,1
2043,2.75,4.0,3.6666666666666665,3.3,4.0,3.388888888888889,3.5833333333333335,6.5,2.5833333333333335,4.65,4.166666666666667,0,2,0,2,3,5,8,11,9.0,5.0,100.0,100.0,100,1,0,0
2044,3.0,4.111111111111111,4.555555555555555,4.2,1.5,3.0,6.916666666666667,6.818181818181818,4.666666666666667,3.4,1.0,2,5,1,7,2,4,6,14,6.0,-10.0,40.0,100.0,50,0,0,1
2045,2.75,4.0,3.6666666666666665,3.8,3.375,3.388888888888889,6.166666666666667,7.416666666666667,3.3333333333333335,4.15,4.333333333333333,2,6,1,8,3,6,9,22,8.0,5.0,40.0,100.0,75,4,0,1
2046,2.125,4.0,2.7777777777777777,4.6,2.5,3.3333333333333335,4.416666666666667,7.2727272727272725,4.25,4.05,4.166666666666667,2,3,2,5,2,4,6,16,4.0,2.0,40.0,66.66666666666666,50,3,1,1
2047,4.5,4.555555555555555,4.222222222222222,4.5,2.5,4.222222222222222,5.666666666666667,7.0,2.4166666666666665,4.45,1.6666666666666667,3,4,3,7,3,4,7,20,18.0,13.0,40.0,83.33333333333334,100,3,1,2
2048,2.75,3.5555555555555554,3.0,3.9,4.125,2.5555555555555554,5.666666666666667,6.583333333333333,4.916666666666667,4.9,3.8333333333333335,2,5,1,7,2,4,6,17,13.0,-5.0,40.0,66.66666666666666,100,3,0,1
2049,3.25,3.3333333333333335,4.222222222222222,4.6,4.125,4.111111111111111,5.583333333333333,7.0,3.9166666666666665,4.7,3.8333333333333335,2,4,3,6,2,3,5,14,18.0,-8.0,60.0,83.33333333333334,75,0,1,2
2050,2.625,3.888888888888889,3.3333333333333335,3.7,3.125,3.4444444444444446,6.166666666666667,7.833333333333333,4.75,4.15,4.333333333333333,3,4,0,7,1,3,4,12,23.0,5.0,40.0,66.66666666666666,25,1,0,0
2051,3.875,5.0,5.0,3.8,1.375,3.8333333333333335,8.333333333333334,8.5,4.75,4.5,4.833333333333333,3,4,1,7,2,5,7,16,9.0,-10.0,40.0,83.33333333333334,50,1,0,1
2052,4.0,4.777777777777778,3.888888888888889,4.4,2.375,4.055555555555555,3.8333333333333335,6.833333333333333,2.3333333333333335,4.45,4.666666666666667,2,3,4,5,3,3,6,17,23.0,5.0,60.0,100.0,75,2,1,3
2053,3.625,4.111111111111111,4.777777777777778,3.1,1.5,3.0,7.333333333333333,7.416666666666667,3.5833333333333335,3.65,4.5,0,0,0,0,2,0,2,3,39.0,14.0,60.0,50.0,50,1,0,0
2054,4.125,5.0,5.0,3.5,1.125,4.555555555555555,5.916666666666667,7.583333333333333,3.25,4.9,5.0,0,3,1,3,2,4,6,12,20.0,2.0,40.0,83.33333333333334,75,2,1,0
2055,1.25,4.777777777777778,3.5555555555555554,4.5,2.625,4.555555555555555,3.0,7.25,1.6666666666666667,4.75,4.5,3,6,2,9,4,7,11,25,11.0,8.0,60.0,66.66666666666666,100,3,1,1
2056,3.25,4.111111111111111,3.5555555555555554,3.0,2.875,3.5555555555555554,7.333333333333333,7.333333333333333,3.5,3.45,4.333333333333333,2,3,0,5,1,3,4,10,12.0,-13.0,0.0,66.66666666666666,50,1,0,0
2057,2.0,3.888888888888889,3.3333333333333335,3.9,4.375,3.8333333333333335,5.666666666666667,7.75,4.416666666666667,4.75,4.666666666666667,2,5,2,7,4,3,7,16,10.0,-4.0,40.0,50.0,100,0,1,1
2058,4.5,4.444444444444445,5.0,4.2,2.75,4.777777777777778,7.083333333333333,6.083333333333333,4.583333333333333,4.8,4.0,2,5,4,7,3,6,9,21,16.0,17.0,40.0,83.33333333333334,100,1,1,3
