TWIN_ID,score_socialdesirability,score_conscientiousness,score_anxiety,score_HI,score_VI,score_HC,score_VC,score_finliteracy,score_numeracy,score_deductive_certainty,score_forwardflow,score_discount,score_presentbias,score_riskaversion,score_lossaversion,score_trustgame_sender,score_trustgame_receiver
1,5,8,27,4.25,4.5,3.75,5.0,3,3,4,0.8009517150572342,0.0,0.0,0.3055555555555556,no switch,40.0,33.0
2,7,3,48,3.0,2.25,4.0,3.25,4,7,4,0.8757178274313049,0.0,0.0,0.45555555555555555,no switch,40.0,46.0
3,6,8,1,3.75,3.5,3.75,3.75,5,2,4,0.8268360118098744,4717.878902760957,0.0,-0.4222222222222222,no switch,40.0,68.0
4,8,8,0,4.5,1.5,5.0,5.0,6,6,4,0.7839073552766544,0.0,0.0,0.09999999999999999,no switch,60.0,59.0
5,3,5,9,3.25,2.75,2.25,3.5,4,7,4,0.8004895915765905,8.944379741508454,0.22708333333333333,-0.12777777777777777,no switch,0.0,44.0
6,12,8,3,5.0,1.75,4.25,4.5,5,6,4,0.8660935833921783,0.0,0.0,0.06666666666666667,0.9036683083403806,20.0,31.0
7,3,3,13,5.0,2.75,4.25,3.5,3,4,4,0.7657410292333582,22374334.053141396,0.0,0.12222222222222223,no switch,0.0,0.0
8,0,8,8,4.0,4.0,2.75,4.25,3,7,4,0.8164669904815953,no switch,no switch,no switch,no switch,20.0,18.0
9,6,8,8,4.5,2.25,4.25,4.0,7,8,4,0.8159822772811235,87.99940363439786,0.008333333333333333,0.16111111111111112,0.9160046386840262,40.0,40.0
10,2,3,11,2.75,1.25,4.25,3.25,7,8,4,0.8278577878813734,4.825761367031629,0.0,0.29444444444444445,0.35745297230435336,40.0,46.0
11,1,8,10,5.0,1.0,3.75,4.5,5,2,4,0.7558735361532377,0.0,0.016666666666666666,0.16666666666666666,no switch,40.0,55.0
12,10,8,0,5.0,2.5,3.5,4.0,7,8,4,0.8239517352045855,0.0,0.016666666666666666,0.049999999999999996,no switch,100.0,30.0
13,11,8,6,5.0,2.0,4.75,4.0,3,3,4,0.800414227369919,398.0649639559679,0.011111111111111108,0.6111111111111112,no switch,60.0,48.0
14,9,8,0,3.5,2.0,2.75,1.75,5,7,4,0.7697856253249273,0.0,0.0,0.39999999999999997,0.27613572389923235,60.0,34.0
15,4,7,1,3.25,2.75,3.5,3.25,6,3,4,0.8039323751223569,0.0,0.0,0.6111111111111112,no switch,40.0,33.0
16,1,8,2,4.0,2.0,4.0,4.0,5,5,4,0.8899019983591839,0.9315923415345702,0.16041666666666668,0.27777777777777773,no switch,100.0,45.0
17,9,8,1,5.0,1.0,3.5,2.0,6,8,4,0.7872392542098618,-0.9711920821388641,0.13055555555555554,0.6111111111111112,no switch,40.0,45.0
18,1,8,14,3.5,2.25,2.75,3.5,6,7,4,0.8098600601713843,0.0,0.0,0.05000000000000001,0.9893366943393028,60.0,55.0
19,2,5,7,4.0,4.0,4.75,3.75,4,3,4,0.762786541766349,0.0,0.0,-0.6666666666666666,no switch,0.0,0.0
20,5,4,3,4.5,3.75,3.25,4.5,5,4,4,0.8525888891383944,4.825761367031629,0.024305555555555552,0.016666666666666666,0.8876099747089672,20.0,37.0
21,1,8,12,4.5,4.0,4.25,4.25,5,7,4,0.8407772814518187,0.0,0.0,0.25,0.2684888601223636,60.0,40.0
22,1,8,13,4.75,2.25,3.25,3.5,4,7,3,0.8231044452290618,20772.84470154402,-0.020833333333333332,-0.1111111111111111,no switch,20.0,45.0
23,5,8,0,5.0,4.25,5.0,5.0,7,7,4,0.834491106014652,-0.333223269233891,0.05555555555555555,-0.06666666666666667,0.9514758127934604,100.0,54.0
24,6,1,18,3.5,4.0,1.5,2.25,4,3,4,0.7342874211526598,354.711425233053,0.325,0.6111111111111112,no switch,100.0,5.0
25,13,8,1,4.5,2.0,5.0,5.0,2,2,4,0.6901327407921023,0.0,0.0,0.5277777777777778,no switch,20.0,15.0
26,10,8,0,5.0,1.5,4.5,1.75,5,1,3,0.9112196928555655,0.0,0.0,-0.2222222222222222,no switch,20.0,42.0
27,3,1,2,4.25,2.75,4.0,3.25,6,8,4,0.8204558586673555,-0.333223269233891,0.05555555555555555,0.29444444444444445,0.402001229868926,40.0,40.0
28,5,4,6,4.75,3.25,3.25,3.0,4,4,4,0.7677398785824938,44.46995909249589,0.020833333333333332,0.21666666666666667,no switch,60.0,55.0
29,6,6,1,5.0,1.0,5.0,3.0,6,5,4,0.7973631016621642,0.0,0.0,0.41111111111111115,no switch,40.0,45.0
30,0,7,0,5.0,3.0,4.0,4.25,3,7,4,0.8210791378624335,no switch,no switch,no switch,no switch,100.0,55.0
31,0,2,32,4.0,1.5,4.0,2.0,2,3,4,0.8506508774953425,0.0,0.0,0.06666666666666667,no switch,40.0,45.0
32,3,8,59,4.0,1.0,2.5,3.0,4,3,4,0.7280331721288362,0.0,0.5,0.6111111111111112,no switch,0.0,0.0
33,0,8,10,5.0,3.5,3.5,3.5,5,5,4,0.8486899094627506,350.00192409326706,0.13055555555555554,0.3277777777777778,no switch,40.0,45.0
34,3,8,9,4.25,4.75,3.25,4.0,4,6,4,0.8316632884455705,0.0,0.13055555555555554,0.2333333333333333,no switch,0.0,0.0
35,7,8,4,2.25,1.5,4.5,4.75,5,6,4,0.6770381138470839,0.0,0.0,0.0,0.5460764865850027,40.0,55.0
36,13,8,0,5.0,2.5,5.0,3.5,6,5,4,0.8080035329197377,0.0,0.0,-0.43333333333333335,no switch,100.0,67.0
37,9,4,14,4.0,1.25,3.25,3.5,6,7,4,0.8706504548132487,22.469387833789707,0.11388888888888887,0.3277777777777778,0.3244460592562617,60.0,36.0
38,7,8,0,4.0,4.0,4.0,4.0,5,6,2,0.7692085340748668,1035.5284881787063,0.375,no switch,no switch,0.0,0.0
39,9,6,5,3.5,3.0,5.0,4.25,4,4,4,0.811130262109745,350.00192409326706,0.03472222222222222,0.0,0.8876099747089672,60.0,58.0
40,5,7,24,3.0,2.0,3.75,4.0,5,2,4,0.7936550193257973,0.0,0.16666666666666666,0.005555555555555564,no switch,0.0,22.0
41,0,8,14,3.75,3.5,4.25,4.0,4,7,4,0.8459806045257056,no switch,no switch,no switch,no switch,40.0,44.0
42,8,8,0,4.75,2.25,4.0,4.0,7,8,4,0.8342909117198576,0.0,0.0,0.18888888888888888,0.614833339792824,60.0,31.0
43,7,4,0,3.25,3.5,4.0,3.5,6,2,2,0.733658353776377,398.0649639559679,0.03888888888888888,0.3611111111111111,no switch,40.0,20.0
44,10,8,6,4.75,1.0,4.75,3.0,6,5,3,0.8234692283419098,0.0,0.5,0.5555555555555555,no switch,100.0,36.0
45,12,8,1,3.75,3.5,4.25,4.0,6,7,4,0.6577354641657119,0.9315923415345702,0.04027777777777777,0.022222222222222216,1.2662608776815762,20.0,25.0
46,3,0,0,4.75,2.75,1.5,1.5,5,8,4,0.7994250492885346,4.4290965517728935,-0.032638888888888884,0.5555555555555555,no switch,0.0,0.0
47,6,7,8,3.75,3.0,3.0,2.75,6,8,3,0.8387404614248096,478216134.9835804,0.0375,0.022222222222222227,no switch,40.0,26.0
48,8,8,0,5.0,3.5,4.5,4.5,5,7,4,0.7302672713555771,109.95741500707037,0.09722222222222221,0.05000000000000001,no switch,20.0,52.0
49,8,8,8,4.5,1.5,4.0,4.5,5,8,4,0.80989160356962,800.3097404595413,0.2111111111111111,0.0,no switch,40.0,42.0
50,8,8,6,4.5,2.5,3.25,3.0,5,5,4,0.7815149647031331,0.0,0.0,0.6111111111111112,no switch,0.0,33.0
51,10,6,19,4.25,3.75,4.75,4.5,5,7,4,0.8270169387032753,1054306.757844989,-0.06041666666666667,0.16666666666666666,0.8594045729305367,40.0,38.0
52,4,8,4,4.0,1.5,4.0,2.0,7,8,4,0.8256126187738474,800.3097404595413,-0.15,0.016666666666666666,1.4319669686588992,100.0,45.0
53,0,5,3,4.75,2.0,3.0,2.75,6,7,4,0.8340368233949125,4717.878902760957,0.0,0.4277777777777778,no switch,40.0,45.0
54,3,4,9,4.5,3.75,3.5,4.75,6,4,4,0.8466368097683814,2251799847239679.0,-0.3875,-0.15000000000000002,no switch,20.0,32.0
55,9,8,2,4.75,2.25,4.75,4.75,6,6,4,0.7812416578060436,0.0,0.03333333333333333,0.1722222222222222,no switch,40.0,36.0
56,5,5,6,4.75,4.0,4.5,4.75,3,3,4,0.7828185414652257,0.0,0.0,0.0,no switch,20.0,46.0
57,11,8,0,4.75,1.5,5.0,5.0,4,3,4,0.8232642899859403,11.088654034483389,0.24027777777777778,no switch,no switch,40.0,38.0
58,6,8,1,4.75,2.5,3.5,3.5,6,7,3,0.8048019052750739,6.315711348672657,-0.02847222222222222,0.24444444444444446,no switch,40.0,45.0
59,8,8,2,4.25,3.75,4.25,4.0,6,6,4,0.8057631911712296,4.825761367031629,0.048611111111111105,-0.43333333333333335,no switch,40.0,33.0
60,9,7,4,5.0,1.25,5.0,5.0,4,4,4,0.8441211383940449,4381.927524364243,0.020833333333333332,-0.17777777777777778,no switch,40.0,45.0
61,8,8,1,4.25,3.0,4.5,5.0,6,4,4,0.8290689697057328,4823.010556400996,0.09999999999999999,0.16666666666666666,no switch,60.0,59.0
62,6,8,24,5.0,2.25,4.0,3.75,6,2,4,0.7729661060989951,59.87543536205695,0.15486111111111112,0.3333333333333333,no switch,40.0,33.0
63,5,7,19,5.0,2.0,4.0,4.25,5,3,3,0.7792609813349652,0.0,0.008333333333333333,0.2777777777777778,no switch,20.0,40.0
64,8,7,6,3.75,3.0,3.75,4.5,2,6,2,0.8030250769007382,4717.878902760957,0.1486111111111111,0.6111111111111112,no switch,40.0,47.0
65,1,5,19,5.0,2.0,4.5,3.5,6,5,4,0.871157653504418,0.0,0.34722222222222215,0.21666666666666667,no switch,100.0,36.0
66,4,8,1,3.0,2.5,4.25,4.5,6,5,4,0.8324733816967274,1046448.5942936015,-0.024999999999999998,0.24444444444444444,no switch,40.0,55.0
67,0,8,3,5.0,2.75,3.75,2.75,4,8,4,0.8325896820343528,no switch,no switch,no switch,no switch,40.0,36.0
68,0,2,41,3.0,4.75,4.0,4.75,3,1,4,0.9005186830942111,no switch,no switch,no switch,no switch,40.0,36.0
69,6,5,31,3.5,3.75,4.0,4.0,5,4,3,0.8500703175358958,12.871049504701228,-0.01875,0.20555555555555552,1.1785330472149764,20.0,19.0
70,0,8,7,3.75,2.75,3.75,3.75,3,4,2,0.8289086756458579,no switch,no switch,no switch,no switch,20.0,30.0
71,11,7,1,4.0,1.75,4.25,4.0,7,5,4,0.7632511081993294,3.601038515027446,0.03819444444444444,0.2611111111111111,0.24170926159244435,100.0,55.0
72,3,7,2,3.25,3.75,4.0,4.0,6,7,4,0.8509084971074605,16750.143885602567,0.09583333333333333,-0.027777777777777776,1.1932940268453456,0.0,0.0
73,3,8,2,4.5,3.5,3.25,3.25,6,8,4,0.8653657830105401,4374.1066855755535,-0.06666666666666667,-0.03333333333333333,1.0231540847318463,0.0,0.0
74,7,8,11,3.75,2.75,3.5,3.5,6,6,4,0.8314822185257934,0.0,0.13055555555555554,0.6111111111111112,no switch,100.0,52.0
75,7,8,2,4.5,3.25,4.0,4.25,6,2,3,0.779258495694546,0.0,0.0,-0.4,no switch,40.0,65.0
76,9,1,3,4.0,2.0,2.0,2.25,3,2,2,0.680168114407007,248.01046840699436,0.178125,0.6111111111111112,no switch,40.0,42.0
77,3,0,15,5.0,1.5,3.0,3.25,3,5,4,0.8186647950829521,4428.085637298981,0.010416666666666666,0.0,no switch,20.0,36.0
78,7,8,8,3.75,3.0,4.25,4.25,6,8,4,0.7843118645152892,345.4866409035315,-0.049999999999999996,-0.011111111111111108,2.2000986450050557,100.0,29.0
79,5,7,13,4.75,2.75,3.75,3.0,4,5,4,0.8717912653329758,0.0,0.0,-0.37222222222222223,no switch,60.0,60.0
80,5,8,2,5.0,5.0,3.5,4.0,6,7,4,0.8136313388353675,0.0,0.0,-0.016666666666666666,1.0920204981756645,0.0,33.0
81,5,5,2,4.25,2.75,2.5,2.75,6,7,4,0.8680621254750437,0.0,0.0,0.011111111111111108,0.8769916274216562,40.0,35.0
82,7,7,15,3.25,1.5,4.25,4.25,2,3,4,0.8359439021941035,4.4290965517728935,0.05972222222222221,-0.2722222222222222,no switch,40.0,33.0
83,10,8,7,5.0,3.25,4.0,4.25,6,7,4,0.7325619905168105,4.825761367031629,-0.016666666666666666,-0.1111111111111111,1.1435767577227596,100.0,33.0
84,3,8,12,5.0,3.25,4.25,2.75,5,8,4,0.8625840609937518,-0.333223269233891,0.05555555555555555,0.2722222222222222,no switch,100.0,100.0
85,8,8,3,5.0,4.0,4.0,4.25,6,7,4,0.8090233938905556,0.0,0.0,0.09999999999999999,no switch,100.0,46.0
86,1,8,16,4.75,4.0,2.75,4.75,5,5,4,0.6770165137669872,479262535.68222666,0.14722222222222223,-0.08333333333333333,no switch,100.0,45.0
87,12,8,0,4.5,2.0,5.0,5.0,7,4,4,0.7734572757173257,0.0,0.008333333333333333,-0.0111111111111111,no switch,60.0,54.0
88,5,6,34,4.0,3.75,3.75,3.75,6,8,4,0.7666885990109625,-0.9978118916031595,0.25,0.22777777777777777,no switch,60.0,50.0
89,8,8,10,4.75,3.0,3.5,3.75,6,3,4,0.817644173751302,195413.53807076762,-0.03333333333333333,-0.1111111111111111,no switch,40.0,48.0
90,5,5,9,4.0,2.25,4.0,3.0,6,6,4,0.882245407038816,0.0,0.0,0.06666666666666667,0.9705095293688435,40.0,45.0
91,6,8,1,4.0,2.75,3.75,4.0,6,4,4,0.8036666133077314,22390283.88728654,-0.07638888888888888,0.016666666666666663,no switch,100.0,46.0
92,1,4,6,5.0,3.0,3.0,4.25,4,2,4,0.8093757026854878,0.0,0.3361111111111111,0.011111111111111108,0.9160046386840262,20.0,15.0
93,5,8,3,5.0,3.5,4.0,3.5,6,8,4,0.8234224495188072,0.3104781772960677,0.0,-0.061111111111111116,1.3501209091277144,100.0,33.0
94,11,8,0,4.0,3.0,4.0,3.75,6,5,4,0.8118660588340046,4533.21729093902,0.11041666666666666,0.1722222222222222,no switch,40.0,29.0
95,4,6,11,2.0,2.0,2.5,4.0,5,1,3,0.8037195156965948,1501199877031962.8,0.041666666666666664,0.5777777777777778,no switch,20.0,38.0
96,8,8,8,4.75,2.0,3.5,5.0,6,8,4,0.8350239959523187,1501200354006399.8,-0.05277777777777778,-0.16111111111111112,no switch,60.0,52.0
97,10,2,24,2.25,3.75,3.25,3.0,5,4,4,0.8141997797026488,4717.878902760957,-0.013888888888888888,-0.06666666666666667,no switch,100.0,80.0
98,4,8,5,3.5,3.0,4.0,3.25,6,5,4,0.7876881345374699,0.0,0.016666666666666666,0.1388888888888889,no switch,60.0,55.0
99,11,8,0,4.25,3.5,3.75,3.25,7,7,4,0.8073410203347346,0.0,0.0,0.24444444444444446,0.6687439252029594,0.0,55.0
100,5,7,3,4.0,1.75,3.75,2.25,6,8,4,0.8123264186706791,4735.5225292277155,0.049999999999999996,0.06666666666666667,0.7221524042906404,60.0,33.0
101,4,6,1,3.25,2.5,3.75,3.0,4,7,4,0.7154748319484527,23420377.26261364,0.19444444444444442,0.20000000000000004,no switch,60.0,55.0
102,8,8,8,4.5,3.25,4.25,5.0,4,4,3,0.862049698950227,0.9315923415345702,0.2222222222222222,0.27777777777777773,no switch,40.0,42.0
103,12,8,0,5.0,3.75,5.0,4.75,6,8,4,0.7783283725900599,510.51647499756496,0.36041666666666666,0.6111111111111112,0.2684888601223636,40.0,33.0
104,10,8,4,4.5,2.25,4.25,3.25,5,4,4,0.8394219694159485,4717.878902760957,-0.09305555555555556,0.15,no switch,60.0,69.0
105,7,8,7,5.0,2.25,3.5,4.75,6,8,4,0.8278912264824413,0.0,0.0,0.3111111111111111,2.815885770942228,100.0,27.0
106,6,8,0,5.0,1.75,3.5,2.5,6,6,4,0.8681232272017866,4.825761367031629,-0.03333333333333333,-0.06666666666666667,no switch,40.0,45.0
107,4,8,3,4.75,3.75,2.25,3.75,7,8,4,0.8615786980430307,5.050210716011396,0.23958333333333334,0.18333333333333335,0.4323739130948912,0.0,31.0
108,4,7,9,4.5,2.25,4.25,4.0,6,7,4,0.7679815114075422,0.0,0.0,-0.04444444444444443,0.9063883015124318,40.0,42.0
109,1,8,3,3.0,3.0,3.75,5.0,6,7,4,0.8721898072085018,0.3104781772960677,0.024305555555555552,-0.06666666666666667,2.3747157107264787,40.0,43.0
110,9,8,34,3.75,3.25,4.25,4.5,6,8,4,0.8250073392484242,0.0,0.5,-0.04444444444444443,no switch,40.0,33.0
111,2,4,19,3.75,3.75,4.0,4.0,2,1,4,0.8488872590424131,1501200376375910.8,0.013888888888888886,0.6111111111111112,no switch,60.0,63.0
112,9,8,0,5.0,3.25,4.75,5.0,5,3,1,0.7568264182137517,0.0,0.0,0.0,no switch,40.0,46.0
113,3,4,3,5.0,5.0,4.25,3.75,7,7,4,0.9093608856831663,0.0,0.0,0.11666666666666665,1.9478192869696074,100.0,55.0
114,8,7,3,2.75,2.5,5.0,3.5,6,4,4,0.8409501740839938,2.197092974195832,0.056944444444444436,-0.05,1.00212308228762,100.0,100.0
115,13,8,1,4.75,2.75,4.5,4.75,4,4,4,0.7171327142100711,-0.333223269233891,0.05555555555555555,0.5055555555555555,no switch,20.0,42.0
116,6,4,16,4.75,4.5,4.5,4.5,5,0,2,0.8105788550124353,1501200354201699.0,-0.17500000000000002,0.0222222222222222,no switch,80.0,37.0
117,10,5,2,1.25,1.5,1.25,1.25,6,8,3,0.8460446852745551,0.0,0.0,0.17222222222222225,no switch,0.0,0.0
118,11,6,2,2.0,1.0,3.75,3.75,6,6,4,0.8333348480779508,86.7339030017366,0.016666666666666666,0.4166666666666667,no switch,60.0,55.0
119,5,8,13,4.5,2.25,4.25,4.25,6,8,4,0.7977689224814899,0.0,0.016666666666666666,0.5277777777777778,0.16713512535686958,60.0,35.0
120,4,8,6,4.0,2.25,4.25,4.5,5,7,4,0.7583531551711037,1050761.088375005,-0.08333333333333333,0.2333333333333333,1.63179268913312,20.0,33.0
121,9,8,1,4.25,2.25,3.0,4.25,6,6,4,0.8498745669446649,0.0,0.0,-0.24444444444444446,no switch,20.0,37.0
122,9,8,4,5.0,2.0,4.5,5.0,3,8,4,0.8035384477699024,380.4213374892099,-0.07569444444444444,0.5,no switch,0.0,41.0
123,6,7,4,5.0,4.0,4.5,4.25,5,6,2,0.8186462804758904,-0.333223269233891,0.05555555555555555,0.13333333333333333,0.9658348273734906,0.0,34.0
124,5,8,0,4.25,2.75,4.25,3.0,5,8,4,0.8194495496446841,22369622.07072227,0.37847222222222215,-0.011111111111111108,no switch,40.0,67.0
125,4,8,0,4.0,3.5,4.5,5.0,6,5,4,0.7832285582763516,1046393.2113963371,0.04027777777777778,-0.17777777777777778,no switch,40.0,27.0
126,9,8,1,5.0,4.0,4.5,3.5,7,7,1,0.7413209816707269,0.0,0.0375,0.07222222222222223,no switch,40.0,45.0
127,0,5,13,4.75,4.0,4.0,3.5,5,8,4,0.8864385676870166,1.7144237181276818,0.036111111111111115,-0.044444444444444446,1.7961703490006327,100.0,39.0
128,9,8,0,4.5,1.75,4.5,5.0,3,3,3,0.8281912642261695,346.10775506777003,0.04513888888888889,-0.05,0.8674116776978056,60.0,47.0
129,0,7,6,5.0,1.5,3.25,2.75,7,6,4,0.8277552702713118,0.0,0.0,0.6111111111111112,0.7270134564022138,40.0,45.0
130,9,8,3,4.5,2.5,4.25,4.75,5,5,4,0.8354412301090575,108.27169849399174,-0.07569444444444444,0.3111111111111111,0.3573517152838489,100.0,45.0
131,12,8,1,5.0,4.75,4.5,5.0,6,6,4,0.7811804438982237,1501199875790532.8,0.24166666666666667,0.2722222222222222,1.2093645420291563,0.0,40.0
132,3,2,4,4.75,3.0,1.5,3.0,3,4,4,0.8535716244465711,-0.333223269233891,0.05555555555555555,0.16666666666666666,no switch,0.0,0.0
133,13,8,0,4.5,1.75,3.75,4.0,7,6,4,0.8535438839935304,0.0,0.0,0.06666666666666667,0.8982283219962782,20.0,36.0
134,6,7,9,4.0,2.0,3.5,2.25,5,7,4,0.8203446249947544,0.9315923415345702,0.016666666666666666,0.0,no switch,0.0,0.0
135,1,5,7,4.25,2.0,4.0,2.25,7,8,4,0.8242889065292878,0.3104781772960677,0.032638888888888884,0.03333333333333333,0.8879564904323827,100.0,28.0
136,5,8,8,4.25,3.25,3.75,4.0,7,7,4,0.7787732732342465,0.0,0.0,0.5555555555555555,no switch,100.0,55.0
137,8,8,1,3.75,1.25,4.75,4.5,6,7,4,0.83007768981814,-0.33260396386771984,0.041666666666666664,0.41111111111111115,no switch,100.0,36.0
138,8,8,1,4.25,2.25,3.75,2.5,3,3,4,0.7226818913528781,0.0,0.0,-0.05555555555555555,no switch,40.0,46.0
139,9,6,16,5.0,4.5,4.0,4.5,3,2,4,0.835101966582423,4735.5225292277155,0.3527777777777777,-0.06666666666666667,no switch,100.0,67.0
140,11,8,5,2.5,2.5,4.75,4.75,5,8,4,0.7720771240715987,4368.808571009225,0.04305555555555556,-0.061111111111111116,no switch,40.0,45.0
141,0,6,8,3.5,3.75,4.5,4.5,4,5,4,0.8070604166019892,no switch,no switch,no switch,no switch,100.0,45.0
142,8,7,26,4.5,2.25,3.25,4.25,2,5,1,0.8755816711420016,1050761.088375005,-0.008333333333333331,0.038888888888888896,0.8462525761686083,40.0,45.0
143,13,7,2,4.5,2.5,2.75,3.75,4,0,4,0.7483788989861664,11.939457163166658,-0.03472222222222222,0.4444444444444445,no switch,60.0,55.0
144,6,8,7,4.5,1.5,3.75,4.5,5,6,4,0.7995715803358617,0.0,0.11180555555555555,0.3,0.5460764865850027,40.0,42.0
145,0,8,1,3.5,2.0,4.5,4.5,1,3,4,0.8340074191747898,no switch,no switch,no switch,no switch,60.0,45.0
146,5,7,7,2.5,2.25,4.0,4.0,5,6,3,0.8829237859188681,0.0,0.0,0.11666666666666665,no switch,40.0,45.0
147,8,8,3,4.0,4.0,4.25,5.0,6,7,4,0.7231643878221119,0.3104781772960677,0.13194444444444445,0.3444444444444444,0.7256024528912426,0.0,0.0
148,3,6,6,4.5,3.5,3.5,4.0,6,7,4,0.7999555786170414,0.0,0.0,0.24444444444444446,0.5417582164771769,40.0,31.0
149,8,8,5,4.25,3.5,4.25,4.0,5,5,4,0.8489535599305853,4367.87697866769,0.024999999999999998,-0.18888888888888888,no switch,0.0,52.0
150,5,8,0,4.5,2.5,3.75,3.0,6,8,4,0.7723319884078834,0.0,0.0,0.4222222222222222,no switch,100.0,46.0
151,10,8,0,4.25,3.5,4.25,4.0,5,6,4,0.8003078800625686,352.71659692691225,0.013888888888888888,0.08333333333333333,no switch,40.0,45.0
152,9,8,6,3.75,1.5,3.5,3.75,6,5,4,0.8056501054447255,0.0,0.0,-0.17777777777777778,no switch,40.0,45.0
153,0,8,6,4.5,3.5,4.5,4.75,5,5,4,0.8199993629768109,0.0,0.08888888888888889,-0.1111111111111111,1.0047233035906424,20.0,45.0
154,9,8,0,4.0,3.0,4.5,4.5,5,7,4,0.8692530506047345,4.825761367031629,0.09722222222222221,0.32222222222222224,no switch,60.0,55.0
155,3,8,11,4.25,3.0,5.0,4.25,5,6,4,0.8788304464045023,0.0,0.0,0.5222222222222223,no switch,40.0,36.0
156,6,2,14,3.75,2.5,3.25,2.75,5,7,4,0.815329418729864,350.00192409326706,0.425,0.0,0.8769916274216562,40.0,55.0
157,9,8,6,5.0,2.25,4.0,1.75,7,5,4,0.9045734105801907,4.825761367031629,0.20972222222222223,-0.04444444444444443,0.8769916274216562,20.0,28.0
158,3,7,5,4.5,3.5,3.5,4.5,6,3,4,0.8468457100702246,13735953986.72906,0.08333333333333333,0.39444444444444443,no switch,0.0,30.0
159,8,8,11,5.0,3.75,3.25,2.5,6,4,1,0.8322488557601394,2.335537882366184,0.027083333333333334,0.6111111111111112,no switch,40.0,36.0
160,2,8,3,5.0,3.25,4.25,3.5,6,5,4,0.7564030690832688,0.0,0.0,0.6111111111111112,no switch,60.0,45.0
161,11,8,3,3.25,2.75,4.5,4.25,5,8,2,0.7965943186533435,0.0,0.0,-0.011111111111111113,1.1947669152722056,40.0,33.0
162,13,8,4,5.0,3.25,5.0,4.75,3,6,4,0.8958525358134444,695.1780868195025,0.013888888888888888,0.07222222222222223,no switch,40.0,40.0
163,5,7,8,5.0,3.0,5.0,4.5,6,5,4,0.8857288399107702,0.0,0.0,-0.35555555555555557,no switch,20.0,15.0
164,10,7,10,3.75,2.25,3.25,3.5,6,6,3,0.8409157938875693,0.0,0.0,0.0,no switch,40.0,45.0
165,11,8,2,5.0,3.0,4.5,4.75,3,8,3,0.6878255154585092,4823.010556400996,0.10972222222222222,0.26111111111111107,no switch,20.0,19.0
166,2,8,9,5.0,3.75,3.0,5.0,5,8,4,0.8220232426332643,0.0,0.0,0.3666666666666667,no switch,0.0,0.0
167,7,8,0,4.0,4.25,5.0,4.75,5,8,4,0.7901728056301375,0.0,0.0,0.35555555555555557,no switch,60.0,45.0
168,7,1,12,3.25,2.75,2.25,3.25,5,6,3,0.8766523774420273,1501200376375910.8,-0.1486111111111111,0.6111111111111112,no switch,100.0,42.0
169,7,8,0,4.75,1.25,4.0,3.25,6,7,4,0.738957515482348,5.050210716011396,0.027083333333333334,-0.05555555555555555,0.8769916274216562,100.0,43.0
170,8,8,11,4.75,3.75,3.75,4.75,5,6,3,0.7499792238481764,0.9315923415345702,0.14722222222222223,-0.03333333333333333,1.1480798474674145,60.0,46.0
171,3,5,0,3.75,3.5,3.0,2.75,6,7,4,0.5838155963760528,0.0,0.0,-0.26666666666666666,no switch,60.0,55.0
172,10,7,0,5.0,1.25,3.5,3.5,7,8,4,0.8856559720065645,352.71659692691225,-0.05555555555555555,0.027777777777777776,1.1688321671187893,100.0,57.0
173,3,6,12,5.0,1.25,4.75,4.5,5,3,4,0.863638599329719,1.7144237181276818,0.11180555555555555,0.24444444444444446,0.6600200395558453,40.0,35.0
174,0,8,2,5.0,4.25,4.25,4.75,4,7,4,0.8220069358958613,4717.878902760957,-0.009722222222222215,0.2888888888888889,no switch,20.0,46.0
175,8,8,11,4.5,3.25,3.0,2.75,5,5,4,0.8021208172975457,14.13655013736249,0.07708333333333334,-0.08888888888888889,no switch,60.0,45.0
176,10,3,1,5.0,3.25,4.0,3.5,6,7,4,0.8262685765802198,4.825761367031629,-0.024999999999999998,no switch,no switch,100.0,90.0
177,4,8,19,4.5,2.25,3.75,3.5,7,3,4,0.8198212373116496,16299.836069236293,0.4041666666666666,0.3055555555555556,no switch,60.0,93.0
178,7,8,17,4.75,2.75,3.0,4.25,5,4,2,0.8411304227773001,4717.878902760957,0.005555555555555559,-0.04444444444444443,no switch,100.0,48.0
179,4,8,5,4.25,1.5,4.5,3.75,4,6,4,0.8300588210817709,4.825761367031629,0.03333333333333333,0.2555555555555556,1.0430426119967677,40.0,45.0
180,11,8,0,5.0,3.5,5.0,4.75,2,3,4,0.8240975928706173,0.0,0.0,0.0,no switch,60.0,53.0
181,9,7,1,3.75,1.5,3.75,4.0,7,8,4,0.8498249977701297,0.0,0.0,0.4444444444444444,0.25022329836734875,40.0,45.0
182,4,8,6,5.0,4.0,3.75,4.5,7,8,4,0.727401327851826,4.825761367031629,0.09722222222222221,0.18888888888888888,0.6751776304638043,60.0,54.0
183,0,8,11,4.25,1.75,4.25,1.75,6,8,4,0.8096392683547157,41.84129069966009,0.008333333333333333,0.24444444444444446,0.7236007512411007,40.0,28.0
184,6,8,21,4.25,4.5,4.0,4.75,4,3,4,0.7735292991830877,0.0,0.04722222222222222,-0.17777777777777778,no switch,100.0,48.0
185,4,6,33,4.25,3.5,4.25,3.75,6,8,3,0.8171812504858793,14190949511.59008,0.041666666666666664,0.5777777777777778,no switch,40.0,45.0
186,7,5,9,4.5,2.75,3.5,3.0,5,4,4,0.7937379953525592,0.0,0.06527777777777777,0.03333333333333333,no switch,40.0,37.0
187,10,3,7,4.75,3.5,5.0,4.25,5,6,4,0.7577946242146856,0.0,0.008333333333333333,0.10000000000000002,0.8982283219962782,0.0,0.0
188,4,8,10,4.5,2.5,3.5,3.0,6,6,4,0.796225276060735,4823.010556400996,0.004166666666666666,0.6111111111111112,no switch,40.0,45.0
189,5,8,16,4.0,3.0,3.5,3.75,5,4,3,0.8271665157125948,2.197092974195832,0.07430555555555556,0.04444444444444445,no switch,40.0,45.0
190,1,4,0,4.75,3.0,2.0,4.5,5,2,0,0.7980371946250917,2.197092974195832,0.10555555555555556,no switch,no switch,0.0,0.0
191,9,5,14,4.75,1.0,4.75,5.0,6,5,4,0.6425567654901028,4823.010556400996,0.075,0.18888888888888888,no switch,40.0,52.0
192,13,5,0,4.5,1.5,3.0,2.25,7,6,4,0.8114535084508256,0.0,0.0,0.6111111111111112,0.2323969747012262,100.0,100.0
193,6,2,33,3.5,3.5,4.0,3.5,4,1,3,0.803171086358959,1501199876836663.2,0.18333333333333335,0.4,no switch,40.0,45.0
194,3,8,10,3.5,1.75,3.5,3.75,6,5,4,0.8511960558898897,0.9315923415345702,0.048611111111111105,-0.025,no switch,100.0,30.0
195,4,7,16,3.25,2.75,3.75,3.0,6,6,4,0.8638918722303303,90.62807202723366,-0.06319444444444444,0.37777777777777777,no switch,60.0,58.0
196,12,8,1,4.25,1.5,4.25,4.0,6,5,3,0.8169787840566172,-0.9711920821388641,0.13055555555555554,-0.3333333333333333,no switch,100.0,55.0
197,10,3,2,3.0,1.5,5.0,4.0,5,3,4,0.8192797800541323,1062705.865330673,-0.11875000000000001,0.42777777777777776,no switch,100.0,55.0
198,4,8,39,4.5,2.5,3.0,3.25,6,7,4,0.8203957836179121,4.825761367031629,0.048611111111111105,0.5555555555555555,no switch,0.0,45.0
199,10,7,3,5.0,1.75,3.5,3.5,6,6,4,0.8229764476784949,0.0,0.0,0.18888888888888888,no switch,100.0,100.0
200,10,8,0,4.5,1.5,3.25,3.25,3,7,4,0.7564883662252996,0.0,0.0,0.5055555555555555,no switch,40.0,45.0
201,6,8,8,3.75,3.5,4.25,3.0,6,8,4,0.7815306228623795,398.0649639559679,0.12638888888888888,0.15555555555555556,1.1371056475048689,100.0,36.0
202,9,6,10,3.75,2.0,3.75,3.5,5,3,4,0.8049028855305846,4.825761367031629,0.23888888888888885,0.07777777777777779,no switch,40.0,33.0
203,11,8,27,4.5,4.75,4.5,4.75,2,0,4,0.8946729615403589,1501213588331692.8,0.011111111111111118,0.4611111111111112,no switch,40.0,23.0
204,9,8,5,4.0,2.75,4.0,4.0,4,5,4,0.8002179006238762,0.0,0.0,0.37777777777777777,0.426916631542086,60.0,40.0
205,13,8,2,3.75,3.0,3.25,3.5,7,6,4,0.813179381420129,60.294663072100256,0.042361111111111106,-0.12777777777777777,no switch,100.0,45.0
206,11,8,0,5.0,2.5,3.0,3.0,6,8,4,0.80742309773945,4823.010556400996,0.13888888888888887,0.6666666666666667,0.7270134564022138,0.0,0.0
207,0,7,5,4.75,3.75,4.25,4.75,4,8,4,0.8314073804385832,no switch,no switch,no switch,no switch,0.0,67.0
208,4,8,3,4.25,3.75,4.5,4.0,7,6,4,0.8328979568015861,0.0,0.0,0.4444444444444444,0.4746428776901347,100.0,35.0
209,8,8,6,4.75,3.5,4.75,3.5,6,6,4,0.8447527630766801,-0.333223269233891,0.08888888888888889,0.27777777777777773,0.5297916369520498,0.0,0.0
210,0,7,3,3.5,3.5,3.75,3.75,4,7,4,0.860821893913273,no switch,no switch,no switch,no switch,60.0,43.0
211,2,6,4,4.5,3.25,2.0,3.25,6,8,4,0.8258211543706545,0.9315923415345702,0.0375,-0.011111111111111108,1.1435767577227596,60.0,55.0
212,5,5,2,4.0,1.5,2.75,4.5,5,2,4,0.8065135539512646,350.00192409326706,0.39166666666666666,0.1,no switch,20.0,64.0
213,5,8,1,5.0,2.0,4.75,4.5,5,6,2,0.8265996611135756,0.9315923415345702,0.0,0.5444444444444444,no switch,40.0,31.0
214,8,7,0,3.0,3.0,3.0,3.0,6,8,4,0.7827808279271641,3002399773949950.5,0.0,0.0,0.8876099747089672,0.0,41.0
215,6,8,3,3.0,3.0,4.75,4.75,6,7,3,0.810570788962953,4717.878902760957,0.0,0.24444444444444446,no switch,20.0,45.0
216,4,5,14,4.75,3.75,2.5,1.75,3,8,3,0.751120308266443,3002399751775739.5,-0.15833333333333333,0.5111111111111111,no switch,20.0,47.0
217,6,7,0,5.0,3.5,2.75,3.25,6,6,4,0.8374602310985042,0.0,0.0,-0.022222222222222237,no switch,80.0,33.0
218,3,7,26,4.5,3.75,4.5,4.5,7,5,4,0.7906048763279374,4823.010556400996,0.22777777777777775,-0.1111111111111111,0.8769916274216562,40.0,50.0
219,2,4,10,5.0,2.75,3.5,2.5,6,7,4,0.8844554562216327,4735.5225292277155,0.049999999999999996,0.0,0.8876099747089672,60.0,48.0
220,2,6,13,4.0,2.25,4.0,4.75,5,3,4,0.7881317184560278,0.3104781772960677,0.024305555555555552,-0.08888888888888886,no switch,40.0,33.0
221,13,7,0,5.0,1.75,2.25,3.75,5,5,4,0.8337414959625146,0.0,0.0,0.5,no switch,0.0,0.0
222,11,8,1,4.0,1.5,4.25,3.25,5,5,4,0.8017976918218029,377.7926690963741,-0.04513888888888889,0.19999999999999998,0.738661557383263,80.0,45.0
223,8,8,0,4.0,3.25,4.5,5.0,7,6,4,0.8555067421466581,4479.2383392155925,0.020833333333333332,-0.03333333333333333,no switch,20.0,45.0
224,6,4,11,2.75,3.75,3.0,3.25,4,6,3,0.8653253785068712,3002399773949950.5,-0.125,0.6111111111111112,no switch,100.0,42.0
225,13,8,4,4.25,2.5,4.75,4.5,5,3,4,0.8843280081470759,1.7144237181276818,0.15208333333333332,0.06666666666666667,no switch,40.0,50.0
226,6,7,11,4.75,2.5,4.75,1.5,5,2,4,0.7233615584515295,1501213588328252.2,0.011111111111111118,0.00555555555555555,no switch,40.0,50.0
227,8,7,0,4.75,3.0,4.75,4.5,2,1,4,0.7306403916155034,398.0649639559679,0.09305555555555556,0.3,no switch,40.0,45.0
228,10,7,14,5.0,4.5,3.75,3.25,3,4,3,0.8252256040656153,350.0879285340764,0.09861111111111114,0.3055555555555556,no switch,0.0,0.0
229,4,5,17,4.5,3.75,2.75,3.75,6,8,4,0.8251280749153503,4735.5225292277155,0.14722222222222223,-0.13333333333333333,0.8876099747089672,100.0,31.0
230,5,8,13,4.0,2.25,3.75,4.0,7,6,4,0.8328575933265823,0.0,0.0,0.13333333333333333,no switch,0.0,0.0
231,8,7,9,4.0,3.5,4.25,4.5,4,4,4,0.7798568646235431,1050866.220028645,0.13055555555555554,0.38888888888888884,no switch,100.0,73.0
232,5,8,5,5.0,3.25,4.0,4.5,5,7,4,0.8181759753131467,4428.085637298981,0.010416666666666666,-0.2111111111111111,no switch,60.0,45.0
233,6,8,1,4.5,1.5,5.0,4.5,6,8,4,0.8550138616089322,0.0,0.04097222222222222,0.049999999999999996,0.8965457449192061,40.0,40.0
234,10,7,1,4.0,2.0,4.25,4.25,5,5,4,0.8043954356925438,0.0,0.06527777777777777,0.06666666666666667,0.769115585385382,40.0,45.0
235,10,8,23,4.0,2.75,2.75,3.25,6,7,4,0.8497536580952305,423.0284478242843,-0.12291666666666667,0.06666666666666667,0.9036683083403806,100.0,100.0
236,11,8,11,4.5,2.0,4.0,3.0,5,1,4,0.8243558192113554,-0.9711920821388641,0.0,-0.48888888888888893,no switch,20.0,26.0
237,0,8,2,3.5,1.25,4.0,3.0,6,8,4,0.8167548700352969,0.0,0.0,0.14444444444444446,0.822416903588989,0.0,27.0
238,1,8,4,4.5,2.0,4.75,3.0,6,7,4,0.8018486811645893,0.0,0.0,0.24444444444444446,0.3244460592562617,100.0,43.0
239,9,5,6,5.0,2.75,5.0,5.0,5,4,4,0.820701604096057,195.7597256672724,0.2020833333333333,0.16111111111111112,no switch,40.0,73.0
240,0,4,20,4.0,3.0,3.5,4.0,4,7,4,0.7692367967878733,no switch,no switch,no switch,no switch,20.0,33.0
241,4,2,1,4.5,2.25,3.25,2.5,5,7,4,0.8455740124867318,0.0,0.0,0.0,0.8876099747089672,60.0,48.0
242,6,8,7,4.5,4.5,4.5,4.5,5,8,4,0.7709527235844624,22.469387833789707,0.325,-0.10833333333333334,no switch,40.0,35.0
243,4,8,12,4.0,2.75,4.0,4.25,6,2,4,0.8416595187933545,20190.681701946625,0.008333333333333331,0.13333333333333333,no switch,40.0,30.0
244,6,8,10,4.5,4.0,4.25,4.75,5,8,4,0.7529387736666393,109.95741500707037,0.30833333333333335,-0.2,no switch,20.0,35.0
245,8,8,30,3.0,3.0,4.0,4.0,6,6,4,0.8575553207575348,1501199898159816.2,-0.23055555555555554,0.37222222222222223,no switch,20.0,19.0
246,6,5,0,4.5,3.25,3.5,4.25,4,4,4,0.7798282829076776,7.540434200676842,0.01875,0.0,0.8876099747089672,0.0,33.0
247,6,8,17,3.75,3.5,3.75,4.5,6,4,4,0.8466211791651808,0.9315923415345702,0.11388888888888887,0.37777777777777777,no switch,40.0,40.0
248,9,7,18,3.25,3.75,4.0,4.25,6,8,4,0.7975106757930468,39.95467590276033,-0.012499999999999999,0.0,no switch,20.0,17.0
249,12,8,2,4.5,2.75,5.0,5.0,6,5,4,0.8375359311724432,0.0,0.0,-0.12777777777777777,no switch,100.0,58.0
250,6,4,46,4.0,4.0,4.0,4.0,7,8,4,0.8745100954012905,1.3812004488937906,0.07777777777777778,0.21666666666666667,0.4777751038996845,100.0,55.0
251,4,8,3,4.25,2.5,4.5,3.75,6,2,4,0.8331404809743164,4428.085637298981,0.027083333333333334,0.26666666666666666,no switch,20.0,45.0
252,8,8,3,3.5,2.25,5.0,3.5,6,5,4,0.8774929202014716,1501199875790620.2,0.225,0.5,no switch,60.0,53.0
253,1,1,7,4.25,3.75,5.0,3.75,3,3,4,0.8054194596537894,4.825761367031629,0.10277777777777779,-0.21666666666666667,no switch,100.0,45.0
254,9,8,0,4.75,3.0,2.75,2.5,7,8,4,0.7959728473592591,0.0,0.0,-0.13333333333333333,no switch,0.0,0.0
255,3,8,0,4.75,2.5,4.25,3.75,7,8,4,0.8932005527137322,0.0,0.0,0.027777777777777776,1.1689978151211955,80.0,60.0
256,0,8,35,4.5,4.5,4.75,5.0,4,6,4,0.7864389513111308,no switch,no switch,no switch,no switch,0.0,10.0
257,1,8,22,4.0,3.0,4.0,4.25,6,7,4,0.7964600628488581,41.84129069966009,0.01875,0.1722222222222222,0.6256111853973975,100.0,84.0
258,1,8,0,5.0,1.75,1.25,3.5,6,8,4,0.8496440193673106,0.0,0.0,0.0,1.0933206088271756,0.0,52.0
259,8,8,0,5.0,2.25,5.0,3.25,4,7,4,0.8253400835335817,4.825761367031629,0.1638888888888889,0.13333333333333333,0.8982283219962782,60.0,52.0
260,11,8,15,3.5,4.25,4.0,4.25,2,0,3,0.7645200278007197,1501199876836575.8,0.009027777777777765,0.49444444444444446,no switch,60.0,73.0
261,5,7,3,4.25,2.75,4.0,4.0,6,7,4,0.8653627842439251,14.050545696553074,0.10972222222222222,0.08333333333333333,0.7136221371626612,40.0,22.0
262,7,8,20,4.0,3.25,3.0,3.25,6,7,4,0.7965505532373457,3002399773949950.5,-0.041666666666666664,0.5777777777777778,no switch,0.0,17.0
263,13,8,0,5.0,4.75,5.0,5.0,4,3,3,0.8532805382553742,8.144018500935635,no switch,0.6111111111111112,no switch,0.0,0.0
264,2,8,16,4.75,1.75,5.0,5.0,4,2,2,0.8244963084873305,695.1780868195025,0.04722222222222222,-0.14444444444444446,no switch,0.0,25.0
265,13,8,2,3.25,2.25,4.75,4.75,6,3,4,0.7699862195177091,0.0,0.0,0.27777777777777773,no switch,20.0,45.0
266,2,8,13,4.75,4.0,4.5,5.0,4,3,4,0.8521664476789027,23.87333337462132,0.2520833333333333,-0.13333333333333333,no switch,20.0,28.0
267,7,7,0,5.0,5.0,5.0,4.0,6,1,2,0.8422186282702289,13712538432.477003,0.15,0.36111111111111116,no switch,40.0,56.0
268,1,8,0,4.5,2.5,4.0,4.0,6,8,4,0.8188071479453636,17.132815955575918,0.04375,0.06666666666666667,0.8876099747089672,100.0,55.0
269,6,1,11,5.0,1.0,3.5,5.0,3,4,4,0.8309815213346723,0.9314345318882031,0.025,0.09999999999999999,no switch,100.0,48.0
270,3,8,0,3.5,2.5,4.5,2.5,7,8,4,0.7800886486455486,0.0,0.0,0.049999999999999996,no switch,100.0,45.0
271,8,8,18,4.5,1.25,4.5,4.75,4,4,3,0.7830483834168579,200122.4725937871,-0.12430555555555556,0.1277777777777778,no switch,40.0,49.0
272,9,8,0,4.75,3.5,4.75,4.75,7,7,4,0.7545379311346465,0.0,0.0,0.00555555555555555,0.6694024963048589,40.0,47.0
273,6,8,0,4.75,3.5,3.25,4.25,5,4,4,0.8781492998709364,377.7926690963741,0.0013888888888888885,no switch,no switch,100.0,58.0
274,12,8,0,2.75,3.0,4.0,3.75,5,2,1,0.8631393601441836,8263.54837274505,0.30277777777777776,0.5444444444444444,no switch,40.0,45.0
275,5,1,0,3.75,2.5,3.75,3.75,6,8,4,0.8061645373223756,350.00192409326706,0.13055555555555554,-0.1111111111111111,no switch,20.0,44.0
276,6,7,15,4.75,3.0,4.5,4.25,4,3,4,0.8710528592351235,0.0,0.0,0.033333333333333354,no switch,20.0,42.0
277,11,4,20,3.75,1.75,3.25,2.75,5,5,4,0.7617654922177318,13712737754.639854,0.04722222222222222,-0.09166666666666666,no switch,40.0,37.0
278,5,6,0,4.0,3.0,4.0,4.25,4,6,4,0.7848354806722893,195418.6442367227,0.09305555555555556,0.2611111111111111,no switch,40.0,47.0
279,8,7,3,4.75,3.0,4.25,4.75,6,4,4,0.7719368772280604,0.0,0.075,0.2611111111111111,no switch,0.0,55.0
280,9,8,0,5.0,1.75,4.0,1.0,6,7,4,0.7068922956850059,478216579.9607816,-0.07986111111111112,0.038888888888888896,1.5521619707880143,100.0,55.0
281,1,7,14,4.0,1.75,3.25,4.25,5,1,4,0.7708187213919715,1501199875790165.0,0.041666666666666664,0.08333333333333333,no switch,20.0,49.0
282,5,6,5,4.5,2.75,4.25,2.5,6,7,4,0.8483033442024636,90.62807202723366,-0.020833333333333332,0.3055555555555556,0.3035015189897819,40.0,48.0
283,3,7,5,5.0,4.5,3.75,2.0,6,6,4,0.8399121911281165,58.40804827520049,-0.015972222222222218,0.09444444444444444,0.9603639711373343,0.0,62.0
284,9,8,0,4.75,3.25,4.25,4.5,4,4,2,0.8518388072044478,119.18219933659181,0.30416666666666664,-0.37222222222222223,no switch,40.0,32.0
285,9,8,6,4.0,4.25,4.5,4.5,4,6,4,0.8582536186658328,41.84129069966009,0.008333333333333333,0.4777777777777778,no switch,80.0,40.0
286,8,8,17,4.5,4.5,4.75,4.75,5,5,3,0.8333564974184793,0.3104781772960677,0.09444444444444444,0.10555555555555556,no switch,40.0,35.0
287,7,8,23,4.5,4.5,4.75,4.5,4,7,3,0.8362458234587555,0.3104781772960677,0.1111111111111111,0.04444444444444445,no switch,20.0,31.0
288,5,0,30,3.75,2.5,4.25,4.0,2,0,4,0.7857357887919854,1501200376375910.8,-0.052777777777777785,0.26111111111111107,0.5460764865850027,40.0,45.0
289,6,5,6,4.5,3.25,2.5,3.5,5,3,4,0.7290398557418534,4533.21729093902,-0.13680555555555554,0.22222222222222224,no switch,40.0,45.0
290,4,4,12,4.75,1.25,4.0,2.75,6,6,4,0.8509285386541128,350.00192409326706,0.05555555555555555,-0.06666666666666667,no switch,40.0,45.0
291,13,8,8,4.25,3.25,4.5,3.5,4,7,3,0.8845419021541745,0.0,0.0,-0.011111111111111108,no switch,40.0,45.0
292,6,6,7,4.0,3.5,2.5,3.25,5,4,4,0.8383442014512617,455.1335777333058,0.05555555555555555,0.6111111111111112,0.2684888601223636,40.0,45.0
293,0,2,17,3.25,1.75,3.0,2.75,7,8,4,0.8579733305346701,0.0,0.0,0.0,1.0933206088271756,0.0,0.0
294,5,8,30,4.0,2.5,4.0,4.25,3,2,4,0.8656932934752842,690.3523254524708,-0.1388888888888889,-0.16111111111111112,no switch,60.0,37.0
295,5,7,17,5.0,2.5,3.5,4.75,4,6,4,0.8265965620679288,4.825761367031629,0.0,0.022222222222222237,no switch,40.0,36.0
296,10,6,13,4.75,2.5,4.75,4.5,5,7,4,0.8589628213194636,401.4906523320292,0.02291666666666667,-0.08333333333333333,0.8982283219962782,40.0,42.0
297,5,8,6,3.75,3.25,3.75,4.5,5,8,4,0.8287218965329481,0.0,0.0,0.09444444444444444,0.8235552355068444,100.0,35.0
298,2,8,3,5.0,2.5,5.0,4.5,4,6,4,0.83470094797698,14.050545696553074,0.10486111111111111,-0.17777777777777778,no switch,40.0,45.0
299,10,8,4,4.5,1.25,4.75,3.75,4,3,4,0.8039345681857597,14.050545696553074,0.07638888888888888,-0.1111111111111111,no switch,40.0,32.0
300,3,4,1,3.5,3.0,4.75,4.5,6,6,4,0.7826133793205203,16330.255482632238,-0.04513888888888889,-0.26666666666666666,no switch,40.0,44.0
301,8,7,0,3.75,2.75,4.0,4.5,6,8,4,0.7403524022953039,0.0,0.0,-0.027777777777777776,1.028298128193813,0.0,0.0
302,10,8,3,4.25,2.5,4.25,4.75,5,8,3,0.7552822412626522,0.0,0.0,no switch,no switch,60.0,55.0
303,6,8,6,4.5,2.75,3.25,3.75,6,6,4,0.8194530058333511,0.0,0.5,0.6111111111111112,no switch,40.0,45.0
304,3,5,33,5.0,3.25,4.0,4.0,4,6,4,0.8168814175478679,3002399751580330.0,0.0,-0.05555555555555555,no switch,100.0,39.0
305,8,2,13,4.0,2.25,4.0,3.75,6,4,4,0.8539676938092193,0.0,0.0,0.03333333333333333,no switch,60.0,45.0
306,10,8,0,5.0,2.25,4.5,3.75,7,4,4,0.8400486008864211,0.0,0.0,0.011111111111111108,no switch,40.0,45.0
307,9,8,1,4.0,1.75,4.25,3.0,7,6,1,0.839492053179741,4.4290965517728935,0.024999999999999998,0.18888888888888888,0.4726696049139313,40.0,45.0
308,6,7,2,3.75,3.0,4.5,3.75,6,8,4,0.8596900386145805,0.0,0.0,-0.1777777777777778,no switch,80.0,31.0
309,8,6,1,4.25,1.75,3.25,2.75,5,3,4,0.7452867573363595,5.050210716011396,0.0027777777777777796,-0.06111111111111111,0.8769916274216562,40.0,33.0
310,7,8,5,4.75,2.25,3.5,3.75,5,8,4,0.7798549444102786,4.825761367031629,-0.03333333333333333,0.08888888888888889,1.2455417337411034,100.0,29.0
311,6,8,6,3.75,4.0,3.75,5.0,5,4,4,0.8946950836249453,0.0,0.0,0.41111111111111115,no switch,40.0,43.0
312,13,7,0,4.75,2.5,3.75,4.0,5,2,3,0.8631990903452565,0.9314345318882031,-0.025,0.47777777777777786,no switch,40.0,25.0
313,7,5,20,5.0,2.5,4.5,1.25,6,5,4,0.8422828229854217,690.3523254524708,0.15555555555555556,0.17222222222222225,0.577422502488953,100.0,36.0
314,0,8,19,5.0,3.75,3.0,4.0,5,3,2,0.6009822401989381,4.825761367031629,0.09722222222222221,-0.6666666666666666,no switch,40.0,37.0
315,4,4,23,5.0,4.75,3.25,2.25,7,8,4,0.7473445030712366,0.0,0.0,0.5111111111111112,0.6021369178627856,0.0,0.0
316,6,8,9,4.0,3.75,3.5,4.0,6,6,3,0.7687390981197803,16662.65585842929,0.3458333333333334,0.17777777777777778,0.606020065717515,60.0,43.0
317,12,8,0,1.75,1.0,5.0,5.0,4,4,4,0.8581248968611369,11.42187730371728,0.04652777777777778,0.35,no switch,20.0,28.0
318,0,8,1,4.25,2.75,4.5,3.5,7,8,4,0.8403001357734197,4.4290965517728935,-0.024305555555555552,0.0,1.0933206088271756,100.0,48.0
319,7,5,13,4.0,3.0,3.25,2.75,7,7,4,0.8079585699461701,0.0,0.027083333333333334,0.4222222222222222,no switch,0.0,0.0
320,5,4,2,4.25,1.75,3.5,2.75,6,8,4,0.8411338185696242,0.3104781772960677,-0.008333333333333333,0.4388888888888889,1.2099292015784413,100.0,55.0
321,9,8,24,3.0,3.0,3.0,3.0,6,4,4,0.8376237073395844,712.8217132862605,-0.04097222222222222,0.47777777777777786,no switch,40.0,21.0
322,0,7,8,4.0,4.0,4.0,4.25,2,7,3,0.8883088202861353,no switch,no switch,no switch,no switch,100.0,100.0
323,10,6,6,5.0,1.25,4.0,2.0,5,3,4,0.805698869539408,22369630.22478433,0.07638888888888888,-0.1111111111111111,no switch,40.0,45.0
324,3,5,4,4.25,3.5,4.0,3.25,6,6,4,0.8676649506172578,5.050210716011396,0.032638888888888884,-0.022222222222222216,0.6860103614248465,60.0,50.0
325,7,8,11,5.0,4.75,5.0,4.75,7,2,4,0.7869214790069028,4.825761367031629,0.09722222222222221,0.0,no switch,20.0,32.0
326,11,8,0,4.75,3.0,5.0,3.25,6,3,3,0.8110023956964101,0.0,0.0,-0.2,no switch,60.0,55.0
327,10,8,2,3.25,1.5,3.5,3.75,5,4,2,0.8499005682269895,0.0,0.032638888888888884,-0.03333333333333333,no switch,100.0,48.0
328,12,8,0,3.25,3.0,4.25,4.75,6,7,4,0.7554797555980441,0.0,0.0,0.06666666666666667,no switch,40.0,45.0
329,13,8,0,4.5,2.0,4.75,4.75,6,7,4,0.8247648617363854,23420377.26261364,-0.3055555555555555,-0.21666666666666667,no switch,40.0,46.0
330,6,8,8,5.0,1.5,4.5,4.5,5,7,4,0.8886033785094208,4479.2383392155925,0.03125,-0.09444444444444444,0.4138327832156356,20.0,28.0
331,7,8,6,4.25,3.75,4.25,4.5,5,8,4,0.8101117865835874,11.939457163166658,-0.010416666666666666,0.12777777777777777,1.3055879410438158,100.0,32.0
332,5,8,0,3.5,1.75,5.0,4.25,6,8,4,0.7885537000254854,0.0,0.0,0.0,0.8876099747089672,40.0,64.0
333,13,6,20,4.0,3.25,4.0,4.0,3,1,4,0.8223589455949001,478216202.67948896,0.23263888888888887,0.022222222222222237,no switch,60.0,57.0
334,3,7,11,4.75,4.0,5.0,5.0,5,4,4,0.8285581847524062,0.0,0.0,0.39444444444444443,no switch,100.0,45.0
335,2,8,0,5.0,3.75,3.5,4.5,5,7,4,0.892285608400805,6.229706907863243,0.1326388888888889,0.1,no switch,0.0,0.0
336,8,8,4,5.0,3.0,3.0,1.75,5,3,4,0.7700463640380675,0.0,0.0,0.6111111111111112,no switch,40.0,44.0
337,9,4,9,4.25,2.5,4.0,4.0,6,4,4,0.8025317711659921,0.0,0.0,0.26666666666666666,no switch,60.0,54.0
338,8,6,12,4.75,1.75,3.0,3.5,5,4,4,0.7097670110978521,3002399751580330.0,0.0,0.6111111111111112,no switch,40.0,45.0
339,6,8,6,4.0,4.0,4.25,4.5,3,2,2,0.8492525813331048,32.754951278309,0.3229166666666667,0.22777777777777777,no switch,20.0,42.0
340,4,8,21,5.0,4.0,3.0,4.25,3,3,2,0.8861435281090323,4823.010556400996,0.14166666666666666,0.3444444444444445,no switch,20.0,6.0
341,4,2,31,3.75,3.5,2.75,3.75,6,5,4,0.7883283115787246,0.0,0.1638888888888889,0.08888888888888889,1.2826886176257029,40.0,37.0
342,2,8,1,4.75,2.75,4.0,3.5,6,6,4,0.8140987078618663,40.57579006699883,-0.05625,0.10555555555555557,no switch,40.0,45.0
343,5,8,2,4.25,2.5,3.25,3.75,7,8,4,0.8608573419402717,405.3848213575263,-0.010416666666666666,0.027777777777777776,no switch,40.0,36.0
344,9,5,19,5.0,1.0,2.0,1.25,7,7,2,0.8845384833390806,0.0,0.0,-0.17777777777777778,no switch,100.0,29.0
345,0,4,12,3.5,3.0,2.75,3.75,2,4,4,0.8736484184316474,no switch,no switch,no switch,no switch,40.0,45.0
346,13,8,0,5.0,3.0,5.0,5.0,6,8,4,0.8177431610708948,4717.878902760957,0.03333333333333333,-0.5333333333333333,no switch,100.0,0.0
347,0,8,6,3.75,3.25,3.25,3.25,7,8,4,0.7825286247767957,3559.7200156806466,0.10972222222222222,0.06666666666666667,no switch,20.0,18.0
348,7,3,5,3.0,1.0,3.75,3.75,5,6,4,0.7991678197521754,350.00192409326706,0.23750000000000002,0.4222222222222222,1.878261911356849,40.0,53.0
349,10,7,1,4.5,3.0,4.5,3.75,7,6,4,0.8220247611233793,0.0,0.0,0.0,0.8876099747089672,20.0,10.0
350,9,7,7,4.5,3.75,4.5,4.25,6,6,4,0.7559172523844452,-0.9987408496524163,0.14583333333333331,0.06666666666666667,no switch,60.0,39.0
351,7,2,21,4.25,3.25,4.25,2.75,5,5,4,0.8280936876628309,0.0,0.13055555555555554,0.08333333333333333,0.5045857777066546,100.0,32.0
352,7,4,10,3.75,2.75,4.0,3.5,5,4,1,0.8089713240105437,36.64912030380606,0.048611111111111105,0.11111111111111112,2.2838266303436496,60.0,45.0
353,11,8,3,4.5,3.25,3.75,4.25,3,8,3,0.8030390371859852,4717.878902760957,0.052777777777777785,0.15555555555555556,no switch,20.0,21.0
354,0,8,0,4.5,1.75,5.0,4.25,4,6,4,0.751494710370729,no switch,no switch,no switch,no switch,60.0,58.0
355,5,7,23,2.75,2.25,3.5,3.75,4,1,3,0.8194514182916167,4.825761367031629,0.06180555555555554,0.022222222222222223,no switch,20.0,23.0
356,7,8,25,4.0,2.0,3.75,4.25,2,2,2,0.8255962597282256,1501199875790164.2,0.19999999999999998,-0.011111111111111108,no switch,40.0,21.0
357,5,8,4,5.0,3.25,3.5,4.5,6,6,4,0.8302558908330526,4823.010556400996,0.06944444444444443,0.6111111111111112,no switch,0.0,0.0
358,4,2,35,3.75,2.75,3.5,3.75,3,2,3,0.44418666128211737,1258092.8153952325,0.17916666666666667,0.48888888888888893,no switch,60.0,44.0
359,10,6,9,5.0,2.25,4.0,4.0,5,5,4,0.9149693866919044,0.0,0.0,-0.17777777777777778,no switch,80.0,55.0
360,12,8,0,5.0,4.5,4.75,4.75,7,6,3,0.854506701602768,216072.30673893008,-0.06666666666666667,0.008333333333333338,no switch,0.0,53.0
361,10,8,11,4.5,2.5,4.5,4.0,6,7,4,0.8494039811567535,32.754951278309,0.002083333333333333,-0.022222222222222227,0.5186183635709287,40.0,46.0
362,0,7,2,4.5,2.5,5.0,4.5,4,7,4,0.8463292109697134,no switch,no switch,no switch,no switch,0.0,0.0
363,5,1,16,2.25,1.0,3.0,1.5,4,8,4,0.8332967456044182,109.29158777396874,0.38055555555555554,0.05000000000000001,no switch,60.0,55.0
364,12,8,0,5.0,3.25,4.5,5.0,5,2,3,0.856077019096816,0.0,0.0,-0.2,no switch,0.0,0.0
365,12,8,3,5.0,4.5,4.25,4.75,5,6,3,0.8968297130446036,1501199876836558.0,0.022222222222222237,0.5222222222222223,no switch,20.0,49.0
366,3,2,12,2.75,3.25,2.25,4.0,5,6,3,0.828356501006895,0.0,0.12222222222222223,0.3277777777777778,no switch,40.0,23.0
367,1,6,9,4.5,2.25,2.75,4.5,6,8,4,0.8030735363053548,4717.878902760957,-0.09722222222222221,0.06666666666666667,0.8769916274216562,100.0,55.0
368,9,8,14,4.5,4.25,4.0,4.75,4,4,4,0.8498890026876754,195.7597256672724,0.08680555555555554,0.17777777777777778,0.6522559718236339,20.0,56.0
369,10,7,14,4.75,2.25,4.25,4.75,4,4,4,0.728975597755077,4.825761367031629,0.09722222222222221,0.05555555555555556,0.15773497572342096,40.0,45.0
370,12,8,2,5.0,2.5,5.0,5.0,5,5,4,0.8065611545945643,-0.333223269233891,0.05555555555555555,0.6111111111111112,no switch,100.0,55.0
371,12,8,0,3.75,2.0,4.0,4.0,5,5,4,0.8131216041845051,0.0,0.0,0.5555555555555555,no switch,100.0,45.0
372,10,8,2,3.25,3.75,3.75,4.5,4,3,1,0.8464952254377988,14190754106.996391,-0.002777777777777768,0.3444444444444444,0.06395238841771637,0.0,53.0
373,10,8,1,4.75,1.5,5.0,3.5,5,7,2,0.775831180151282,40.57579006699883,-0.032638888888888884,-0.2222222222222222,no switch,40.0,45.0
374,11,8,1,2.75,1.75,4.75,3.75,6,7,4,0.8389656924036625,-0.333223269233891,0.11041666666666666,0.6111111111111112,no switch,60.0,42.0
375,10,8,9,3.75,2.0,4.75,4.75,5,3,4,0.7853465019797599,0.0,0.0,0.15,no switch,40.0,53.0
376,6,8,22,4.25,3.25,4.25,3.25,5,7,4,0.7679084241176016,0.0,0.0,-0.005555555555555554,1.2099292015784413,40.0,32.0
377,9,2,24,3.5,3.75,3.25,3.0,6,8,4,0.7644963627466352,16750.143885602567,-0.125,-0.027777777777777773,no switch,0.0,0.0
378,5,8,3,4.5,2.5,4.25,2.5,6,7,4,0.8823395296521349,0.0,0.0,-0.30000000000000004,no switch,60.0,46.0
379,0,8,0,4.25,3.5,4.0,4.25,4,8,4,0.8452520202256323,no switch,no switch,no switch,no switch,60.0,50.0
380,7,6,9,5.0,3.75,4.0,5.0,5,5,4,0.8050972827897526,0.0,0.0,0.10000000000000002,no switch,40.0,45.0
381,9,8,4,4.25,3.0,3.0,2.25,6,7,4,0.8562530919824636,4717.878902760957,-0.024305555555555552,0.1388888888888889,no switch,40.0,50.0
382,5,8,7,5.0,2.0,3.75,4.5,7,7,4,0.8039050968862461,0.0,0.20555555555555557,-0.2,no switch,100.0,63.0
383,9,6,32,4.25,3.25,3.75,4.25,6,5,4,0.8589876943171442,1046843.5192127033,-0.052083333333333336,-0.016666666666666663,no switch,80.0,42.0
384,11,8,0,5.0,2.5,4.75,3.5,5,5,2,0.8175146369211527,4381.927524364243,0.0,0.0,no switch,40.0,23.0
385,5,6,2,5.0,3.25,4.0,3.75,5,8,4,0.872397046315652,30.419413395942815,0.10833333333333334,0.3055555555555555,0.5350909021923504,0.0,0.0
386,4,8,4,3.75,1.25,3.25,2.75,6,8,4,0.8970595003445886,1062793.3533578464,-0.14791666666666667,0.3111111111111111,0.3359136512279333,100.0,33.0
387,9,6,11,4.25,3.0,4.0,3.5,5,6,4,0.75063344768868,4445.729263765739,0.010416666666666666,0.25555555555555554,no switch,20.0,36.0
388,11,8,0,4.25,3.0,4.5,4.75,3,0,4,0.814016591812676,4.118618374476825,0.19652777777777777,0.6111111111111112,0.1490891826463009,60.0,57.0
389,7,7,6,4.5,3.75,4.75,4.5,6,4,4,0.852813385436743,0.0,0.0,0.05555555555555556,0.42439795241408895,100.0,48.0
390,11,8,0,3.75,2.0,3.75,4.75,6,4,4,0.7727737296031172,0.9315923415345702,0.010416666666666666,-0.04444444444444443,no switch,20.0,35.0
391,2,8,6,4.0,3.75,5.0,3.25,7,7,4,0.7160870504312725,5.050210716011396,0.024305555555555552,0.31666666666666665,no switch,0.0,0.0
392,8,7,3,4.25,2.75,4.0,4.0,6,6,4,0.8362279362693825,0.0,0.0,0.18888888888888888,no switch,40.0,50.0
393,12,8,10,4.75,4.0,5.0,5.0,5,5,4,0.9093254595672767,1.7144237181276818,0.0,-0.061111111111111116,no switch,40.0,45.0
394,7,8,0,5.0,3.25,5.0,4.25,6,8,4,0.8268090325494593,0.0,0.0,0.3111111111111111,no switch,60.0,34.0
395,6,8,19,5.0,5.0,5.0,5.0,5,8,4,0.7505048295420003,712.8217132862605,-0.0027777777777777796,0.25,no switch,100.0,33.0
396,13,8,0,4.75,1.0,5.0,5.0,5,8,4,0.8208244881273741,0.0,0.0,0.06666666666666667,no switch,0.0,0.0
397,11,8,1,4.5,3.5,4.5,4.25,7,8,4,0.8303230581536684,0.3104781772960677,0.0,0.06666666666666667,0.858966196321929,100.0,55.0
398,0,5,5,4.0,2.0,4.25,3.75,3,3,4,0.808665855356947,no switch,no switch,no switch,no switch,60.0,32.0
399,1,5,9,4.25,2.5,3.5,3.0,4,3,4,0.8066404660732642,1054306.757844989,0.1111111111111111,0.10000000000000002,no switch,40.0,46.0
400,6,5,4,3.5,2.0,3.25,2.25,5,3,4,0.8752017081544451,0.0,0.0,0.6111111111111112,no switch,0.0,45.0
401,2,3,12,4.25,1.0,3.5,3.5,4,5,3,0.8164494685230735,350.00192409326706,-0.024999999999999998,0.41111111111111115,no switch,60.0,0.0
402,9,7,4,5.0,4.5,5.0,5.0,6,4,4,0.8204795179727528,0.0,0.3333333333333333,no switch,no switch,100.0,63.0
403,1,2,21,4.5,3.0,3.5,1.75,6,4,4,0.7471704630718758,1046448.5942936015,-0.06597222222222222,-0.2555555555555556,no switch,100.0,52.0
404,8,8,3,4.75,4.0,3.75,3.75,4,6,4,0.7767560483580235,0.0,0.0,-0.2888888888888889,no switch,40.0,33.0
405,12,8,1,4.75,4.25,4.5,4.5,6,8,4,0.8794635899355254,-0.35534905580554316,0.3069444444444444,0.2111111111111111,no switch,40.0,44.0
406,1,1,26,2.75,4.5,3.5,3.75,5,6,4,0.8120941455002817,0.3104781772960677,0.15555555555555553,0.13333333333333333,0.8982283219962782,20.0,24.0
407,4,8,3,5.0,3.25,4.0,3.75,6,8,4,0.8265255822517853,0.0,0.0,0.022222222222222223,no switch,100.0,45.0
408,2,8,2,4.5,4.0,3.5,4.0,7,6,4,0.779747319000014,44.46995909249589,0.0,0.13333333333333333,0.7409307310941051,100.0,55.0
409,7,8,31,4.5,2.75,5.0,3.25,5,8,4,0.7815059087629058,52.867762144461665,0.025,0.3111111111111111,no switch,60.0,67.0
410,10,7,2,4.5,2.75,4.5,3.75,5,5,3,0.7521846959396071,367.31232729079125,0.12777777777777777,0.07777777777777779,0.5460764865850027,40.0,41.0
411,7,8,31,4.5,2.75,5.0,3.25,5,8,4,0.734855438097406,52.867762144461665,0.07083333333333333,0.3111111111111111,no switch,60.0,67.0
412,9,8,11,4.75,4.5,4.75,4.0,5,5,2,0.8253141784776463,356.5980400299527,0.06597222222222222,0.2333333333333333,no switch,40.0,39.0
413,9,8,0,4.0,1.25,4.5,4.0,3,7,4,0.8685982564006515,1050866.220028645,-0.1722222222222222,-0.17777777777777778,no switch,100.0,55.0
414,10,8,1,4.0,3.0,3.25,3.25,6,4,4,0.8314083943782274,0.0,0.0,0.06666666666666667,no switch,20.0,45.0
415,4,5,10,5.0,4.0,2.0,3.0,7,8,4,0.8399144128428032,0.0,0.0,0.0,0.8876099747089672,60.0,45.0
416,12,8,2,4.0,3.25,5.0,5.0,5,6,4,0.7996627703618295,4.825761367031629,0.13055555555555554,0.15555555555555556,0.40503009961918285,40.0,45.0
417,7,8,1,4.0,3.25,3.5,3.0,6,7,4,0.8464724514265006,-0.6658272331016108,0.09722222222222221,0.061111111111111116,0.9010027628521439,100.0,26.0
418,13,8,5,4.25,2.75,4.25,5.0,5,8,4,0.877415935479757,7.238642050547444,0.1125,0.3444444444444444,no switch,40.0,55.0
419,6,8,16,3.25,3.5,4.0,3.5,4,2,3,0.8436366477434568,0.0,0.0,0.29444444444444445,1.4623653549133524,20.0,16.0
420,6,8,3,4.25,3.5,3.75,3.75,6,7,4,0.8186550593030991,1501199875790515.0,-0.08819444444444442,-0.07777777777777778,no switch,60.0,51.0
421,4,6,22,4.5,3.5,4.0,4.25,2,0,4,0.7892273515159032,0.0,0.0,-0.2888888888888889,no switch,40.0,45.0
422,6,8,14,4.5,2.5,3.5,3.5,5,5,4,0.8430471005538427,0.0,0.09305555555555556,-0.14444444444444446,1.9235933622316528,100.0,55.0
423,9,8,3,4.5,4.25,5.0,5.0,6,8,4,0.8184878467924596,90.62807202723366,0.03819444444444444,0.15555555555555556,0.8080473043281695,40.0,45.0
424,10,8,1,4.0,3.5,4.0,4.75,4,6,4,0.7826436650218714,31.82335893677443,0.021527777777777774,0.06666666666666667,1.1819179140637088,40.0,43.0
425,9,8,1,3.75,2.5,4.0,4.25,7,7,4,0.7743316718798617,0.0,0.0,0.005555555555555554,no switch,100.0,28.0
426,13,8,0,5.0,3.5,4.5,4.75,7,4,4,0.778071636584909,0.0,0.0,-0.14444444444444446,no switch,40.0,29.0
427,2,7,8,4.75,3.25,3.0,2.5,5,7,4,0.774681833122458,4.4290965517728935,0.0,0.2777777777777778,0.15773497572342096,40.0,39.0
428,0,7,5,5.0,5.0,5.0,4.5,2,3,4,0.8383176149381854,no switch,no switch,no switch,no switch,40.0,33.0
429,3,8,0,5.0,2.5,3.5,3.75,6,5,4,0.8357678659585958,0.0,0.0,-0.027777777777777776,no switch,100.0,23.0
430,10,8,2,4.5,1.25,4.5,4.25,4,2,4,0.8122081965727218,350.00192409326706,0.425,0.08888888888888889,no switch,40.0,37.0
431,0,8,2,4.5,3.25,4.5,4.0,3,5,4,0.8242895247864687,no switch,no switch,no switch,no switch,40.0,45.0
432,1,5,12,4.75,2.5,4.5,3.75,6,7,4,0.811892364153759,0.0,0.0,0.05555555555555555,0.8769916274216562,100.0,45.0
433,4,7,12,4.25,3.0,4.0,3.5,5,6,4,0.8011719784412403,195409.41945239317,0.10972222222222222,-0.025,no switch,40.0,67.0
434,1,8,4,4.0,3.0,4.0,3.5,6,8,4,0.8413200147389275,4381.927524364243,0.0375,0.2222222222222222,0.7771243562182821,20.0,44.0
435,5,8,4,5.0,2.75,2.75,4.0,6,8,4,0.8290644194845358,22.469387833789707,0.05902777777777777,0.0,1.0933206088271756,0.0,0.0
436,9,4,10,4.25,1.75,4.0,3.0,4,6,4,0.8284348168340857,0.0,0.0,-0.1111111111111111,no switch,60.0,44.0
437,5,8,6,4.25,3.25,4.0,2.75,6,8,4,0.8303139815252382,5.050210716011396,0.0,-0.061111111111111116,1.3501209091277144,80.0,28.0
438,0,6,0,4.5,1.75,4.0,5.0,3,7,4,0.8505595404203621,no switch,no switch,no switch,no switch,40.0,36.0
439,4,8,10,4.5,2.25,4.25,3.0,6,3,4,0.8536806315288481,14.13655013736249,0.013888888888888888,-0.24444444444444446,no switch,40.0,45.0
440,3,5,7,4.5,3.25,4.0,3.5,5,7,4,0.8316258387376366,0.0,0.0,-0.3111111111111111,no switch,100.0,39.0
441,9,8,1,4.0,3.0,4.0,3.5,4,4,4,0.785181418929048,no switch,no switch,0.20000000000000004,no switch,40.0,33.0
442,9,4,25,5.0,1.75,4.25,4.5,6,5,4,0.8454462258452542,0.0,0.0,0.5444444444444444,no switch,60.0,97.0
443,12,8,0,5.0,1.5,3.0,4.25,6,8,4,0.8920881303675953,2.197092974195832,0.14444444444444446,0.06666666666666667,0.8639972003243558,40.0,55.0
444,7,8,8,4.0,3.25,3.75,4.5,5,6,3,0.7677344537259799,1046756.0311855301,0.10416666666666667,0.45555555555555555,no switch,40.0,45.0
445,8,8,0,4.75,1.75,4.75,5.0,4,5,4,0.7862099702244892,0.0,0.0,-0.17777777777777778,2.3747157107264787,40.0,55.0
446,4,2,17,2.5,1.0,3.5,4.0,3,1,4,0.8237592859031956,1046498.3430499771,0.35000000000000003,-0.016666666666666666,no switch,100.0,100.0
447,5,8,1,5.0,1.75,3.75,4.25,5,5,4,0.8099085802117644,4.825761367031629,0.1638888888888889,0.0,no switch,20.0,42.0
448,0,8,20,3.5,3.75,4.0,4.0,3,4,4,0.8341445251063102,no switch,no switch,no switch,no switch,60.0,78.0
449,12,8,0,4.5,1.0,4.5,3.0,6,5,4,0.7789153030344363,0.0,0.0,0.6111111111111112,0.2684888601223636,60.0,62.0
450,5,6,23,4.25,2.5,4.75,5.0,5,8,4,0.8342042264017941,356.5980400299527,0.05625,0.049999999999999996,no switch,100.0,51.0
451,11,8,1,5.0,2.0,4.75,2.75,6,7,4,0.7051290644337943,695.1780868195025,0.030555555555555558,0.3333333333333333,1.060069164436812,0.0,0.0
452,13,8,2,4.75,4.0,5.0,5.0,4,8,4,0.8284695604513782,0.0,0.0,0.1388888888888889,no switch,100.0,67.0
453,5,5,5,4.5,4.25,4.5,4.5,4,8,4,0.8565503732574958,3926.0908074733034,0.11527777777777777,0.09444444444444444,0.7708079120407119,20.0,48.0
454,2,4,4,4.0,3.75,4.75,4.0,7,7,4,0.8328715159747693,1.7144237181276818,-0.010416666666666666,0.12222222222222223,0.9090634427558534,0.0,52.0
455,5,6,2,3.5,3.0,4.0,5.0,4,7,4,0.8856450620779897,0.0,0.0,0.06666666666666667,no switch,20.0,23.0
456,6,8,10,3.5,2.25,3.5,3.5,6,3,4,0.7899234541662881,4425.456968906145,-0.11180555555555555,-0.04444444444444443,no switch,60.0,56.0
457,9,8,2,4.75,2.0,4.5,4.5,5,5,4,0.6244426587507419,4717.878902760957,0.03333333333333333,0.5222222222222223,no switch,60.0,45.0
458,0,7,2,4.5,2.75,3.25,3.0,2,3,4,0.8491771387389244,no switch,no switch,no switch,no switch,20.0,32.0
459,1,5,14,3.0,1.25,3.5,1.75,4,4,4,0.8389683508005602,4717.878902760957,-0.09722222222222221,no switch,no switch,0.0,52.0
460,8,8,2,4.25,2.75,3.5,4.0,6,5,4,0.805467684543317,4.825761367031629,0.13055555555555554,-0.12777777777777777,no switch,60.0,33.0
461,13,8,3,1.5,2.0,4.75,4.5,6,8,3,0.8124796179203987,0.0,0.09722222222222221,-0.044444444444444446,no switch,40.0,45.0
462,9,8,5,3.75,2.5,4.5,3.5,4,1,4,0.8168484718396315,6.229706907863243,0.08194444444444444,0.049999999999999996,no switch,20.0,43.0
463,4,3,9,2.75,2.75,5.0,3.75,7,8,4,0.750918275638465,0.0,0.0,0.0,1.0933206088271756,60.0,33.0
464,10,1,4,3.5,1.75,4.75,3.25,5,4,4,0.8312685988609554,0.0,0.0,-0.022222222222222216,0.7733625337722952,40.0,42.0
465,7,3,35,4.25,3.25,4.0,3.5,4,2,4,0.23852980526778952,1501213610697763.2,-0.08333333333333333,0.6111111111111112,no switch,60.0,44.0
466,1,6,23,5.0,4.0,3.5,3.5,6,8,4,0.7665857790510937,0.0,0.0,0.0,1.0933206088271756,100.0,29.0
467,5,7,31,4.75,2.5,3.75,3.5,4,5,3,0.8082657978800184,0.0,0.0,0.13333333333333333,no switch,40.0,63.0
468,8,8,6,4.25,1.5,4.0,4.5,4,2,4,0.814591691837403,800.3097404595413,0.225,0.2222222222222222,no switch,100.0,55.0
469,4,8,3,4.75,4.25,4.75,4.75,5,8,4,0.8848597368709737,398.0649639559679,0.2833333333333333,0.0,no switch,60.0,63.0
470,4,1,15,3.75,2.5,4.5,3.0,3,3,2,0.8397332469831899,4823.010556400996,0.15277777777777776,-0.011111111111111108,no switch,40.0,56.0
471,7,8,22,4.75,1.5,3.5,4.0,7,8,4,0.8297641195485697,0.0,0.0,0.5222222222222223,no switch,20.0,31.0
472,8,8,6,4.5,2.25,4.0,2.75,6,4,4,0.8123113266880243,4.825761367031629,0.13055555555555554,-0.16666666666666666,2.3747157107264787,80.0,64.0
473,1,6,4,5.0,3.25,4.0,3.75,6,6,4,0.7927354714830426,380.4213374892099,0.01944444444444444,0.049999999999999996,0.7547009488854908,60.0,46.0
474,3,4,3,5.0,2.5,3.75,3.25,6,7,4,0.8404287155439242,4503599627370495.0,-0.20833333333333331,0.18888888888888888,no switch,60.0,33.0
475,0,5,4,3.0,3.25,3.0,4.25,7,8,4,0.8255662639384884,0.0,0.0,0.0,1.0933206088271756,100.0,43.0
476,5,8,1,4.25,4.5,2.0,1.5,6,7,4,0.8466656563582595,0.0,0.0,0.3444444444444444,0.4292610704479629,0.0,0.0
477,2,8,3,5.0,5.0,4.25,4.75,5,5,4,0.8325364261860673,0.0,0.008333333333333333,-0.1111111111111111,no switch,100.0,80.0
478,2,8,2,4.75,3.0,4.5,4.5,6,8,4,0.8061165548902576,13.717322427319184,0.001388888888888884,no switch,no switch,100.0,73.0
479,9,8,2,5.0,4.25,5.0,5.0,6,8,4,0.8038374451774297,405.3848213575263,0.010416666666666666,0.12222222222222223,no switch,40.0,45.0
480,10,7,11,3.75,4.0,4.25,5.0,5,4,4,0.8123168555410587,4533.21729093902,0.24930555555555553,0.22777777777777777,no switch,40.0,33.0
481,2,0,10,3.0,2.25,3.25,3.25,5,2,4,0.8583809601083405,0.5983690723006792,0.16944444444444443,-0.08888888888888889,no switch,40.0,45.0
482,5,4,34,3.5,3.5,3.5,3.5,6,1,3,0.8848593112332027,1501200354201699.0,0.08888888888888889,0.5,no switch,40.0,71.0
483,4,8,7,4.0,2.25,4.75,5.0,5,3,4,0.8476678394111767,0.0,0.027083333333333334,-0.19444444444444445,no switch,100.0,55.0
484,6,8,13,5.0,3.5,4.75,5.0,6,4,4,0.817975843969639,0.0,0.04722222222222222,-0.05555555555555555,no switch,60.0,33.0
485,5,8,5,5.0,2.5,4.75,2.0,6,7,4,0.8173832860595948,4823.010556400996,-0.022222222222222216,0.06666666666666667,0.9063883015124318,0.0,45.0
486,5,8,2,4.75,1.5,3.5,1.75,6,8,3,0.8183189078475227,0.0,-0.09722222222222221,-0.027777777777777776,1.17114941545625,40.0,48.0
487,6,6,3,3.75,2.75,3.5,2.5,5,1,2,0.8675216273369065,2288186.1907223333,0.19999999999999998,-0.2222222222222222,1.0047233035906424,40.0,38.0
488,8,8,2,5.0,3.0,3.75,1.25,4,2,4,0.8272543033595102,0.3104781772960677,-0.008333333333333333,-0.1,no switch,40.0,55.0
489,9,7,0,4.5,4.25,3.75,4.75,3,1,4,0.822890252032214,7.238642050547444,0.1125,0.0,no switch,40.0,45.0
490,3,8,26,3.5,2.25,3.75,3.25,4,4,4,0.7893960915369216,4823.010556400996,0.08333333333333333,0.3444444444444444,no switch,80.0,55.0
491,6,2,0,3.25,2.5,4.25,4.0,5,6,2,0.8458255725463196,346.10775506777003,-0.03958333333333333,-0.04444444444444445,no switch,40.0,45.0
492,10,7,9,3.25,1.75,3.5,3.75,3,4,4,0.8103255389160995,4717.878902760957,0.36944444444444446,0.6111111111111112,no switch,0.0,0.0
493,6,7,7,4.75,1.25,3.5,2.0,6,6,4,0.8294473754774533,0.0,0.0,0.29444444444444445,0.3637886533452039,20.0,28.0
494,3,8,14,5.0,3.0,3.25,3.5,6,4,4,0.874075416319592,0.0,0.0,0.16666666666666666,no switch,40.0,45.0
495,3,8,5,4.75,4.0,3.5,4.0,4,2,4,0.8208701093522659,4372.7027400347215,-0.015277777777777777,0.06666666666666667,no switch,40.0,45.0
496,11,6,20,4.25,4.5,4.25,4.75,2,3,4,0.8484958170874565,13713779775.148512,0.08333333333333333,0.5555555555555555,no switch,40.0,76.0
497,10,8,10,3.75,3.5,4.5,5.0,4,6,4,0.7896039958469241,0.5983690723006792,0.43472222222222223,0.0,2.275311734520407,40.0,37.0
498,10,8,6,4.75,1.75,5.0,4.75,4,4,2,0.8363924127374428,3926.0908074733034,-0.005555555555555559,0.12222222222222223,no switch,60.0,50.0
499,3,5,12,5.0,2.5,4.0,3.5,6,6,4,0.809314405192123,14.13655013736249,-0.032638888888888884,-0.24444444444444446,no switch,0.0,33.0
500,8,7,5,5.0,1.0,3.5,2.75,5,5,4,0.7779988343258154,0.0,0.0,-0.3333333333333333,no switch,100.0,55.0
501,5,8,17,4.25,3.25,4.5,4.0,4,5,4,0.8744202002972393,2.197092974195832,0.0,-0.6666666666666666,no switch,100.0,58.0
502,8,6,5,4.25,1.75,4.0,3.0,6,4,4,0.8087924490422145,4.911765807841044,0.012499999999999999,0.11666666666666665,no switch,60.0,66.0
503,9,8,1,5.0,1.75,3.75,4.5,5,3,2,0.8092207677780782,22369621.0,0.3333333333333333,0.6111111111111112,no switch,40.0,0.0
504,10,8,27,5.0,1.0,2.5,1.75,7,2,4,0.7593401347023482,1501199875985574.2,0.0888888888888889,0.6111111111111112,no switch,100.0,57.0
505,7,7,9,4.25,3.0,3.75,3.0,4,5,4,0.8306366372443613,0.0,0.057638888888888885,0.10000000000000002,0.8982283219962782,60.0,29.0
506,11,8,0,5.0,4.0,3.75,4.5,6,5,1,0.7473911939669278,86.7339030017366,-0.024305555555555552,0.0888888888888889,no switch,0.0,0.0
507,13,7,0,4.75,4.25,4.5,4.75,4,5,0,0.9148464990929989,3002399751775739.5,0.03333333333333333,no switch,no switch,60.0,40.0
508,3,0,23,3.25,4.0,2.75,4.25,4,4,4,0.8293552545299296,8263.54837274505,0.0,0.05000000000000001,no switch,80.0,40.0
509,5,8,44,3.5,4.0,3.75,3.75,6,2,2,0.9004189403007185,1501199875790164.2,0.038888888888888896,0.3444444444444445,no switch,40.0,49.0
510,6,8,0,5.0,3.25,4.5,4.75,5,7,4,0.839392187938523,4.825761367031629,-0.016666666666666666,0.2611111111111111,no switch,40.0,33.0
511,12,8,4,4.75,3.5,4.75,4.75,6,7,4,0.8513894329948557,3002399773949950.5,-0.2569444444444444,0.22777777777777777,no switch,40.0,27.0
512,6,7,36,4.75,4.25,4.5,4.75,4,4,4,0.6781395435474709,4374.1066855755535,0.32569444444444445,0.17777777777777778,0.687351108323267,20.0,22.0
513,8,5,26,3.5,3.25,4.5,4.0,4,7,4,0.821168913834455,14.13655013736249,0.09166666666666667,-0.07777777777777778,2.2347066493715273,40.0,49.0
514,9,8,7,4.75,2.25,3.5,5.0,3,5,4,0.8113318630015091,40.57579006699883,-0.032638888888888884,0.1111111111111111,0.9160046386840262,40.0,45.0
515,10,8,4,5.0,2.25,4.25,3.75,6,8,4,0.8544946926081781,0.0,0.016666666666666666,0.05000000000000001,0.9491614205662753,100.0,48.0
516,9,8,10,4.0,1.75,3.75,4.0,6,6,4,0.82447411900733,500602040.8375117,-0.2652777777777778,-0.19166666666666665,no switch,40.0,64.0
517,4,8,5,4.75,1.25,2.5,1.5,6,7,4,0.7256092027895056,1501200354006294.2,-0.05763888888888887,0.03333333333333333,no switch,40.0,15.0
518,4,8,0,4.5,3.75,5.0,5.0,6,8,4,0.7814597203393453,0.0,0.0,0.0,1.0933206088271756,100.0,35.0
519,9,5,1,4.25,3.0,3.0,3.75,5,6,4,0.8367046674514341,0.0,0.03333333333333333,0.13333333333333333,1.8036822735832594,100.0,55.0
520,3,5,1,4.0,1.75,4.0,3.25,6,2,4,0.6788062918974058,0.0,0.0,0.38888888888888884,no switch,60.0,45.0
521,7,5,8,4.75,1.5,4.5,3.5,5,2,2,0.8355338234414447,4717.878902760957,-0.06388888888888887,0.061111111111111116,no switch,40.0,46.0
522,2,5,4,4.75,2.75,3.5,4.0,5,8,4,0.8476623831788042,109.95741500707037,-0.05833333333333333,0.5777777777777778,no switch,40.0,34.0
523,10,8,3,4.0,3.0,4.5,4.25,5,2,3,0.8917209707686683,380.4213374892099,0.08194444444444444,0.49444444444444446,no switch,0.0,27.0
524,8,2,16,4.25,1.0,3.5,4.0,5,5,4,0.7874669542009982,0.0,0.0,0.25,no switch,100.0,48.0
525,11,8,0,4.25,2.25,4.0,4.0,6,8,4,0.8413399950406412,0.0,0.0,0.12222222222222223,0.800465946647103,100.0,36.0
526,6,8,8,3.75,2.5,5.0,4.0,4,4,4,0.7680936511406008,20667.713047903984,-0.004166666666666666,-0.04444444444444443,1.4623653549133524,60.0,60.0
527,5,8,7,4.5,3.0,3.25,3.5,6,3,4,0.8149885642623073,0.0,0.0,-0.35555555555555557,no switch,40.0,33.0
528,0,6,5,3.5,2.5,3.5,3.0,4,2,4,0.8490961106492158,no switch,no switch,no switch,no switch,40.0,26.0
529,6,7,1,3.5,4.0,3.75,4.0,6,6,4,0.8942967607708553,346.10775506777003,0.036111111111111115,-0.027777777777777773,1.0419065930474969,60.0,34.0
530,5,7,6,5.0,3.75,3.75,3.75,6,7,4,0.8596888476379198,4.825761367031629,-0.03333333333333333,0.09444444444444444,0.6632845707719408,100.0,55.0
531,10,7,10,3.25,2.5,4.75,4.0,5,2,4,0.8064271657509727,800.3097404595413,0.35000000000000003,0.18333333333333335,no switch,40.0,67.0
532,5,8,9,3.75,3.75,4.0,4.0,6,5,4,0.8312133973617604,0.0,0.09722222222222221,-0.26666666666666666,no switch,20.0,15.0
533,0,8,11,4.25,2.0,4.5,4.75,4,6,4,0.8559644178213537,no switch,no switch,no switch,no switch,60.0,76.0
534,11,8,7,4.25,3.25,3.75,3.75,7,4,4,0.7434378126917798,4.825761367031629,0.09722222222222221,0.08333333333333333,0.785926085354509,60.0,53.0
535,0,3,27,3.25,3.5,4.5,4.0,4,5,4,0.886604179503796,12.871049504701228,-0.024305555555555552,0.016666666666666666,no switch,0.0,42.0
536,7,6,1,5.0,4.25,3.25,3.0,6,8,4,0.8626604287371663,0.0,0.0,0.25,no switch,0.0,0.0
537,0,8,5,4.75,1.0,3.75,2.0,4,5,4,0.7508761547841691,0.0,0.0,no switch,no switch,100.0,45.0
538,6,8,3,4.25,3.25,4.0,2.75,5,3,4,0.7827519134008153,1501199876836558.0,-0.07777777777777777,-0.24444444444444446,no switch,100.0,60.0
539,4,5,41,5.0,4.25,4.5,3.0,4,1,4,0.8172632202797426,367.64555056002513,0.4083333333333334,0.3444444444444445,no switch,40.0,33.0
540,9,8,2,4.75,1.5,4.0,4.5,3,6,4,0.6973896197929546,14.050545696553074,0.0,no switch,no switch,40.0,55.0
541,2,6,1,4.5,2.25,3.5,1.5,5,5,4,0.8475254329982106,0.0,0.21805555555555553,0.0,no switch,20.0,40.0
542,3,8,14,4.25,4.0,2.75,4.0,3,3,3,0.8348776533913306,346.8905864443631,-0.06041666666666667,0.3,0.7112003633004849,0.0,0.0
543,11,8,3,3.0,3.25,4.75,4.75,5,5,4,0.8026948545943908,1046756.0311855301,0.2916666666666667,0.0,2.0645459251542007,60.0,41.0
544,3,8,6,4.0,2.0,5.0,4.75,6,4,4,0.7970866898240232,356.5980400299527,-0.013888888888888888,0.005555555555555554,no switch,40.0,31.0
545,12,7,30,4.5,1.75,4.0,2.75,2,2,2,0.8152416980651539,1246165.682066031,0.05555555555555555,0.24444444444444446,no switch,40.0,45.0
546,8,7,16,3.25,1.5,3.0,3.25,6,5,4,0.861290610955271,369.0494961008567,0.05347222222222222,0.6111111111111112,no switch,40.0,60.0
547,10,5,24,4.0,3.5,4.75,4.75,5,8,3,0.7541439675486334,-0.9711920821388641,0.0,0.011111111111111108,no switch,20.0,29.0
548,5,7,4,4.5,3.0,4.0,4.25,7,8,4,0.8573577089735732,4735.5225292277155,-0.08194444444444444,0.6111111111111112,0.2323969747012262,20.0,45.0
549,5,8,13,4.75,4.0,4.5,4.0,6,8,4,0.804016574314575,41.84129069966009,0.05972222222222221,-0.061111111111111116,no switch,60.0,33.0
550,8,7,1,3.25,2.5,3.25,3.5,5,6,4,0.8496513681650871,16299.836069236293,0.16805555555555554,-0.1111111111111111,no switch,100.0,100.0
551,7,7,15,4.25,3.75,3.25,4.0,5,3,4,0.6669474226939173,0.3104781772960677,0.10138888888888888,-0.1111111111111111,no switch,100.0,35.0
552,2,2,51,3.25,2.25,3.25,4.0,5,7,4,0.8411520279875887,0.0,0.0,-0.2555555555555556,no switch,80.0,28.0
553,4,6,0,4.25,2.75,3.5,4.25,4,4,4,0.8420341097718984,0.0,0.3,-0.24444444444444446,no switch,20.0,51.0
554,10,5,27,3.75,2.25,4.75,4.75,4,2,4,0.7751680671333161,13713779775.148512,-0.27499999999999997,0.17777777777777778,no switch,80.0,13.0
555,11,7,0,4.0,1.5,4.5,4.75,6,4,2,0.7693959300952585,4487.059178004282,0.2736111111111111,0.12777777777777777,no switch,100.0,55.0
556,6,3,15,4.25,1.0,2.75,3.0,3,0,4,0.7773189704181119,0.0,0.01875,0.19444444444444442,no switch,40.0,29.0
557,7,7,6,4.0,3.5,3.5,4.0,5,6,4,0.8118096132748579,4.825761367031629,0.13055555555555554,0.06666666666666667,no switch,100.0,28.0
558,9,4,34,2.5,3.25,3.25,2.5,2,8,3,0.8446255427251037,1501200376375910.8,0.05555555555555555,0.6111111111111112,no switch,0.0,0.0
559,0,7,13,4.25,2.75,4.5,3.25,2,1,4,0.8400957753879768,no switch,no switch,no switch,no switch,40.0,40.0
560,1,5,11,4.75,3.5,3.75,3.5,6,7,4,0.8635738288549358,1501199875794555.2,-0.10833333333333334,0.0,0.9514758127934604,40.0,43.0
561,2,8,12,4.0,2.25,4.5,3.75,6,8,4,0.8196873240523819,-0.333223269233891,0.05555555555555555,-0.35555555555555557,0.8769916274216562,0.0,21.0
562,11,8,1,5.0,1.75,4.5,3.0,6,5,4,0.7048331921372492,109.95741500707037,0.43333333333333335,no switch,no switch,60.0,55.0
563,7,8,20,5.0,3.25,4.75,4.5,6,8,4,0.8386999038443815,0.0,0.0,0.016666666666666666,0.8982283219962782,60.0,55.0
564,1,8,3,4.5,3.75,3.75,5.0,6,7,3,0.8651158493859591,0.0,0.0,-0.044444444444444446,no switch,60.0,78.0
565,9,4,9,3.0,3.25,3.25,3.5,3,2,3,0.7788445583721342,1050761.088375005,-0.041666666666666664,0.06666666666666667,no switch,0.0,27.0
566,7,3,16,3.75,3.0,3.25,2.5,2,0,1,0.7932267408532025,501632134.2128388,-0.041666666666666664,0.49444444444444446,no switch,60.0,34.0
567,0,4,21,3.5,2.5,3.5,2.25,3,4,4,0.7977619714260006,501632134.2128388,0.13888888888888887,0.26111111111111107,no switch,60.0,45.0
568,5,8,5,5.0,3.0,4.75,3.5,5,8,4,0.8266895959801278,14.050545696553074,0.027777777777777776,0.3444444444444445,0.7320478574474195,20.0,33.0
569,13,8,2,5.0,3.75,4.75,5.0,4,6,4,0.8731512321419077,380.4213374892099,0.027777777777777776,0.0,1.1819179140637088,40.0,46.0
570,7,6,0,3.0,2.5,3.5,2.25,3,4,3,0.8532732025641208,114.07603338154719,0.10069444444444443,-0.43333333333333335,no switch,20.0,20.0
571,7,5,27,5.0,2.75,2.75,4.0,6,7,4,0.7873240216607158,4823.010556400996,-0.1638888888888889,0.016666666666666666,1.0339594005419852,40.0,45.0
572,7,7,42,5.0,4.5,4.5,5.0,5,8,4,0.8097613593381073,1501199876836555.8,0.09999999999999999,0.0,no switch,100.0,0.0
573,4,8,0,4.0,2.0,3.75,2.5,6,6,4,0.7467348177815093,0.0,0.0,0.24444444444444446,no switch,40.0,31.0
574,5,8,0,4.75,3.5,5.0,5.0,6,6,4,0.7366743780456423,0.0,0.14305555555555557,-0.04444444444444443,1.4786645292888698,80.0,55.0
575,8,8,12,5.0,3.0,5.0,4.75,4,4,3,0.7968096250894162,0.0,0.0,0.011111111111111118,no switch,60.0,57.0
576,10,8,32,4.5,3.25,4.25,4.25,3,5,4,0.8126810061660891,0.0,0.0,0.6111111111111112,no switch,100.0,45.0
577,6,3,12,4.25,2.5,4.25,1.5,5,6,4,0.8767647530432661,1501199877031962.8,-0.27777777777777773,0.3,no switch,40.0,30.0
578,6,8,16,5.0,2.25,4.5,4.75,6,8,3,0.7847949226703349,0.0,0.0,no switch,no switch,40.0,60.0
579,6,2,17,5.0,2.0,4.0,2.75,3,7,4,0.8421572784434336,44.46995909249589,0.03472222222222222,-0.05,0.8674116776978056,40.0,33.0
580,12,8,17,4.0,3.5,3.75,3.5,5,5,4,0.8266885806388495,0.0,0.23055555555555554,-0.10000000000000002,no switch,40.0,38.0
581,7,8,16,4.75,4.5,3.75,4.5,6,7,4,0.8149293910529841,2.197092974195832,0.1722222222222222,0.06666666666666667,0.7591011446739782,40.0,33.0
582,11,8,10,4.25,2.25,3.5,2.75,6,6,4,0.8217308842074919,4533.21729093902,-0.02291666666666667,0.1111111111111111,1.8901395748554446,60.0,60.0
583,2,6,3,4.0,2.75,3.5,4.5,6,3,2,0.8491106763558983,1501199898164154.0,0.1111111111111111,-0.03888888888888888,no switch,80.0,53.0
584,0,7,4,4.5,1.75,2.75,4.25,1,2,4,0.8155351377327862,no switch,no switch,no switch,no switch,20.0,35.0
585,0,1,9,4.75,4.25,2.5,4.5,6,5,4,0.7952335422376222,0.0,0.0,0.6111111111111112,no switch,40.0,67.0
586,7,7,0,5.0,2.25,5.0,4.25,6,7,4,0.849338997044909,0.0,-0.05555555555555555,0.4388888888888889,0.4314710574487579,40.0,42.0
587,0,8,1,4.0,3.5,1.75,2.75,7,8,4,0.7984361370274673,12.249935340462725,0.014583333333333332,0.3333333333333333,no switch,0.0,18.0
588,0,1,5,3.5,2.75,3.75,3.75,3,8,4,0.837625481725469,no switch,no switch,no switch,no switch,40.0,45.0
589,13,8,0,4.25,3.25,4.5,4.5,6,8,4,0.8292610935567696,8.944379741508454,0.24791666666666667,0.1388888888888889,1.0421520684899865,40.0,43.0
590,4,8,0,4.75,4.75,5.0,3.0,6,8,4,0.7850942021072982,6.315711348672657,0.03888888888888889,0.22222222222222224,no switch,40.0,38.0
591,10,8,5,3.75,1.75,3.75,2.25,6,4,4,0.817588723350235,4.825761367031629,0.09722222222222221,-0.044444444444444446,1.2771425265378171,100.0,52.0
592,6,7,4,4.75,2.75,4.75,4.75,5,2,2,0.849147235481024,1501199875790515.0,-0.07777777777777777,0.10555555555555557,no switch,60.0,72.0
593,12,7,3,4.5,3.75,4.5,4.5,6,8,4,0.8683234857806305,3002399751583880.5,0.06666666666666667,0.6666666666666667,no switch,40.0,32.0
594,9,8,15,5.0,1.25,3.25,2.75,6,8,3,0.8376051278293751,0.0,0.0,-0.26666666666666666,no switch,40.0,42.0
595,13,8,0,4.25,2.25,4.75,4.75,6,4,4,0.8269677836369396,4717.878902760957,0.03333333333333333,0.04444444444444445,no switch,20.0,42.0
596,10,8,1,3.75,1.75,4.0,3.25,4,7,4,0.8447901396838495,-0.9711920821388641,0.23680555555555557,0.12222222222222223,no switch,60.0,59.0
597,6,7,11,2.75,1.5,4.25,3.75,6,4,3,0.834027223982674,-0.333223269233891,0.05555555555555555,0.049999999999999996,1.5130253515363092,0.0,14.0
598,5,3,18,3.75,1.75,4.75,2.5,4,2,4,0.7936187597940098,0.0,0.016666666666666666,no switch,no switch,0.0,0.0
599,4,8,1,4.5,4.0,4.25,4.0,7,7,3,0.7918442018194579,1050778.7320014716,-0.06944444444444443,0.2555555555555556,0.5933801915120027,40.0,53.0
600,4,7,20,5.0,2.25,4.25,2.25,6,6,4,0.8110538081213491,3.601038515027446,0.03819444444444444,0.2333333333333333,1.0599387049183868,40.0,56.0
601,13,8,0,3.75,2.75,4.25,4.5,6,8,4,0.8182430849651211,0.0,0.0,0.22777777777777777,no switch,0.0,43.0
602,7,5,0,2.75,1.75,3.75,2.75,5,8,4,0.7886499918379967,0.0,0.18472222222222223,0.11666666666666665,0.7221524042906404,60.0,41.0
603,3,8,23,3.5,2.75,4.25,4.5,7,8,4,0.8505206418081416,0.0,0.13055555555555554,0.0,0.8876099747089672,0.0,0.0
604,0,8,0,4.0,3.25,4.0,4.25,4,8,4,0.7147505271280461,no switch,no switch,no switch,no switch,0.0,0.0
605,6,8,11,4.25,2.75,5.0,2.75,5,7,4,0.8526002127223364,39.95467590276033,0.10694444444444444,0.09999999999999999,0.6729639646601451,100.0,45.0
606,10,8,9,4.0,2.25,4.5,4.75,4,2,4,0.8345491448408642,1046733.8722758736,-0.01805555555555555,0.05000000000000001,1.3892156686104349,40.0,47.0
607,9,6,3,4.25,3.25,4.5,4.5,3,2,4,0.8687143373719539,1501199876836663.2,-0.11944444444444442,0.5111111111111112,no switch,60.0,9.0
608,12,8,2,4.0,2.75,4.5,4.5,4,5,4,0.8190215971044853,1050778.7320014716,0.22777777777777777,0.35000000000000003,no switch,40.0,45.0
609,6,8,13,5.0,4.25,3.25,4.25,6,6,4,0.8565051497294963,6.229706907863243,-0.016666666666666666,-0.12777777777777777,no switch,40.0,55.0
610,4,4,27,4.0,3.75,4.0,4.0,4,3,4,0.8228407247462245,4717.878902760957,-0.011111111111111108,no switch,no switch,40.0,46.0
611,4,8,0,5.0,4.5,5.0,3.0,4,7,4,0.8388099573577347,712.8217132862605,-0.007638888888888885,0.13333333333333333,0.6346126531162575,100.0,0.0
612,13,8,0,4.0,2.5,5.0,4.25,7,8,4,0.8731282557276656,0.0,0.0,-0.12222222222222223,no switch,100.0,67.0
613,3,8,7,4.0,3.5,4.25,4.25,7,8,4,0.8435772156085567,0.0,0.0,0.27777777777777773,0.367255117293829,80.0,55.0
614,8,7,7,5.0,1.5,3.5,1.5,2,3,4,0.8798679274620831,0.0,0.0,0.5555555555555555,no switch,20.0,45.0
615,4,8,7,4.75,3.0,3.5,1.25,6,7,4,0.8067656920247979,0.3104781772960677,0.0,0.0,1.0933206088271756,0.0,0.0
616,0,8,14,4.0,2.0,2.5,2.25,5,6,4,0.79743802629114,354.4009470557569,0.06805555555555555,0.06666666666666667,no switch,40.0,43.0
617,2,4,13,3.5,2.5,3.25,3.5,6,6,4,0.8444674141711589,4823.010556400996,0.0,-0.016666666666666666,1.271425269689629,80.0,45.0
618,9,7,10,4.0,3.0,5.0,3.5,3,7,4,0.8344701045438577,0.0,0.07361111111111111,0.005555555555555554,1.6710194613885434,60.0,28.0
619,3,8,6,4.5,4.25,4.75,4.25,4,5,4,0.7737171695479321,0.0,0.0,0.49444444444444446,no switch,40.0,45.0
620,1,2,10,4.25,3.25,3.0,3.75,4,3,4,0.8834243388387725,4428.085637298981,-0.03680555555555556,-0.09166666666666667,no switch,0.0,0.0
621,3,8,17,4.0,3.5,3.25,3.0,4,6,4,0.8614879890785323,12.871049504701228,-0.04305555555555555,-0.12777777777777777,2.713546347741666,20.0,42.0
622,7,8,12,5.0,3.5,3.75,4.5,6,3,4,0.8074982660355133,2.197092974195832,-0.006250000000000001,0.6111111111111112,0.06578139059137558,40.0,45.0
623,11,8,3,4.0,2.75,4.5,4.75,5,4,4,0.7821079511335749,2.197092974195832,0.024999999999999998,0.11666666666666665,no switch,20.0,39.0
624,10,4,15,5.0,1.75,4.75,4.0,6,6,4,0.8412809575753338,0.0,0.0,0.5111111111111112,no switch,0.0,0.0
625,2,1,12,5.0,4.75,2.5,5.0,3,7,4,0.7946812285479101,4.4925380977977385,0.48055555555555546,-0.16111111111111112,no switch,0.0,52.0
626,6,8,29,4.25,3.75,4.0,4.25,5,6,2,0.8223288223307856,4479.2383392155925,0.19652777777777777,0.011111111111111108,no switch,60.0,33.0
627,6,8,0,5.0,3.75,1.0,2.5,6,8,4,0.8374840185230411,3895.6713940773607,-0.14166666666666666,0.6111111111111112,0.2684888601223636,0.0,0.0
628,7,6,5,4.75,3.0,3.25,3.25,3,2,4,0.7833476395043111,4367.87697866769,0.008333333333333333,0.2111111111111111,1.288355205774712,60.0,67.0
629,8,0,18,3.5,1.5,4.25,3.0,5,7,4,0.8312353120061579,0.0,0.0,0.0,no switch,40.0,36.0
630,12,8,7,3.25,3.25,4.25,4.25,5,3,2,0.8092995095386029,0.0,0.18888888888888888,0.06666666666666667,no switch,0.0,33.0
631,9,3,9,4.25,1.75,4.75,4.75,2,2,4,0.8509557560106049,485.5529911292486,0.061111111111111116,0.11666666666666665,no switch,60.0,40.0
632,7,8,11,4.5,1.75,4.5,2.75,6,2,4,0.9067385495784751,-0.3053648490372533,0.03333333333333333,0.6111111111111112,no switch,20.0,1.0
633,10,8,18,4.0,2.25,3.5,4.25,5,8,4,0.7852055349927172,4372.7027400347215,0.075,0.09444444444444444,0.6974903374510393,100.0,29.0
634,0,1,15,3.75,1.0,4.0,3.75,6,7,4,0.837121244593173,1046843.5192127033,-0.05486111111111112,0.22222222222222224,0.4536058064315725,60.0,55.0
635,10,8,4,4.75,3.5,4.5,5.0,6,8,4,0.8243681795247683,479262518.0386002,-0.03055555555555554,0.10000000000000002,no switch,40.0,31.0
636,5,6,4,3.75,3.0,3.75,3.5,5,7,4,0.8152854570012505,0.0,0.0,0.6666666666666667,no switch,20.0,49.0
637,4,8,13,3.5,2.0,3.5,4.75,5,7,4,0.788259301948614,44.46995909249589,0.048611111111111105,-0.1111111111111111,no switch,20.0,25.0
638,13,7,2,4.5,2.0,4.5,4.0,6,5,4,0.8494427604628676,0.0,0.0,0.13333333333333333,no switch,100.0,55.0
639,0,7,17,4.25,1.0,1.25,2.5,6,7,4,0.8352658921496635,0.0,0.0,0.5555555555555555,no switch,0.0,0.0
640,5,8,10,3.75,2.25,3.0,3.5,5,1,2,0.8748335445860695,109.95741500707037,0.1972222222222222,0.0,no switch,40.0,29.0
641,5,2,12,4.0,1.5,2.5,3.25,6,5,4,0.773576368233949,376.87033488954654,0.16111111111111112,0.3444444444444444,no switch,40.0,43.0
642,5,8,5,5.0,4.0,4.25,4.75,6,8,4,0.8127893399820518,485.5529911292486,0.12777777777777777,0.3111111111111111,no switch,40.0,33.0
643,11,4,0,4.75,2.0,3.5,2.75,6,8,4,0.9026326763286306,0.0,0.0,0.0,0.8876099747089672,100.0,55.0
644,6,8,8,4.5,3.0,4.0,3.75,3,1,3,0.8103247769378086,695.1780868195025,0.08055555555555556,0.04444444444444443,no switch,40.0,34.0
645,11,8,10,3.25,3.25,4.0,4.5,5,8,4,0.8019819182472252,479457922.63229126,0.1722222222222222,no switch,no switch,100.0,0.0
646,3,8,9,3.75,2.75,4.0,3.5,6,6,4,0.8164464785315521,0.0,0.0,0.12222222222222223,0.5846413073003001,40.0,40.0
647,10,8,0,3.0,2.75,4.0,3.25,6,7,4,0.850428140458635,3002399773949950.5,0.0,0.49444444444444446,0.2812256375456804,80.0,55.0
648,3,3,8,4.25,2.0,3.25,2.5,6,7,4,0.8176873512066184,0.0,0.008333333333333333,0.17222222222222225,1.4133450453020469,40.0,48.0
649,7,7,7,3.5,1.75,4.75,4.0,6,6,4,0.8539914340376199,0.0,0.0,0.1,no switch,100.0,55.0
650,7,7,27,3.75,2.25,3.25,2.25,4,5,4,0.8223321358985145,-0.333223269233891,0.05555555555555555,0.5222222222222223,no switch,40.0,36.0
651,11,8,2,4.75,3.25,3.5,3.0,6,8,4,0.8251229166429074,20685.356674370745,-0.03472222222222222,0.0,0.8769916274216562,20.0,34.0
652,3,8,8,4.0,1.75,3.5,3.0,4,4,4,0.8167864321163485,0.0,0.0,0.03333333333333333,0.8982283219962782,80.0,74.0
653,9,4,28,3.5,4.0,2.5,4.25,5,7,2,0.813628867674621,1501200354201699.0,0.0,0.49444444444444446,no switch,40.0,27.0
654,10,8,4,4.5,2.5,4.5,2.0,5,3,4,0.7694023098560842,13734907601.058098,-0.09999999999999999,0.41111111111111115,0.566741795938097,20.0,45.0
655,13,8,1,4.75,3.5,4.25,3.75,6,8,4,0.8419239815697956,0.2657651084329593,0.3944444444444444,0.19444444444444445,no switch,40.0,32.0
656,1,2,36,3.5,3.75,3.25,4.5,3,1,2,0.8172266067195563,1501199875790169.8,0.3,0.3666666666666667,no switch,0.0,53.0
657,8,5,25,4.25,4.25,3.5,4.0,6,7,3,0.8108748380479721,13712542367.68979,0.26944444444444443,0.27777777777777773,no switch,40.0,39.0
658,4,8,4,4.75,3.5,4.0,4.0,6,4,4,0.8125719683827647,0.0,0.0,0.0,no switch,40.0,23.0
659,4,8,2,4.5,3.75,4.0,4.25,6,6,4,0.8126751574382381,0.0,0.0,0.37777777777777777,no switch,0.0,0.0
660,8,7,7,4.75,3.25,4.0,4.0,7,4,4,0.7753032899785891,0.0,0.0,0.24444444444444446,no switch,40.0,33.0
661,9,1,19,4.5,1.5,4.25,3.0,6,7,4,0.7336220088421289,0.0,0.0,-0.041666666666666664,1.1796046289659698,60.0,48.0
662,7,6,11,4.0,2.0,3.75,3.25,6,5,0,0.7705841625774976,22.469387833789707,-0.049999999999999996,no switch,no switch,20.0,36.0
663,11,8,3,4.5,1.5,5.0,4.5,6,6,4,0.8404381267796457,423.0284478242843,-0.0027777777777777796,0.29444444444444445,no switch,40.0,45.0
664,3,5,16,5.0,2.25,2.75,2.25,4,7,4,0.8674792552085889,4378.033355338745,0.2569444444444444,0.12777777777777777,no switch,40.0,30.0
665,10,8,0,3.75,3.0,4.0,4.5,6,8,4,0.794439831768678,-0.333223269233891,0.05555555555555555,0.15,no switch,20.0,33.0
666,0,2,25,3.0,2.0,3.5,3.5,3,7,3,0.8632078420036284,no switch,no switch,no switch,no switch,40.0,47.0
667,8,8,1,5.0,3.25,4.5,4.75,5,7,3,0.7877510330347213,0.0,0.0,0.6666666666666667,no switch,40.0,47.0
668,1,8,21,5.0,1.75,3.25,4.25,7,6,4,0.8774229260570838,4717.878902760957,-0.024305555555555552,-0.11666666666666668,6.347007590862816,40.0,45.0
669,4,1,41,4.0,4.0,4.0,3.75,5,8,4,0.8580210693606316,0.0,0.0,-0.061111111111111116,no switch,100.0,58.0
670,4,8,5,3.75,3.25,4.0,3.5,6,6,4,0.8601015031276099,0.0,0.0,0.3277777777777778,no switch,40.0,47.0
671,1,5,4,4.75,4.0,3.0,4.25,6,7,4,0.7638252629201275,0.0,0.0,-0.2,0.8769916274216562,40.0,45.0
672,5,4,11,4.75,1.75,3.5,4.75,5,5,4,0.8813238192395416,4717.878902760957,0.03333333333333333,0.1388888888888889,2.815885770942228,40.0,31.0
673,10,8,0,5.0,3.75,3.25,4.5,6,7,4,0.7766829139672152,0.0,0.0,0.049999999999999996,0.8965457449192061,0.0,33.0
674,1,4,21,4.25,3.25,3.25,4.5,6,6,4,0.8793823242097886,423.0284478242843,0.013888888888888888,0.049999999999999996,0.9950497169987919,60.0,45.0
675,3,0,15,3.5,3.0,3.0,3.5,5,2,3,0.8117383042239322,0.0,0.022222222222222223,-0.2222222222222222,no switch,40.0,49.0
676,3,5,16,3.75,3.0,3.5,4.75,6,5,4,0.8275694120000219,0.0,0.008333333333333333,0.13333333333333333,no switch,20.0,30.0
677,5,6,2,4.0,2.75,3.0,2.0,7,8,4,0.8543096812558387,0.9315923415345702,0.09722222222222221,-0.061111111111111116,1.1638422382166922,100.0,41.0
678,4,5,10,5.0,3.25,4.0,3.0,5,4,4,0.8537590760918378,8.944379741508454,0.07569444444444444,0.22777777777777777,no switch,20.0,23.0
679,0,4,16,4.75,4.25,4.75,3.25,4,8,4,0.851065983383748,no switch,no switch,no switch,no switch,20.0,17.0
680,6,7,5,5.0,2.5,4.5,4.5,6,6,4,0.7812113115434955,4.118618374476825,0.04097222222222222,0.049999999999999996,2.019512233008568,20.0,27.0
681,9,8,3,4.75,2.25,5.0,4.5,4,4,4,0.8239220495328254,4.4290965517728935,0.11041666666666666,0.13333333333333333,0.5460764865850027,20.0,48.0
682,1,6,11,4.5,1.75,3.75,2.5,6,7,4,0.7877879720444895,346.10775506777003,-0.016666666666666666,0.4666666666666666,no switch,80.0,47.0
683,0,6,5,4.25,4.75,4.25,4.75,6,6,4,0.7797350410444581,352.71659692691225,-0.02361111111111111,0.12222222222222222,no switch,40.0,41.0
684,1,4,15,5.0,2.25,4.0,3.5,6,6,4,0.8132158137263786,0.0,0.0,0.06666666666666667,0.8769916274216562,60.0,55.0
685,7,3,31,3.25,3.0,3.0,3.5,5,5,4,0.7899368407609352,20772.84470154402,-0.049999999999999996,no switch,no switch,40.0,45.0
686,9,8,4,5.0,2.0,3.25,2.25,5,7,4,0.8176305184490367,0.0,0.0,0.07777777777777779,no switch,0.0,52.0
687,8,2,14,2.75,1.5,4.0,4.25,3,2,4,0.8507603440737844,13712542345.220404,0.16666666666666666,-0.2,no switch,40.0,42.0
688,7,6,7,4.25,4.0,3.0,5.0,6,8,3,0.754506557175611,3002399773949950.5,0.0,0.6111111111111112,no switch,40.0,42.0
689,8,8,9,4.5,4.25,3.0,4.5,4,8,4,0.8418951541814916,40.57579006699883,0.044444444444444446,0.18333333333333335,no switch,40.0,24.0
690,5,3,19,5.0,3.25,3.5,4.25,6,4,4,0.8602625915222644,4.825761367031629,0.13055555555555554,0.06666666666666667,no switch,40.0,45.0
691,12,8,1,3.5,3.5,5.0,5.0,6,7,4,0.8450916027722258,195409.41945239317,0.3666666666666667,-0.061111111111111116,1.1796046289659698,20.0,44.0
692,8,8,0,4.75,3.5,3.5,4.0,6,7,4,0.7614935779388484,20667.713047903984,-0.06666666666666667,-0.04444444444444443,no switch,20.0,41.0
693,8,8,4,4.5,1.75,4.5,3.0,4,5,4,0.8402070845081324,121.89687217023702,0.26805555555555555,0.15555555555555556,1.3485225205234255,60.0,45.0
694,7,7,3,4.5,3.75,5.0,3.75,7,7,4,0.8090971236302122,0.0,0.0,-0.15,no switch,100.0,55.0
695,6,8,18,4.75,1.5,3.75,3.5,6,8,4,0.8250753630230867,4735.5225292277155,0.016666666666666666,0.17777777777777778,0.893405707084807,20.0,32.0
696,9,8,2,3.75,2.75,3.75,4.0,6,7,4,0.834603674684136,44.46995909249589,-0.016666666666666666,0.6111111111111112,0.18668749681847374,80.0,38.0
697,1,8,24,4.25,2.25,4.25,2.0,6,4,4,0.8349039473165423,4823.010556400996,-0.09722222222222221,0.06666666666666667,0.8769916274216562,100.0,45.0
698,0,6,40,3.25,3.0,4.25,3.25,3,2,4,0.8695141082149318,no switch,no switch,no switch,no switch,100.0,0.0
699,6,4,6,3.5,2.0,4.25,4.0,4,4,4,0.845609421077843,345.1761627262354,-0.041666666666666664,0.31111111111111106,no switch,20.0,48.0
700,10,8,1,4.0,3.5,4.0,4.0,6,7,3,0.8484044177594605,90.62807202723366,0.013888888888888888,0.049999999999999996,0.8544984397306732,100.0,45.0
701,0,4,3,4.0,1.75,3.5,3.25,4,8,4,0.8651194360795001,no switch,no switch,no switch,no switch,60.0,33.0
702,3,8,7,4.25,4.0,4.5,3.5,6,8,4,0.8731263711408094,0.0,0.0,0.4055555555555555,0.5460764865850027,60.0,55.0
703,11,4,0,5.0,3.25,3.0,4.5,6,5,3,0.8300160101133136,-0.333223269233891,0.5555555555555555,0.6111111111111112,no switch,0.0,0.0
704,10,8,11,4.5,3.25,3.5,4.25,7,8,4,0.8190490516328942,2.197092974195832,-0.0027777777777777796,-0.044444444444444446,1.5834739357813912,60.0,47.0
705,5,8,10,5.0,3.25,4.0,4.25,5,5,4,0.8362126432257844,0.0,0.0,-0.16111111111111112,1.5521619707880143,40.0,36.0
706,4,8,1,3.25,1.0,3.75,3.75,5,7,4,0.8302589652622525,4.4290965517728935,0.0,0.41111111111111115,0.880219349886653,60.0,38.0
707,6,1,24,4.0,2.0,3.75,2.25,6,7,4,0.8569299592663455,0.0,0.0,0.3,2.4489541195831253,60.0,55.0
708,9,5,20,4.25,1.75,4.25,4.75,4,4,4,0.790264627089239,4.825761367031629,0.0,-0.43333333333333335,no switch,20.0,55.0
709,4,1,11,4.5,1.75,3.25,2.75,6,6,4,0.8702597396887061,0.0,0.0,-0.04444444444444443,0.6974903374510393,100.0,31.0
710,7,7,23,4.25,3.25,4.0,4.5,5,3,4,0.8651447917006893,1.4039455408316142,0.4895833333333333,0.13333333333333333,0.8982283219962782,60.0,58.0
711,5,4,4,3.5,3.25,4.5,4.75,4,3,3,0.8527340125769054,455.1335777333058,0.10625,0.19999999999999998,0.22064549408015113,60.0,62.0
712,1,1,6,4.5,3.25,2.25,3.25,6,7,4,0.7930505530273976,0.0,0.0,-0.1111111111111111,1.1435767577227596,0.0,45.0
713,5,7,0,4.25,2.75,4.0,2.5,5,8,4,0.8351880378808729,695.1780868195025,0.3833333333333333,0.16666666666666666,0.7860876426875725,40.0,45.0
714,7,8,1,3.5,2.0,3.75,4.5,6,8,4,0.8694537040318816,0.0,0.125,-0.06666666666666667,no switch,40.0,42.0
715,4,8,43,4.75,3.5,3.75,4.5,4,6,4,0.8236150520259226,3002399773949950.5,0.0,0.06666666666666667,no switch,100.0,55.0
716,10,6,2,4.5,2.5,4.5,4.25,7,6,4,0.8341556163155381,16645.01223196253,0.3625,-0.061111111111111095,4.763064369718629,60.0,34.0
717,7,8,10,4.5,3.0,4.5,4.5,4,6,4,0.8641695427840516,0.0,0.0,0.22777777777777777,0.7546579391746637,100.0,55.0
718,8,7,12,3.75,4.0,3.5,4.25,6,4,4,0.8510634771656388,0.0,0.0,0.47222222222222227,0.15773497572342096,0.0,55.0
719,11,7,0,4.0,2.75,4.0,3.25,6,4,3,0.8423277539325973,0.0,0.0,0.2833333333333333,no switch,40.0,45.0
720,4,7,7,3.75,2.75,4.0,3.75,5,6,2,0.8310617346487442,0.3104781772960677,-0.008333333333333333,-0.06666666666666667,no switch,40.0,45.0
721,9,7,0,5.0,1.75,3.75,4.25,5,7,4,0.7605347695901216,0.9315923415345702,0.020833333333333332,0.0,no switch,60.0,36.0
722,4,8,3,5.0,2.25,4.0,3.5,7,5,4,0.8534798125009425,0.0,0.0,0.3444444444444444,no switch,100.0,36.0
723,0,5,6,3.25,1.5,3.0,3.0,4,8,4,0.8830703387122074,no switch,no switch,no switch,no switch,40.0,43.0
724,10,6,14,5.0,3.0,5.0,4.0,5,2,4,0.8397419578373596,14190754212.128044,0.005555555555555554,0.4444444444444444,no switch,100.0,58.0
725,10,7,11,4.25,2.25,4.75,4.5,4,5,4,0.7552218109023541,0.0,-0.041666666666666664,0.0,no switch,40.0,45.0
726,10,8,24,4.5,2.0,3.25,4.5,6,6,4,0.87481653389725,405.3848213575263,-0.024305555555555552,0.4166666666666667,no switch,60.0,47.0
727,13,7,2,5.0,2.5,4.5,5.0,5,7,4,0.8228777090304629,no switch,no switch,no switch,no switch,40.0,45.0
728,5,6,8,4.75,4.25,4.25,4.0,3,1,3,0.8186079829621359,-0.4998349038508365,0.08333333333333333,0.6111111111111112,no switch,0.0,0.0
729,1,3,17,2.75,2.5,3.75,3.25,7,7,4,0.7396068692438442,62.11358555925397,-0.024305555555555552,0.0,1.0933206088271756,100.0,42.0
730,11,7,1,4.0,1.75,4.5,3.75,7,8,4,0.8290792759376311,0.0,0.0,0.26666666666666666,no switch,20.0,37.0
731,12,8,1,5.0,5.0,5.0,5.0,5,7,4,0.8124404894497015,40.57579006699883,0.14722222222222223,0.2333333333333333,no switch,40.0,33.0
732,6,3,3,4.0,2.75,4.0,4.5,7,7,4,0.8500909394805468,-0.333223269233891,0.05555555555555555,0.0,no switch,0.0,45.0
733,10,8,7,3.5,3.25,4.0,4.0,3,4,4,0.8795858417014808,2.335537882366184,0.28958333333333336,0.4444444444444444,no switch,40.0,45.0
734,6,4,17,4.25,3.25,3.75,2.5,5,4,4,0.814278569845439,40.57579006699883,0.06527777777777777,0.0,no switch,40.0,45.0
735,10,7,4,3.0,1.75,5.0,2.5,6,8,4,0.8130849942130051,0.0,0.0,0.13333333333333333,no switch,100.0,36.0
736,11,8,3,4.75,2.0,4.75,3.25,4,5,1,0.8068875715011943,0.0,0.0,0.2333333333333333,no switch,100.0,97.0
737,5,8,3,5.0,3.75,3.5,4.75,5,4,4,0.8681944088790547,0.0,0.03333333333333333,0.35000000000000003,no switch,40.0,0.0
738,7,8,9,4.5,2.25,4.25,2.25,5,7,4,0.831464090164339,0.0,0.1638888888888889,0.0,no switch,40.0,53.0
739,11,8,0,4.75,2.75,5.0,3.75,5,4,4,0.8118823583977225,2.335537882366184,0.03958333333333333,0.3166666666666667,0.2834921517716408,40.0,42.0
740,6,8,3,5.0,2.75,3.5,4.75,4,1,1,0.8443889717793803,13712541527.838655,0.19166666666666665,0.6111111111111112,no switch,40.0,34.0
741,12,8,5,5.0,2.5,5.0,5.0,6,4,4,0.823178682410046,0.0,0.0,0.0,no switch,20.0,57.0
742,6,8,3,4.75,1.75,4.5,3.25,6,8,4,0.7757333920868716,109.95741500707037,0.11666666666666665,0.06666666666666667,no switch,40.0,52.0
743,12,8,4,4.75,4.0,4.75,4.75,5,8,4,0.791484252569113,2092886.7286849471,0.1625,0.016666666666666666,no switch,20.0,15.0
744,5,3,10,4.0,2.75,4.0,4.75,6,7,4,0.850064854131975,0.0,0.0,-0.2888888888888889,no switch,100.0,62.0
745,10,8,8,4.75,3.5,4.75,4.25,5,4,3,0.6935730686196593,109.95741500707037,-0.034027777777777775,0.08333333333333333,0.7733625337722952,60.0,36.0
746,2,6,23,3.75,4.0,3.0,3.25,7,6,4,0.7529955699612273,0.0,0.0,0.0,2.815885770942228,60.0,42.0
747,6,7,18,5.0,2.0,4.5,3.25,5,7,4,0.7812477070939999,0.3104781772960677,-0.008333333333333333,0.10000000000000002,no switch,60.0,19.0
748,3,0,16,3.0,4.0,2.25,3.5,5,8,4,0.8229439092358771,20772.84470154402,0.12361111111111112,0.1388888888888889,0.8756218596792026,40.0,55.0
749,8,8,0,5.0,4.75,5.0,5.0,2,8,4,0.8045093331963404,405.3848213575263,-0.004861111111111108,0.3,no switch,40.0,43.0
750,8,3,9,2.5,2.5,4.25,3.5,7,8,4,0.7820861093245095,2.335537882366184,0.1034722222222222,0.06666666666666667,1.0588033585717576,60.0,55.0
751,13,8,0,4.0,2.5,4.75,3.25,6,6,3,0.7990768744899079,44.46995909249589,0.08194444444444444,0.06666666666666667,no switch,60.0,46.0
752,3,4,0,5.0,2.25,1.0,2.5,2,5,4,0.34815040606517667,165.34031227132957,0.09930555555555555,-0.1,no switch,20.0,39.0
753,3,4,10,4.0,2.25,3.5,4.0,6,8,4,0.8397440667728575,4823.010556400996,0.03333333333333333,0.18888888888888888,no switch,40.0,67.0
754,9,8,16,4.5,1.75,4.75,4.0,3,6,4,0.7783157077689145,0.0,0.0,0.3333333333333333,0.48838262597204785,20.0,38.0
755,10,5,0,4.25,2.25,3.75,2.75,4,7,4,0.7134816699879171,350.00192409326706,0.05555555555555555,0.6111111111111112,no switch,40.0,45.0
756,10,5,0,3.5,3.75,3.75,4.75,3,2,4,0.8576065207283441,80.56695793169412,0.1076388888888889,0.12222222222222222,0.7733625337722952,40.0,45.0
757,0,8,7,4.75,3.25,4.25,4.0,4,2,4,0.8193467093468961,0.0,0.0,0.0,no switch,0.0,0.0
758,5,8,4,4.5,3.75,4.0,3.75,3,7,4,0.7638485218972938,44.46995909249589,0.0375,0.016666666666666666,no switch,0.0,37.0
759,8,7,9,4.25,2.75,4.25,4.0,6,4,4,0.8412702916602313,1050778.7320014716,0.008333333333333331,-0.17777777777777778,no switch,60.0,43.0
760,8,8,4,3.5,3.75,4.25,3.5,4,1,3,0.8788411277869511,0.0,0.0,0.16666666666666666,0.4726696049139313,60.0,45.0
761,1,7,6,5.0,2.5,4.0,3.75,6,8,4,0.8287362276957246,455.1335777333058,-0.08055555555555556,0.5555555555555555,no switch,40.0,43.0
762,4,8,8,4.25,3.0,4.75,4.5,4,3,4,0.7565989461816354,0.9315923415345702,0.17013888888888887,0.4388888888888889,no switch,20.0,45.0
763,2,8,15,4.0,2.75,3.75,4.0,4,6,4,0.8189012334182116,1501199875790171.0,-0.09375,0.6111111111111112,no switch,40.0,48.0
764,5,6,4,5.0,4.0,3.5,3.25,4,4,4,0.8801209084347652,0.0,0.0,0.27777777777777773,no switch,0.0,0.0
765,2,6,7,4.5,3.5,2.25,4.0,6,5,4,0.7877452150690946,4428.085637298981,-0.013888888888888888,0.08333333333333333,0.3035015189897819,60.0,55.0
766,8,8,41,4.0,4.25,4.75,4.25,3,7,3,0.8388973938096345,1501199875790515.0,0.075,0.2611111111111111,no switch,0.0,29.0
767,10,8,13,2.75,1.0,4.75,5.0,2,4,4,0.8048249419504723,6.229706907863243,0.13125,0.12222222222222223,no switch,40.0,55.0
768,0,8,8,4.0,5.0,4.75,5.0,3,8,4,0.7567080789473836,no switch,no switch,no switch,no switch,100.0,55.0
769,10,8,3,3.5,3.0,4.5,3.75,6,5,4,0.805712450675018,4823.010556400996,-0.0069444444444444475,0.16111111111111112,0.7362629533618381,40.0,55.0
770,0,8,20,3.75,2.25,5.0,5.0,2,1,4,0.8088541132212077,no switch,no switch,no switch,no switch,60.0,55.0
771,5,8,5,4.5,2.0,3.5,4.0,6,8,4,0.8571783086011822,24213.38251788808,0.06805555555555555,0.0,2.5207211030607635,60.0,45.0
772,9,8,2,4.75,1.75,4.5,4.0,6,7,4,0.789695793749161,4.825761367031629,0.1638888888888889,0.0,0.8876099747089672,100.0,55.0
773,1,8,22,4.5,2.5,3.75,2.5,4,4,4,0.8586366998884571,8.944379741508454,-0.057638888888888885,0.13333333333333333,1.6809811287636154,40.0,45.0
774,5,3,8,4.0,1.0,4.5,4.75,5,8,4,0.894249021939677,4367.87697866769,0.05416666666666667,-0.17777777777777778,no switch,0.0,0.0
775,0,8,0,5.0,1.25,4.75,3.75,5,4,4,0.8290690799099879,0.0,0.0,0.06666666666666667,no switch,60.0,58.0
776,1,8,2,4.0,2.75,2.75,2.75,7,8,4,0.8128105954754459,0.0,0.0,0.2333333333333333,0.47789847677932057,0.0,0.0
777,7,8,2,4.25,2.0,4.75,3.5,6,5,4,0.8259395214589771,109.95741500707037,0.09722222222222221,0.033333333333333326,0.5653606841719051,0.0,40.0
778,4,3,33,4.0,4.0,5.0,5.0,4,4,4,0.7859578947647804,3002399773949950.5,0.0,0.05555555555555556,no switch,20.0,31.0
779,2,8,17,4.25,2.0,3.5,4.0,5,7,4,0.8002440764552622,0.3104781772960677,0.015972222222222218,-0.1111111111111111,no switch,40.0,45.0
780,2,8,17,4.5,2.75,3.75,4.5,6,5,4,0.8139544426748964,4.825761367031629,0.13055555555555554,-0.2222222222222222,no switch,40.0,40.0
781,0,8,1,4.0,3.0,4.0,4.5,4,7,4,0.829589320283632,no switch,no switch,no switch,no switch,40.0,48.0
782,9,8,8,3.75,2.0,4.25,3.25,5,5,4,0.8249989532506243,0.0,0.0,-0.025,no switch,20.0,33.0
783,0,6,7,3.25,2.75,4.0,5.0,1,3,4,0.7060269865520445,no switch,no switch,no switch,no switch,40.0,53.0
784,1,6,5,4.5,2.25,2.75,2.0,5,8,4,0.7851707597100624,22385916.010307867,-0.006944444444444445,-0.1111111111111111,no switch,40.0,58.0
785,2,5,16,5.0,3.0,4.0,3.5,3,2,4,0.8912153654764073,376.5271684637128,0.22777777777777777,0.05,no switch,40.0,39.0
786,5,2,27,4.5,3.5,4.25,3.25,7,7,4,0.7740006046152039,4.825761367031629,0.13055555555555554,0.06666666666666667,no switch,40.0,44.0
787,8,8,11,4.5,4.5,4.5,4.5,5,2,2,0.9065921660364605,1501199876840103.8,0.06666666666666667,0.6111111111111112,no switch,0.0,28.0
788,10,8,4,4.0,3.5,4.0,4.0,3,6,4,0.780262632589141,0.0,0.0,0.04444444444444445,0.6781301390300991,0.0,0.0
789,13,7,9,4.5,1.0,4.0,4.5,4,3,4,0.8406769834423964,0.0,0.0,-0.25555555555555554,no switch,100.0,75.0
790,13,7,3,5.0,2.75,4.0,4.25,4,5,4,0.7559495649591864,1501199875790620.2,0.016666666666666663,0.25,no switch,40.0,49.0
791,12,8,3,5.0,2.75,5.0,4.5,7,3,4,0.8174963432722401,0.0,0.024999999999999998,-0.2833333333333333,no switch,100.0,45.0
792,0,0,16,5.0,4.0,3.0,5.0,0,0,4,0.7894988010021349,no switch,no switch,no switch,no switch,100.0,100.0
793,8,8,7,4.75,2.25,5.0,4.75,3,3,3,0.8846194692104268,0.0,0.0,0.075,no switch,20.0,47.0
794,1,7,5,4.0,2.25,4.0,3.0,7,6,4,0.8232032274494673,0.0,0.0,0.09444444444444444,1.0874026761999407,100.0,55.0
795,8,8,16,4.75,2.75,3.75,1.75,5,4,4,0.8521647648783155,1046402.4361806667,0.11388888888888889,0.05555555555555555,no switch,20.0,49.0
796,8,1,19,4.75,4.75,4.25,2.25,5,8,4,0.7843078121422485,4717.878902760957,0.08194444444444444,-0.10555555555555556,no switch,40.0,54.0
797,1,5,10,4.5,2.75,2.25,1.25,6,8,4,0.8255131279664497,695.1780868195025,-0.11666666666666665,0.6111111111111112,0.06578139059137558,0.0,45.0
798,0,8,8,4.5,1.5,4.25,3.25,3,5,4,0.755680726530867,no switch,no switch,no switch,no switch,100.0,93.0
799,5,8,33,5.0,1.5,3.0,2.5,6,3,4,0.8532341284031444,4445.729263765739,0.09652777777777777,0.26111111111111107,no switch,60.0,0.0
800,0,8,10,4.75,2.25,1.5,3.0,2,2,4,0.7453022014183311,no switch,no switch,no switch,no switch,0.0,33.0
801,8,8,25,4.25,3.5,3.75,4.75,7,6,4,0.7500414254455231,44.46995909249589,0.06527777777777777,-0.016666666666666666,no switch,20.0,33.0
802,3,7,9,3.75,2.75,4.0,3.75,5,6,4,0.8110716399260705,0.0,0.0,-0.011111111111111108,1.028298128193813,40.0,30.0
803,6,3,2,4.75,1.0,3.75,3.5,5,6,1,0.8325289303057836,40.57579006699883,-0.013888888888888888,0.36111111111111116,0.36203592168345156,40.0,45.0
804,2,8,10,3.0,2.0,3.5,3.5,3,4,4,0.7694059111519165,0.0,0.09166666666666667,0.2916666666666667,no switch,40.0,60.0
805,7,8,7,3.5,2.75,4.0,3.75,4,3,4,0.7945600331065696,0.0,0.0,0.0,no switch,20.0,45.0
806,7,8,0,4.25,2.25,4.0,3.5,5,6,4,0.8690138684976986,0.0,0.16666666666666666,0.37777777777777777,no switch,100.0,57.0
807,2,6,20,3.75,2.25,3.5,2.5,3,2,4,0.811435545357858,455.1335777333058,-0.10833333333333334,0.2222222222222222,no switch,20.0,46.0
808,10,8,13,5.0,2.75,3.25,3.0,5,8,4,0.8004861347684566,8263.54837274505,-0.027777777777777776,0.5222222222222223,0.3171569669175455,100.0,55.0
809,6,7,11,4.5,2.25,3.25,3.25,5,7,3,0.8509924432569439,4717.878902760957,0.03333333333333333,0.20000000000000004,0.6880167765038471,80.0,73.0
810,11,7,2,4.0,2.25,3.75,2.75,5,2,4,0.8188278825826818,23416012.100307804,-0.1486111111111111,-0.2222222222222222,no switch,60.0,59.0
811,9,8,15,4.25,1.5,4.75,5.0,4,3,4,0.8327623218136174,0.0,0.0,0.03333333333333333,no switch,60.0,60.0
812,2,1,23,3.25,2.0,3.25,3.0,5,6,4,0.7118653265676417,0.3104781772960677,0.2708333333333333,-0.3333333333333333,no switch,100.0,19.0
813,1,8,5,4.75,2.75,2.75,1.75,6,6,4,0.856615400996307,4.825761367031629,0.061111111111111116,0.3111111111111111,0.3359136512279333,0.0,0.0
814,6,8,7,4.0,3.5,3.75,4.25,5,5,4,0.7947644898994564,454.8003544640719,0.12222222222222223,-0.19166666666666665,no switch,100.0,55.0
815,8,6,28,4.25,2.25,3.75,2.75,3,4,4,0.7908294062736739,0.0,0.0,0.10000000000000002,no switch,80.0,45.0
816,0,5,18,3.75,4.0,2.75,3.0,4,6,2,0.7939759273067422,4823.010556400996,-0.1638888888888889,no switch,no switch,60.0,55.0
817,12,8,1,3.5,2.0,4.25,3.5,3,6,4,0.7828099752434832,4717.878902760957,0.0,-0.2777777777777778,no switch,100.0,55.0
818,3,5,12,4.75,3.5,4.0,4.0,3,4,4,0.8268145751454333,0.0,0.12222222222222223,0.18888888888888888,1.6809811287636154,40.0,38.0
819,10,8,9,4.25,1.75,4.0,3.75,3,4,4,0.7809214011560663,62.92333146493605,0.10625,0.3444444444444445,no switch,60.0,55.0
820,7,6,19,4.0,3.5,4.25,2.5,1,4,2,0.8616483304990882,4.825761367031629,0.024305555555555552,0.027777777777777776,0.5186183635709287,60.0,63.0
821,13,8,1,4.25,1.5,3.5,3.75,6,6,4,0.7188310859934712,3002399751580440.0,-0.10416666666666667,0.4444444444444444,no switch,100.0,55.0
822,12,8,0,4.25,4.0,4.0,4.25,6,8,4,0.7805214185693555,0.0,0.0,0.08888888888888889,1.8906775027708684,40.0,51.0
823,3,8,3,4.75,3.0,4.25,4.0,6,5,4,0.7547055154216956,44.46995909249589,0.05416666666666667,-0.14166666666666666,no switch,60.0,42.0
824,8,8,0,4.25,1.75,4.0,2.25,5,8,4,0.8481681417834641,423.0284478242843,-0.051388888888888894,0.31111111111111106,no switch,60.0,45.0
825,3,7,0,4.75,2.5,3.75,4.0,6,6,4,0.7922150510702,0.0,0.0,-0.5333333333333333,no switch,40.0,50.0
826,11,8,2,3.5,2.75,4.0,4.0,7,5,3,0.8345028117700437,4428.085637298981,0.043750000000000004,-0.027777777777777773,no switch,40.0,45.0
827,7,8,0,4.75,4.75,3.75,3.5,6,7,4,0.8009551498666955,4.825761367031629,0.06388888888888887,0.07777777777777779,0.4314634881126837,40.0,25.0
828,3,7,10,4.75,3.5,3.5,4.5,6,5,4,0.821519797856124,485.5529911292486,0.027777777777777776,0.16666666666666666,no switch,20.0,33.0
829,5,1,2,3.25,2.0,3.75,4.25,4,4,2,0.8143102256090532,1046498.3430499771,0.013888888888888886,0.6666666666666667,no switch,40.0,41.0
830,4,3,19,4.25,3.5,4.0,4.25,6,6,4,0.8185259571399258,23416354.561797697,-0.21666666666666667,0.5,no switch,100.0,45.0
831,3,8,4,3.75,4.0,2.75,4.0,6,5,1,0.8259887014358848,90.62807202723366,0.03819444444444444,-0.0111111111111111,no switch,20.0,19.0
832,4,7,7,4.5,3.5,4.0,3.25,5,7,4,0.8556278722883953,423.0284478242843,0.3020833333333333,0.11666666666666667,0.6111735757747034,40.0,37.0
833,8,7,0,3.5,2.25,3.75,4.0,6,5,4,0.8366903141565887,4717.878902760957,0.0,0.06666666666666667,no switch,20.0,55.0
834,12,8,1,4.25,1.75,4.5,3.25,6,7,4,0.8393807425400136,0.0,0.0,0.06666666666666667,no switch,100.0,55.0
835,3,4,12,4.75,4.0,3.75,4.0,5,4,4,0.8048811333368731,109.95741500707037,0.010416666666666666,-0.06666666666666667,no switch,100.0,42.0
836,10,8,4,4.75,4.25,4.75,4.75,6,8,2,0.7982608730324868,0.0,0.0,0.16666666666666666,no switch,0.0,43.0
837,12,8,1,3.5,2.75,4.75,4.0,5,5,4,,0.0,0.0,0.6666666666666667,no switch,20.0,32.0
838,4,8,22,5.0,3.5,3.5,4.25,6,7,4,0.8514596009474734,4713.053141393925,0.075,0.1611111111111111,1.79232245615246,80.0,30.0
839,4,8,6,4.25,3.0,3.75,4.0,7,7,4,0.8380448064577526,44.46995909249589,0.06527777777777777,0.2111111111111111,0.5262639084697417,40.0,53.0
840,8,4,30,3.5,3.5,3.5,3.0,5,5,4,0.7988726812903634,1501200354009840.0,-0.03055555555555554,0.18888888888888888,0.40503009961918285,0.0,52.0
841,5,6,5,4.75,2.75,5.0,4.5,1,2,2,0.8678365601100347,367.64555056002513,0.15277777777777776,0.1388888888888889,no switch,20.0,53.0
842,1,8,10,4.5,2.25,3.5,2.75,6,5,4,0.7485310115094195,-0.333223269233891,0.05555555555555555,0.06666666666666667,0.3902573713114361,40.0,28.0
843,8,2,2,4.0,2.5,3.75,3.75,5,2,4,0.7473005582780635,0.0,0.0,-0.24444444444444446,no switch,40.0,23.0
844,5,6,24,4.5,2.75,3.75,4.25,6,5,4,0.7919514469946117,22374334.053141396,0.1361111111111111,0.3333333333333333,0.7612863983013788,60.0,45.0
845,4,3,33,4.0,3.0,3.5,4.25,4,5,4,0.893676859010655,0.0,0.0,-0.4222222222222222,no switch,40.0,55.0
846,2,8,12,4.25,3.5,3.25,2.75,5,7,4,0.8439118161900704,0.0,0.0,-0.06666666666666667,no switch,100.0,28.0
847,0,7,7,3.75,4.0,3.75,4.0,3,3,3,0.8867694432630724,no switch,no switch,no switch,no switch,40.0,37.0
848,7,8,9,4.75,3.75,5.0,5.0,5,3,4,0.7709871533911125,0.0,0.016666666666666666,-0.027777777777777776,no switch,60.0,28.0
849,7,8,3,4.5,2.25,4.0,2.75,6,6,4,0.6644288599418054,0.0,0.0,0.06666666666666667,no switch,60.0,55.0
850,2,8,11,4.0,2.25,4.25,2.75,6,8,4,0.8706048557346092,0.0,0.0,0.0,1.0933206088271756,100.0,29.0
851,4,2,17,4.0,1.0,4.0,4.0,4,4,4,0.8661347006790298,32.754951278309,0.013194444444444446,-0.4,no switch,100.0,65.0
852,5,3,11,3.25,3.25,3.5,4.0,3,5,3,0.8954809926793372,1501199898159841.2,-0.26944444444444443,0.12222222222222223,0.4726696049139313,60.0,62.0
853,6,1,6,4.0,3.0,3.0,3.5,4,7,4,0.8367680347835664,6.315711348672657,0.010416666666666666,0.12777777777777777,no switch,40.0,39.0
854,9,4,5,4.0,2.5,5.0,4.25,4,1,2,0.7012439316061145,1501200376375910.8,-0.2673611111111111,0.3111111111111111,no switch,80.0,68.0
855,0,4,15,4.5,4.0,3.75,3.5,6,4,4,0.8506923315152028,380.4213374892099,0.0034722222222222216,-0.26666666666666666,no switch,40.0,37.0
856,13,7,0,5.0,2.0,4.5,4.5,6,8,4,0.8071325713165343,0.0,0.0,-0.4222222222222222,no switch,20.0,35.0
857,7,6,10,3.25,2.5,3.75,4.0,6,7,4,0.8191572172533423,0.0,0.0,0.06666666666666667,0.8769916274216562,20.0,38.0
858,13,8,0,4.75,2.75,4.25,3.5,2,2,3,0.8031838468556751,1501200376375910.8,-0.075,0.6111111111111112,no switch,40.0,50.0
859,9,8,13,4.5,4.25,4.25,4.5,3,3,3,0.8592418503877223,1501199875985604.8,-0.12222222222222223,-0.09444444444444444,no switch,100.0,60.0
860,6,8,1,4.25,1.5,4.75,3.25,5,6,4,0.8103837026504342,0.0,0.0,0.5611111111111111,no switch,100.0,45.0
861,12,8,7,4.75,2.0,3.0,2.0,6,8,4,0.9035769088025409,40.57579006699883,-0.024305555555555552,0.4388888888888889,0.3147792123548911,100.0,33.0
862,1,3,3,5.0,2.25,4.75,3.75,7,8,4,0.7808408393057094,4713.053141393925,-0.07777777777777777,-0.2333333333333333,no switch,40.0,45.0
863,8,8,20,4.75,1.75,3.75,4.5,5,5,4,0.8519441395584517,8.944379741508454,-0.024999999999999998,0.24444444444444446,0.5460764865850027,20.0,45.0
864,8,8,0,4.25,4.0,4.0,4.0,6,8,4,0.7981138092172039,0.0,0.041666666666666664,0.09444444444444444,no switch,40.0,35.0
865,6,8,20,3.5,3.75,3.75,3.5,6,7,4,0.6832160883688874,0.0,0.03333333333333333,-0.06666666666666667,no switch,40.0,45.0
866,11,7,2,4.75,2.0,4.5,2.0,4,3,4,0.7759088812020449,4717.878902760957,0.0,0.15833333333333333,no switch,60.0,55.0
867,6,8,2,4.0,2.5,3.0,3.75,5,7,4,0.7453611739253315,4823.010556400996,-0.10625,0.2333333333333333,0.5604537468016076,20.0,25.0
868,7,8,13,4.75,4.25,5.0,5.0,5,5,4,0.9226710577695802,16435.387136272275,0.21805555555555556,0.049999999999999996,no switch,40.0,36.0
869,5,8,1,4.25,4.25,4.5,4.25,5,3,4,0.7697436829605211,11.939457163166658,0.1708333333333333,0.05555555555555555,no switch,40.0,45.0
870,10,7,12,3.5,3.0,4.0,4.0,5,2,3,0.7594740671360929,-0.33260396386771984,0.041666666666666664,0.13333333333333333,no switch,40.0,54.0
871,10,8,1,4.25,3.75,4.25,3.75,3,7,4,0.7851828361787415,1046388.38563497,0.09444444444444444,0.22777777777777777,no switch,20.0,36.0
872,10,8,3,4.5,3.25,4.25,4.0,4,2,4,0.8276217728772608,4.4290965517728935,0.013888888888888888,0.0,no switch,60.0,49.0
873,6,2,10,3.25,1.25,4.0,4.25,6,1,4,0.7842467548992016,0.0,0.10277777777777779,-0.17777777777777778,no switch,40.0,41.0
874,10,7,2,4.5,1.0,5.0,4.0,6,4,0,0.582346449426087,4.4290965517728935,-0.015972222222222218,0.6666666666666667,no switch,0.0,0.0
875,0,5,11,4.5,3.25,3.5,4.0,5,4,3,0.8544192108166603,402.75615296469044,0.40208333333333335,-0.2222222222222222,1.1435767577227596,40.0,37.0
876,7,8,7,4.5,3.5,3.75,4.25,3,3,4,0.8170200003778462,1246165.682066031,-0.1361111111111111,0.4777777777777778,no switch,40.0,27.0
877,0,8,6,4.5,2.5,4.25,3.75,6,5,4,0.8130527827273197,0.0,0.0,0.6111111111111112,no switch,100.0,52.0
878,7,7,6,4.5,3.25,5.0,3.75,7,8,4,0.6605803555347685,0.0,0.0,-0.027777777777777776,no switch,100.0,36.0
879,6,5,20,4.25,2.5,2.0,3.75,5,4,4,0.7986062153918739,0.0,0.0,0.6111111111111112,no switch,40.0,29.0
880,3,5,1,4.0,3.25,3.75,4.0,7,7,4,0.7763493457454068,0.3104781772960677,-0.008333333333333333,0.022222222222222223,no switch,100.0,45.0
881,1,8,3,4.75,3.0,3.0,4.5,5,4,4,0.8348378538768836,34.40884499695636,-0.0027777777777777796,0.049999999999999996,0.7547009488854908,0.0,0.0
882,6,8,12,4.25,3.0,4.25,4.25,6,8,4,0.8722964487590503,4425.456968906145,-0.013888888888888888,0.038888888888888896,no switch,100.0,55.0
883,3,8,12,3.75,3.0,3.75,3.0,6,8,4,0.7850806070521272,195.7597256672724,0.03333333333333333,0.08888888888888889,0.7120710830883044,20.0,40.0
884,3,8,4,4.75,4.0,3.75,3.5,6,8,4,0.7344988964252269,0.0,0.0,-0.04444444444444445,1.1627622522801548,40.0,45.0
885,3,2,1,4.5,2.0,3.0,4.0,6,7,4,0.8426023105755744,0.0,0.0,0.0,1.0933206088271756,100.0,29.0
886,6,8,1,4.75,1.5,5.0,3.5,5,7,4,0.8214454646350234,0.0,0.21944444444444444,0.06666666666666667,0.8769916274216562,40.0,55.0
887,3,5,11,4.75,1.5,4.0,4.0,7,8,4,0.8149955185750658,0.0,0.0,0.6111111111111112,no switch,100.0,28.0
888,2,7,15,3.75,2.0,3.0,3.0,6,6,4,0.8234589617383732,0.0,0.1638888888888889,0.12777777777777777,0.7733625337722952,40.0,45.0
889,2,4,16,4.25,3.0,3.75,5.0,7,7,4,0.8639682756882109,0.0,0.13055555555555554,-0.1111111111111111,no switch,100.0,52.0
890,4,8,9,5.0,3.5,4.25,3.75,6,7,4,0.7648883990325771,12.871049504701228,0.011805555555555555,-0.03333333333333333,0.8876099747089672,40.0,28.0
891,10,7,2,4.5,3.5,4.5,4.75,6,3,2,0.8486330248994054,0.0,0.0,no switch,no switch,40.0,53.0
892,1,8,1,5.0,4.25,3.0,2.75,6,8,4,0.7999281399326276,1046441.2744361999,-0.07222222222222223,-0.027777777777777776,no switch,40.0,45.0
893,8,8,10,3.5,3.0,3.75,4.0,5,5,4,0.7083288138646321,0.0,0.0,-0.2111111111111111,no switch,40.0,43.0
894,12,8,7,4.0,2.0,5.0,3.5,4,1,4,0.6140446850614865,1046395.9260691708,-0.04861111111111111,0.5055555555555555,no switch,40.0,45.0
895,5,8,13,4.75,4.0,3.0,1.5,4,8,4,0.8063174361897376,0.3104781772960677,0.0,0.12222222222222223,no switch,0.0,55.0
896,8,8,4,4.0,2.25,5.0,2.5,5,4,4,0.8806438199769269,6.229706907863243,0.06527777777777777,0.03333333333333333,no switch,40.0,40.0
897,5,8,0,4.75,3.25,4.25,3.75,6,8,4,0.8092734971283329,0.9315923415345702,-0.008333333333333333,0.24444444444444446,0.3244460592562617,40.0,26.0
898,11,8,5,4.25,3.0,4.0,4.25,5,7,4,0.8647585239775019,0.0,0.0,-0.17222222222222225,2.109259688322346,40.0,51.0
899,6,8,4,4.75,3.25,5.0,4.0,5,4,4,0.7976863696675195,0.0,0.0,0.0,no switch,100.0,55.0
900,5,5,4,4.75,2.5,5.0,4.75,5,4,4,0.8570856173793722,0.0,0.1,0.18333333333333335,0.466397586884783,60.0,40.0
901,5,4,12,4.75,2.75,4.0,3.0,5,6,4,0.8556286919379353,0.0,0.016666666666666666,-0.04444444444444443,1.1990751652582798,40.0,33.0
902,12,8,4,5.0,1.5,3.75,3.75,5,3,4,0.7358083332095054,0.9315923415345702,0.049999999999999996,-0.08333333333333333,no switch,40.0,55.0
903,0,7,8,5.0,3.25,4.25,2.75,4,8,4,0.7962871544177674,no switch,no switch,no switch,no switch,40.0,42.0
904,1,2,6,4.0,4.5,3.25,3.5,6,8,4,0.8437537828971048,1046843.5192127033,0.17777777777777778,0.10555555555555557,0.8628405577754863,40.0,33.0
905,0,7,28,4.0,3.5,3.25,2.75,3,5,4,0.8296014099489606,no switch,no switch,no switch,no switch,100.0,55.0
906,0,1,30,3.25,2.75,3.25,3.0,3,1,3,0.8038202226812449,no switch,no switch,no switch,no switch,20.0,23.0
907,12,8,19,4.0,2.25,4.0,4.75,6,8,4,0.8089815826864929,86.7339030017366,0.030555555555555558,0.03333333333333333,no switch,40.0,33.0
908,6,5,37,5.0,3.5,3.75,2.75,5,4,4,0.7623647813712211,0.9315923415345702,0.0,-0.06666666666666667,no switch,20.0,12.0
909,6,8,18,4.5,1.75,4.25,4.25,5,3,2,0.8065274202550032,4.825761367031629,0.010416666666666666,0.2,no switch,0.0,0.0
910,8,8,22,4.0,3.25,4.0,4.0,5,8,4,0.8143959784844398,1501199877031962.8,-0.2333333333333333,0.18333333333333335,no switch,40.0,66.0
911,5,7,12,5.0,2.25,3.75,4.0,5,3,4,0.779568789286489,0.9315923415345702,0.11388888888888887,0.06666666666666667,1.7718590614083525,40.0,40.0
912,10,6,1,4.25,1.5,4.0,3.75,7,8,4,0.7897489837268927,0.0,0.0,0.2888888888888889,0.41463063891402346,100.0,45.0
913,4,8,22,4.75,3.25,5.0,3.5,4,5,4,0.7686118588892787,0.0,0.0,0.0,no switch,40.0,24.0
914,11,8,21,3.0,1.5,5.0,5.0,4,5,4,0.640770976085777,10.156376671056016,0.4069444444444444,0.24444444444444446,no switch,40.0,45.0
915,6,0,9,5.0,2.0,3.0,3.5,6,7,4,0.8592068517001702,0.0,0.0,0.24444444444444446,0.5460764865850027,100.0,55.0
916,5,8,14,4.5,3.0,3.75,4.5,6,8,4,0.8151485683579619,0.0,0.18888888888888888,0.016666666666666666,0.9275306292891763,0.0,0.0
917,4,8,16,4.0,3.5,3.25,3.25,6,7,4,0.7948746179215637,14190757652.665861,0.12222222222222223,0.16666666666666666,0.4234234010611572,80.0,35.0
918,3,8,20,5.0,3.25,4.0,4.0,5,4,4,0.8737959915614022,0.9315923415345702,0.24722222222222223,-0.05555555555555555,1.4623653549133524,40.0,46.0
919,6,8,9,5.0,1.5,5.0,5.0,7,4,4,0.8302198947970453,0.0,0.0,0.15,no switch,100.0,34.0
920,10,8,0,4.5,3.25,4.75,5.0,6,8,4,0.8004704866450877,4717.878902760957,0.0,0.06666666666666667,0.6442428466538572,60.0,47.0
921,7,8,4,4.5,3.0,4.75,5.0,5,7,3,0.8207888063025067,0.0,0.016666666666666666,-0.19166666666666665,no switch,40.0,37.0
922,6,8,9,5.0,2.0,4.5,2.5,5,4,4,0.7675586268804915,0.0,0.0,0.21666666666666667,0.4480465029875442,40.0,45.0
923,5,5,10,2.75,2.0,3.0,3.5,7,7,4,0.8561154527353976,0.0,0.0,0.13333333333333333,0.6691716488985238,100.0,60.0
924,1,0,33,4.25,2.75,4.25,1.75,5,8,4,0.8715279494128443,4717.878902760957,0.06666666666666667,-0.2222222222222222,no switch,60.0,45.0
925,7,8,0,4.0,2.25,4.0,3.75,5,6,4,0.8571667148550967,0.0,0.0,0.06666666666666667,no switch,0.0,0.0
926,6,8,0,4.75,2.25,3.5,2.25,5,3,4,0.7883508958711852,0.0,0.0,-0.2,no switch,60.0,45.0
927,2,8,1,4.25,3.75,4.0,4.75,5,3,3,0.8119121774862887,0.9315923415345702,0.016666666666666666,0.0,0.9514758127934604,20.0,33.0
928,4,2,29,4.5,2.5,5.0,3.0,3,2,4,0.8282068187786051,355.33253939729144,0.04444444444444445,0.1111111111111111,0.8769916274216562,100.0,34.0
929,4,7,10,5.0,4.0,1.75,4.25,6,5,4,0.8263426103786632,-0.33260396386771984,0.041666666666666664,0.1111111111111111,no switch,40.0,38.0
930,5,8,5,4.5,3.0,4.75,4.75,6,7,4,0.8551489831696748,44.46995909249589,0.26805555555555555,-0.03333333333333333,no switch,100.0,67.0
931,9,7,6,4.75,2.0,3.0,3.25,5,3,4,0.7913228656556748,4381.927524364243,0.17500000000000002,-0.04444444444444443,no switch,60.0,49.0
932,6,5,6,3.25,2.5,4.25,2.75,3,1,3,0.8408293875960053,478216492.4727544,-0.07916666666666666,0.4166666666666667,no switch,40.0,46.0
933,13,7,3,4.5,2.75,4.0,3.75,6,2,4,0.8215302931699581,0.0,0.0,0.0,no switch,40.0,45.0
934,3,8,3,4.5,1.0,4.75,3.25,7,8,4,0.8374353384488499,0.0,0.0,0.13333333333333333,no switch,100.0,55.0
935,9,7,4,5.0,1.0,3.75,4.75,6,7,4,0.8352667952544767,0.0,0.0,0.3333333333333333,no switch,60.0,55.0
936,7,7,13,4.0,3.5,2.0,2.25,5,2,4,0.8213899156921327,1062688.2217042064,-0.041666666666666664,-0.15555555555555556,no switch,0.0,23.0
937,0,3,10,5.0,4.25,4.0,4.0,3,3,4,0.7962157739264611,no switch,no switch,no switch,no switch,40.0,32.0
938,3,0,23,4.0,2.0,3.0,3.75,4,5,4,0.8547508969304244,5.050210716011396,0.12291666666666667,-0.06666666666666667,2.6667264953950487,0.0,0.0
939,5,8,18,4.0,3.25,5.0,3.5,5,4,3,0.8758896568123129,478216202.67948896,-0.05625,-0.0111111111111111,no switch,60.0,55.0
940,1,1,17,3.5,3.5,2.75,3.5,6,7,4,0.759071614613102,0.0,0.0,-0.06666666666666667,no switch,60.0,55.0
941,0,7,35,5.0,4.0,4.5,4.0,0,1,2,0.8219272662326634,no switch,no switch,no switch,no switch,60.0,45.0
942,2,5,18,4.0,2.25,3.5,4.0,6,2,4,0.7819138359762268,0.0,0.0,-0.2222222222222222,0.8769916274216562,60.0,54.0
943,6,7,10,4.0,1.25,4.0,4.5,5,5,4,0.8718783602577144,-0.333223269233891,-0.075,0.15,no switch,40.0,45.0
944,12,8,0,4.75,2.75,4.5,4.0,7,7,4,0.7884720983472435,0.0,0.0,0.6111111111111112,0.2131119179228923,0.0,67.0
945,12,6,1,4.0,1.0,4.5,3.75,7,8,4,0.8658886380508488,0.0,0.0,0.6111111111111112,0.2684888601223636,0.0,0.0
946,1,8,5,3.75,3.25,4.5,4.0,6,7,4,0.8029197071966239,30.729891573238884,-0.036111111111111115,0.06666666666666667,0.8876099747089672,80.0,43.0
947,4,8,11,4.25,1.75,4.5,3.75,5,8,4,0.8821421269578524,0.0,0.0,0.13333333333333333,0.8982283219962782,40.0,36.0
948,11,8,5,4.5,3.0,4.0,4.25,4,4,4,0.7935388580312354,6.229706907863243,0.08680555555555554,0.0,no switch,40.0,41.0
949,1,4,11,4.0,3.0,3.75,3.5,6,7,4,0.8102788605624589,5.050210716011396,-0.022222222222222223,0.3416666666666667,0.33797192202589116,60.0,57.0
950,9,8,11,4.25,3.25,2.75,4.0,6,2,3,0.8852422028221953,165.34031227132957,-0.1534722222222222,0.0,no switch,20.0,55.0
951,0,6,8,4.0,4.0,3.75,4.25,6,8,4,0.8605844822840508,16750.143885602567,-0.1708333333333333,0.038888888888888896,0.9417588269251208,40.0,31.0
952,7,8,15,4.5,3.75,4.0,3.75,5,3,4,0.7443907326999096,380.4213374892099,0.19999999999999998,0.6666666666666667,no switch,20.0,28.0
953,8,0,25,3.0,2.25,3.75,3.75,6,7,4,0.8445198357629016,0.0,0.0,0.24444444444444446,1.2553143385319625,100.0,45.0
954,10,4,7,5.0,3.5,3.25,3.25,6,4,4,0.8849163997522863,1.4039455408316142,0.3229166666666667,-0.05000000000000001,no switch,60.0,40.0
955,8,6,4,4.0,2.75,4.75,4.75,3,3,1,0.8019680330869826,4735.5225292277155,-0.14722222222222223,-0.025,no switch,0.0,0.0
956,7,4,19,4.75,2.25,2.25,4.25,6,7,4,0.859467741757618,4445.729263765739,0.2659722222222222,0.13888888888888887,no switch,40.0,42.0
957,4,6,7,5.0,3.5,3.25,3.75,4,4,4,0.7534349786713057,22369996.595576122,-0.12430555555555556,0.13333333333333333,no switch,40.0,33.0
958,3,7,7,5.0,2.0,4.0,4.0,4,5,4,0.8161487120191931,0.0,0.03333333333333333,-0.17777777777777778,no switch,20.0,33.0
959,6,5,29,3.25,3.75,3.75,3.0,4,0,4,0.5838910786624057,3002399773949950.5,-0.05555555555555555,0.5222222222222221,no switch,60.0,27.0
960,0,7,8,3.75,1.75,3.75,2.25,3,6,4,0.7843040808652453,no switch,no switch,no switch,no switch,20.0,31.0
961,7,7,13,5.0,3.0,4.75,4.5,6,2,4,0.6675389831193203,3.646265175179782,0.09999999999999999,no switch,no switch,40.0,42.0
962,4,4,1,5.0,4.25,3.5,3.25,3,7,4,0.8250161155491892,1054306.757844989,0.1638888888888889,-0.04444444444444443,no switch,0.0,45.0
963,7,6,3,4.25,3.25,3.5,4.25,7,8,4,0.8732462324487379,0.0,0.0,0.0,0.8876099747089672,20.0,43.0
964,3,4,14,2.75,1.75,5.0,4.75,4,4,2,0.8275076993322452,0.0,0.0,-0.3333333333333333,no switch,40.0,62.0
965,9,6,1,3.75,2.5,5.0,4.25,4,2,4,0.7778203592669605,478216290.1675162,0.2909722222222222,0.38888888888888884,no switch,40.0,45.0
966,7,5,20,4.5,3.5,4.5,4.25,4,4,2,0.8617119016619735,20685.356674370745,0.006944444444444443,0.016666666666666666,no switch,100.0,61.0
967,6,8,21,4.75,2.5,4.75,4.5,4,7,4,0.7792803395860349,90.62807202723366,0.21319444444444446,-0.1,no switch,20.0,34.0
968,10,8,0,4.5,3.0,4.75,3.5,5,8,4,0.7847364246710283,90.62807202723366,0.05486111111111111,0.17777777777777778,0.9075321299242738,60.0,42.0
969,10,8,2,4.5,2.5,3.0,2.5,6,7,4,0.8037085157991688,0.0,0.0,0.005555555555555559,0.8885414546777972,20.0,37.0
970,4,7,29,5.0,3.0,4.25,4.0,5,5,4,0.7714688490480734,0.0,0.10555555555555556,-0.17777777777777778,no switch,20.0,45.0
971,2,7,25,4.75,2.25,3.5,4.25,6,7,4,0.8738585359906713,0.0,0.0,0.5777777777777778,0.22755159331672137,60.0,50.0
972,9,6,2,3.75,4.0,3.5,3.0,7,7,4,0.8521481265033061,0.0,0.0,0.6111111111111112,0.30759360304557193,0.0,45.0
973,11,8,14,5.0,4.0,4.25,5.0,3,3,4,0.8733719211862301,16317.479695703054,-0.02361111111111111,-0.05000000000000001,no switch,40.0,36.0
974,5,3,12,3.0,2.5,3.5,3.25,5,5,4,0.9001832892060966,1241800.5197601968,0.0,-0.15555555555555553,no switch,60.0,55.0
975,8,4,6,3.5,3.0,3.5,4.25,6,5,4,0.8079770545662631,4.4290965517728935,-0.005555555555555554,0.07222222222222223,1.163779767252594,100.0,51.0
976,0,8,12,4.75,3.75,3.75,4.5,1,7,4,0.8071915990204599,no switch,no switch,no switch,no switch,100.0,100.0
977,10,5,29,4.5,3.75,4.5,4.75,4,3,4,0.8379293769476033,20772.84470154402,0.09444444444444444,0.04444444444444445,no switch,20.0,40.0
978,9,7,3,4.0,1.75,2.5,2.75,4,2,4,0.8247298281261229,87.99940363439786,0.05555555555555555,0.044444444444444446,no switch,40.0,54.0
979,10,5,4,4.5,2.5,4.25,4.25,3,3,4,0.8271855866819648,44.46995909249589,0.05416666666666667,no switch,no switch,20.0,25.0
980,13,6,0,4.5,2.0,4.5,3.5,4,2,4,0.8062415591236036,-0.3053648490372533,0.0986111111111111,0.3,no switch,20.0,31.0
981,7,6,1,3.25,2.25,5.0,5.0,6,5,3,0.8584755692774733,478216474.82912797,0.25833333333333336,0.1,no switch,40.0,51.0
982,9,7,7,4.0,3.25,3.75,3.0,6,4,4,0.8841979566818668,0.0,0.0,0.1388888888888889,no switch,0.0,33.0
983,12,8,0,4.25,4.25,4.0,4.25,6,8,4,0.8387133970431189,0.0,0.0,-0.10555555555555556,no switch,40.0,27.0
984,4,3,5,3.75,1.75,4.25,3.75,7,8,4,0.7535202534930052,423.0284478242843,-0.06874999999999999,0.038888888888888896,0.9823808818966976,20.0,52.0
985,4,7,6,3.75,2.75,3.25,3.25,7,6,4,0.8610481531338702,367.64555056002513,0.07222222222222223,-0.1111111111111111,1.0047233035906424,100.0,40.0
986,12,7,4,4.75,2.75,4.0,4.0,5,3,4,0.8010335955880687,0.0,0.0,0.6111111111111112,no switch,60.0,45.0
987,13,8,2,4.5,4.5,1.75,4.0,4,7,3,0.8095343861867708,16.765218530198286,0.0625,0.10555555555555556,no switch,20.0,33.0
988,10,8,6,4.5,2.5,4.0,4.75,5,4,4,0.7156711956587403,114.07603338154719,0.042361111111111106,0.09999999999999999,0.8982283219962782,0.0,13.0
989,3,8,7,4.0,3.25,4.25,3.5,5,3,4,0.7097659921805433,4367.87697866769,0.041666666666666664,0.3444444444444445,1.2363051384147574,100.0,70.0
990,4,8,17,3.5,2.5,3.0,3.0,6,5,4,0.7547063691602744,0.0,0.0,0.3888888888888889,no switch,100.0,48.0
991,11,6,10,2.25,1.5,5.0,3.75,7,7,4,0.72970553925833,0.0,0.0,0.18333333333333335,no switch,100.0,43.0
992,10,8,0,4.0,4.0,5.0,5.0,6,8,4,0.7810795732021163,0.0,0.12222222222222223,0.26666666666666666,no switch,40.0,45.0
993,2,8,12,4.5,3.0,4.5,4.0,6,8,4,0.8675035250705799,1050866.220028645,0.08888888888888889,0.0,1.0933206088271756,100.0,45.0
994,8,8,6,3.5,3.75,4.0,4.5,7,7,4,0.8091610247647408,4.825761367031629,0.03472222222222222,-0.17777777777777778,no switch,0.0,28.0
995,0,8,2,4.25,2.0,4.0,4.0,3,8,4,0.8531838437701308,no switch,no switch,no switch,no switch,40.0,55.0
996,6,8,0,4.5,3.25,4.25,3.5,6,8,4,0.8329897103307018,8263.54837274505,-0.012500000000000002,0.0,1.0294547707426824,100.0,67.0
997,0,4,45,4.0,1.0,5.0,5.0,4,6,4,0.8118903655944748,0.0,0.0,-0.4222222222222222,no switch,40.0,54.0
998,3,8,5,4.25,4.0,4.5,3.75,6,5,4,0.8226599110237404,4.825761367031629,0.13055555555555554,0.06666666666666667,no switch,40.0,42.0
999,12,8,0,4.5,2.0,4.75,4.5,4,3,2,0.8016826465969988,0.0,0.0,-0.17777777777777778,no switch,40.0,45.0
1000,2,3,8,4.5,3.0,3.0,3.0,5,7,4,0.7883852597081055,-0.6379688129049731,0.075,-0.24444444444444446,no switch,100.0,57.0
1001,1,0,7,3.5,3.0,3.0,2.75,6,7,4,0.7651833286091542,1050866.220028645,0.23888888888888885,0.10555555555555556,no switch,40.0,38.0
1002,12,7,6,4.5,3.5,4.0,3.75,6,6,4,0.8719638146367735,0.0,0.13055555555555554,-0.06666666666666667,no switch,40.0,45.0
1003,4,1,6,4.0,2.25,3.75,2.75,5,5,4,0.8440540363147107,0.0,0.0,0.6111111111111112,no switch,40.0,45.0
1004,6,1,3,3.75,3.25,3.5,4.75,6,7,4,0.7547983509793834,0.0,0.0,0.18888888888888888,no switch,100.0,45.0
1005,3,4,15,4.5,2.0,3.5,3.0,3,4,4,0.7670528174758212,4.825761367031629,0.0625,0.0,0.8769916274216562,40.0,45.0
1006,10,8,7,5.0,3.0,3.25,3.5,6,6,4,0.801909825888985,0.0,0.0,0.10555555555555556,0.5436714292032025,40.0,32.0
1007,8,8,0,4.75,3.75,3.5,3.0,5,4,3,0.8019631240553342,4.118618374476825,-0.024305555555555552,-0.22222222222222224,no switch,0.0,18.0
1008,6,8,21,4.75,2.0,3.75,3.75,6,4,4,0.7692542011053851,20772.84470154402,-0.05138888888888887,0.12222222222222223,0.8769916274216562,40.0,69.0
1009,0,6,9,4.75,4.25,3.0,3.0,7,8,4,0.798339978859693,0.0,0.008333333333333333,0.26111111111111107,no switch,0.0,0.0
1010,12,8,0,5.0,1.5,5.0,5.0,5,5,4,0.8195422660998773,347.37325570043123,0.43333333333333335,0.6111111111111112,0.2684888601223636,20.0,55.0
1011,3,7,0,3.75,2.25,4.5,4.5,4,2,4,0.7974986803159578,1.3812004488937906,0.010416666666666666,0.6111111111111112,no switch,100.0,55.0
1012,1,8,10,4.25,3.0,4.5,3.75,6,8,4,0.8147267475051221,0.0,0.0,0.0,1.0294547707426824,20.0,28.0
1013,2,2,13,4.0,2.75,3.5,3.25,5,8,4,0.8045634103178236,0.9315923415345702,0.0861111111111111,0.06666666666666667,no switch,40.0,0.0
1014,10,4,3,4.5,3.0,4.25,4.5,6,7,4,0.8880398041574689,0.0,0.0,0.26666666666666666,0.5571542231442105,60.0,57.0
1015,0,7,16,4.25,2.75,4.5,2.75,1,6,4,0.8112433448398537,no switch,no switch,no switch,no switch,60.0,52.0
1016,2,4,15,2.75,2.75,4.5,4.0,4,4,4,0.820052812673364,0.0,0.0,-0.17777777777777778,no switch,20.0,46.0
1017,7,2,32,3.25,1.5,3.75,4.0,5,5,4,0.8483066414750947,0.0,0.0,0.0,no switch,60.0,55.0
1018,9,8,10,4.0,1.75,5.0,3.0,7,8,4,0.8402799941925043,0.0,0.0,0.0,1.0933206088271756,100.0,67.0
1019,11,8,7,3.25,2.25,3.25,4.75,5,2,4,0.8256342326741885,16662.65585842929,-0.15416666666666667,0.39444444444444443,0.24360122824780708,40.0,45.0
1020,0,8,31,5.0,1.0,4.25,3.0,3,3,4,0.8685077387367662,no switch,no switch,no switch,no switch,40.0,46.0
1021,1,6,29,4.0,3.0,3.0,1.25,6,3,4,0.8099389332208226,0.0,0.5,0.22777777777777777,1.2099292015784413,0.0,27.0
1022,7,5,23,4.5,1.0,4.75,4.0,4,0,4,0.8390248104092032,0.3104781772960677,-0.008333333333333333,-0.37777777777777777,no switch,80.0,55.0
1023,3,7,22,5.0,4.0,4.25,5.0,4,4,4,0.8700769693729281,0.0,0.0,0.13333333333333333,0.7325954902575141,40.0,28.0
1024,4,8,13,5.0,3.0,2.25,3.0,5,7,4,0.7827944941045194,0.0,0.0,0.4888888888888889,no switch,0.0,0.0
1025,8,8,3,4.5,1.5,3.75,3.25,6,5,4,0.8654091582027146,380.4213374892099,0.006944444444444443,-0.12222222222222223,no switch,20.0,33.0
1026,3,8,0,5.0,2.5,4.0,2.25,6,7,4,0.776314704899289,500585745.8272038,0.11111111111111112,0.5777777777777778,no switch,40.0,46.0
1027,2,8,31,5.0,3.75,3.75,1.0,4,4,4,0.628224437804478,479266063.7080702,-0.18402777777777776,0.6111111111111112,no switch,40.0,44.0
1028,10,8,32,4.75,2.0,4.0,3.0,5,7,4,0.8487316270551089,32.133837114070495,-0.013888888888888888,0.06666666666666667,2.178306614016933,40.0,45.0
1029,7,4,28,3.5,3.25,4.0,3.0,6,2,1,0.8608048923329976,3002399751775739.5,-0.06388888888888887,0.2722222222222222,no switch,40.0,40.0
1030,5,6,3,4.25,3.25,2.5,3.5,4,3,4,0.7740137918268133,0.9315923415345702,0.0,no switch,no switch,0.0,15.0
1031,7,8,5,4.25,2.5,4.75,3.75,6,7,4,0.8324726621448387,-0.6658272331016108,0.09722222222222221,0.0,0.9514758127934604,40.0,55.0
1032,5,8,20,5.0,1.5,2.25,3.0,4,6,4,0.769156241144102,0.0,0.0,-0.1111111111111111,no switch,40.0,45.0
1033,3,8,6,5.0,1.25,3.0,1.25,5,8,4,0.869636495553574,-0.333223269233891,0.05555555555555555,0.6111111111111112,0.3911182403678533,80.0,36.0
1034,12,8,0,5.0,3.25,5.0,5.0,5,2,4,0.8637151958407653,0.0,0.5,0.4777777777777778,no switch,60.0,47.0
1035,4,6,9,4.0,3.0,3.0,3.75,6,5,3,0.8832819580705475,0.9315923415345702,0.10277777777777779,0.07777777777777778,0.6388597541224534,40.0,22.0
1036,4,6,7,4.25,3.25,4.0,4.5,6,7,4,0.7446480578442828,0.0,0.0,-0.03333333333333333,1.1480798474674145,0.0,37.0
1037,4,8,24,2.75,2.75,3.5,4.75,5,4,4,0.8184678013350343,0.0,0.0,-0.35555555555555557,no switch,100.0,33.0
1038,10,7,1,3.75,3.5,4.25,3.25,6,6,3,0.8558042327672213,0.0,0.0,-0.04444444444444443,0.8769916274216562,100.0,48.0
1039,5,6,2,4.0,2.75,3.75,4.0,5,7,4,0.8398055106526667,no switch,no switch,no switch,no switch,0.0,0.0
1040,5,8,5,5.0,2.5,3.75,2.25,6,8,4,0.8636498085658618,0.0,0.0,0.5111111111111112,0.6917422914636097,100.0,28.0
1041,8,7,3,4.0,1.0,4.75,3.5,6,8,4,0.7381030659618957,-0.333223269233891,0.06388888888888888,0.6111111111111112,no switch,40.0,45.0
1042,2,2,30,3.75,3.25,3.25,3.5,6,8,3,0.849800720638,0.0,0.0,-0.2222222222222222,no switch,0.0,0.0
1043,3,8,3,4.75,2.25,4.5,4.5,6,6,3,0.7996512306549629,32.616506370138644,0.09722222222222221,0.15000000000000002,0.6860103614248465,0.0,45.0
1044,3,8,7,3.0,2.0,3.75,4.0,5,8,4,0.8183400376740364,0.0,0.0,-0.06666666666666667,0.8982283219962782,80.0,64.0
1045,3,5,25,3.75,1.25,3.25,3.25,4,5,2,0.8105247313767535,2.197092974195832,0.03333333333333333,0.19444444444444445,no switch,40.0,37.0
1046,7,8,5,4.25,3.0,4.0,3.25,7,6,1,0.8706809837931463,4368.808571009225,-0.03958333333333333,0.05000000000000001,0.7384306636226574,60.0,55.0
1047,7,8,0,4.0,2.5,5.0,5.0,6,7,4,0.7997782899193411,0.0,0.0,0.6111111111111112,no switch,40.0,45.0
1048,3,8,0,5.0,3.5,4.25,4.75,6,7,4,0.8554594270816439,0.0,0.0,0.5277777777777778,no switch,40.0,45.0
1049,4,3,11,5.0,2.5,4.25,4.0,6,6,3,0.7935533282223485,4.825761367031629,0.1638888888888889,0.049999999999999996,no switch,100.0,58.0
1050,7,5,2,4.0,2.25,4.75,4.0,6,6,4,0.8254417116382782,800.3097404595413,-0.15,0.049999999999999996,0.8769916274216562,100.0,57.0
1051,8,3,32,2.25,1.75,4.5,4.25,1,1,3,0.7952806297495075,405.3848213575263,-0.013888888888888888,0.07777777777777779,no switch,40.0,53.0
1052,1,4,18,4.0,1.5,3.75,3.75,5,6,4,0.8298358617026446,0.0,0.0,0.18888888888888888,no switch,20.0,33.0
1053,12,8,0,4.0,2.25,5.0,4.0,5,5,3,0.8059111799627088,356.5980400299527,0.0,-0.07222222222222223,2.0667542227909665,40.0,20.0
1054,10,8,25,4.75,3.75,5.0,4.75,7,7,4,0.7932137010214825,3951.05429134162,0.32708333333333334,0.25,no switch,100.0,55.0
1055,4,6,2,3.75,2.25,3.75,4.25,6,6,4,0.8251783692000868,0.0,0.016666666666666666,0.5222222222222223,no switch,60.0,45.0
1056,12,7,35,3.75,4.75,4.25,4.75,5,8,3,0.8668324804442787,500602040.8375117,0.08472222222222221,0.3833333333333333,no switch,40.0,40.0
1057,1,6,10,5.0,3.0,2.0,3.25,3,2,4,0.8221218390668994,0.0,0.09999999999999999,-0.027777777777777776,no switch,60.0,35.0
1058,8,8,13,5.0,3.75,4.5,4.25,4,4,4,0.8018478660471193,-0.333223269233891,0.05555555555555555,0.6111111111111112,no switch,20.0,45.0
1059,4,7,6,3.5,2.75,3.75,4.25,7,8,4,0.8403723160838936,0.0,0.0,-0.04444444444444443,no switch,0.0,23.0
1060,13,6,0,3.75,1.0,5.0,4.5,4,5,4,0.7721323227567265,0.0,0.0,0.16666666666666666,no switch,100.0,100.0
1061,1,8,14,2.75,2.0,4.5,3.75,6,7,4,0.8597825728270936,0.0,0.0,0.3444444444444444,0.3244460592562617,100.0,60.0
1062,9,6,14,4.75,1.5,3.75,3.75,4,3,4,0.8354340615733843,0.0,0.0,-0.1111111111111111,no switch,40.0,41.0
1063,11,5,34,4.0,3.0,4.0,4.0,6,8,4,0.7595838213371985,1501199875790165.0,-0.15625,-0.30000000000000004,no switch,20.0,15.0
1064,5,6,2,3.75,2.75,4.5,4.0,4,7,3,0.828541538599855,40.57579006699883,0.027083333333333334,0.16666666666666666,1.3982910802999255,40.0,45.0
1065,6,8,8,4.0,2.5,3.75,4.75,5,4,4,0.8315927563269548,1046738.3875590634,0.061111111111111116,0.0,no switch,80.0,67.0
1066,0,8,15,4.75,4.5,4.25,4.5,4,4,4,0.7945935002279129,no switch,no switch,no switch,no switch,20.0,15.0
1067,8,8,14,4.0,1.5,3.25,4.25,4,1,4,0.7229521246804219,380.4213374892099,-0.06944444444444443,-0.6666666666666666,no switch,100.0,73.0
1068,4,8,16,5.0,4.25,4.0,4.25,7,5,4,0.81541165013233,359.22670842278853,0.10972222222222222,-0.15555555555555553,no switch,0.0,33.0
1069,8,4,19,3.5,2.0,5.0,4.75,3,1,4,0.7473717149946855,1.7144237181276818,0.1173611111111111,0.12222222222222222,no switch,40.0,67.0
1070,4,7,3,4.0,1.75,4.5,4.5,6,8,4,0.8404053759613951,109.95741500707037,0.06388888888888887,-0.18888888888888888,no switch,80.0,31.0
1071,10,8,9,5.0,3.25,5.0,5.0,6,3,4,0.8318840613521388,4370.074071641886,0.017361111111111115,no switch,no switch,60.0,53.0
1072,12,6,1,4.0,3.0,4.0,4.0,4,4,4,0.8152544906500763,1.3812004488937906,0.04513888888888889,0.4611111111111112,no switch,60.0,42.0
1073,4,5,0,4.25,3.0,3.75,4.0,6,4,4,0.8464668447962882,405.3848213575263,0.0,0.06666666666666667,0.9982315056961908,40.0,55.0
1074,3,7,32,3.75,3.5,3.0,4.0,6,4,4,0.8019315032459533,800.3097404595413,0.11111111111111112,0.2888888888888889,no switch,40.0,36.0
1075,0,4,40,3.75,1.75,4.5,4.25,1,5,4,0.8753209726864098,no switch,no switch,no switch,no switch,100.0,45.0
1076,5,5,28,4.0,1.5,3.25,3.25,6,4,4,0.8905267137629094,0.0,0.0,0.6111111111111112,no switch,40.0,45.0
1077,9,8,4,4.75,3.25,4.5,4.0,5,3,4,0.7925126940685795,0.3104781772960677,0.052083333333333336,0.6111111111111112,no switch,40.0,48.0
1078,3,6,16,5.0,5.0,4.25,2.75,4,5,4,0.9054329636637148,0.3104781772960677,0.02638888888888889,0.0,no switch,100.0,13.0
1079,8,8,31,5.0,2.75,4.25,4.5,6,4,2,0.8441711605754207,4823.010556400996,0.25277777777777777,0.6111111111111112,no switch,20.0,36.0
1080,1,2,16,5.0,3.5,3.5,1.5,6,2,3,0.8764601871732152,478232442.30689955,-0.10694444444444445,0.11111111111111112,no switch,100.0,55.0
1081,13,7,3,5.0,2.25,5.0,3.25,3,1,4,0.7954295159563857,23416009.38563497,-0.21666666666666667,0.41111111111111115,no switch,40.0,45.0
1082,0,0,37,4.75,2.5,4.5,2.5,5,4,4,0.8288529499682898,13712542455.177818,0.05833333333333333,0.6111111111111112,0.2131119179228923,0.0,17.0
1083,13,8,0,4.25,2.75,4.5,4.5,6,6,2,0.8260727934085205,4.825761367031629,0.06944444444444443,0.5277777777777778,no switch,40.0,15.0
1084,0,8,17,3.5,2.25,3.75,4.0,6,8,4,0.7940482872228475,0.0,0.0,0.016666666666666666,no switch,100.0,30.0
1085,5,1,9,3.5,2.0,3.25,3.25,5,4,4,0.8230096557205653,398.0649639559679,0.2222222222222222,-0.18888888888888888,no switch,60.0,55.0
1086,0,8,8,4.0,2.25,4.0,4.0,5,8,4,0.8716075512691553,0.0,0.0,0.16666666666666666,no switch,20.0,25.0
1087,9,8,1,5.0,2.0,3.0,2.5,6,7,4,0.8107009810342828,4717.878902760957,0.0,0.0,1.0933206088271756,100.0,28.0
1088,7,7,7,3.5,4.0,4.0,3.25,3,6,4,0.6970181837707269,1501200376375910.8,-0.04861111111111111,0.5444444444444445,no switch,40.0,53.0
1089,3,6,19,5.0,2.75,3.5,3.25,6,8,4,0.8269025410017579,455.1335777333058,-0.10833333333333334,0.5555555555555555,no switch,40.0,57.0
1090,7,8,16,4.5,1.75,4.25,2.0,4,1,4,0.860316507735002,109.95741500707037,0.11666666666666665,-0.17777777777777778,no switch,60.0,55.0
1091,11,8,1,4.0,2.25,3.0,4.5,6,6,4,0.8211826787902908,0.0,0.0,0.06666666666666667,1.119618878378404,40.0,40.0
1092,12,8,22,5.0,2.75,3.75,4.25,6,7,4,0.8365113533421824,1501199877031962.8,-0.027777777777777776,0.45,no switch,40.0,58.0
1093,2,7,0,3.75,1.0,3.25,3.5,5,5,4,0.8300046955232131,14.050545696553074,0.10972222222222222,-0.04444444444444443,0.9875176744009352,0.0,10.0
1094,2,7,8,3.75,3.5,2.0,3.5,5,4,4,0.8147471903550041,0.0,0.0,0.06666666666666667,0.8876099747089672,40.0,45.0
1095,10,8,9,5.0,2.5,3.75,3.0,4,4,3,0.7164307017484837,16.765218530198286,0.030555555555555558,0.5111111111111112,no switch,40.0,33.0
1096,4,0,37,4.25,2.0,3.5,4.0,5,2,4,0.8249935613792002,0.0,0.056944444444444436,0.4444444444444444,no switch,0.0,9.0
1097,3,8,12,3.5,3.0,4.75,4.75,4,2,4,0.8270443022856696,1501199875790165.0,0.3333333333333333,-0.1111111111111111,1.0047233035906424,60.0,55.0
1098,6,8,11,5.0,3.75,3.25,3.75,6,6,4,0.8971071395743546,7.540434200676842,0.41944444444444445,-0.17777777777777778,no switch,100.0,100.0
1099,1,2,9,5.0,3.5,3.0,3.0,6,6,4,0.8392175886111934,0.0,0.0,-0.07777777777777777,no switch,0.0,0.0
1100,7,7,2,5.0,2.75,4.75,3.75,5,5,2,0.8316082253991607,0.0,0.06527777777777777,-0.1111111111111111,no switch,40.0,24.0
1101,3,7,0,3.5,3.5,3.0,4.25,6,7,4,0.7794470372933608,-0.333223269233891,0.29444444444444445,-0.17777777777777778,no switch,0.0,0.0
1102,6,2,19,3.0,2.0,3.5,3.25,4,4,4,0.8098462246863106,0.0,0.0,0.0,2.0645459251542007,20.0,45.0
1103,13,7,8,4.5,1.75,5.0,4.25,5,8,4,0.7969571400384349,109.95741500707037,0.1722222222222222,0.16666666666666666,no switch,40.0,54.0
1104,5,5,29,4.0,2.25,4.5,4.5,4,2,4,0.8477163059644962,0.0,0.08472222222222221,0.0,no switch,40.0,30.0
1105,7,4,16,4.0,2.5,4.75,2.75,3,5,4,0.8819150230000586,4425.456968906145,0.01875,0.1388888888888889,no switch,40.0,48.0
1106,12,8,5,4.5,4.25,5.0,4.75,6,1,4,0.779483196025685,0.0,0.0,0.6111111111111112,no switch,40.0,45.0
1107,2,4,1,4.0,3.75,3.0,2.5,6,7,4,0.896499309131466,0.0,0.0,0.0,no switch,0.0,0.0
1108,8,8,5,4.25,2.75,4.0,4.5,5,4,4,0.8026724867182348,1.7144237181276818,0.013888888888888888,-0.22777777777777777,no switch,40.0,34.0
1109,11,5,4,4.5,3.25,3.75,4.0,6,8,4,0.8590821301031365,0.0,0.08194444444444444,-0.027777777777777776,no switch,40.0,30.0
1110,7,8,0,4.75,4.0,3.75,4.0,6,8,4,0.7805498782748304,-0.9711920821388641,0.075,0.06666666666666667,no switch,0.0,45.0
1111,6,8,0,4.75,2.5,4.75,4.5,6,5,4,0.7965169645731883,0.0,0.0,-0.05,no switch,100.0,55.0
1112,1,6,2,4.5,2.25,2.75,3.5,6,8,4,0.8348731592984954,5.050210716011396,-0.008333333333333333,0.10000000000000002,0.9242457763730895,100.0,36.0
1113,13,7,7,5.0,1.75,4.5,4.0,5,7,4,0.7517440590477958,0.0,0.0,-0.3111111111111111,no switch,100.0,0.0
1114,5,6,4,4.5,3.0,4.0,4.25,7,7,4,0.8035288085341359,0.0,0.0,0.24444444444444444,0.43921774062342855,100.0,55.0
1115,6,8,25,4.5,2.5,3.0,4.25,2,3,4,0.8142329732755522,0.0,0.13055555555555554,0.41666666666666663,no switch,100.0,73.0
1116,13,4,0,4.0,2.0,5.0,3.25,4,5,4,0.8333090594907003,4.4290965517728935,0.20902777777777773,0.24444444444444446,no switch,60.0,55.0
1117,6,6,8,4.75,1.0,4.75,4.0,5,6,4,0.8056355111059311,0.0,0.0,0.06666666666666667,no switch,100.0,45.0
1118,6,5,3,3.0,2.75,4.0,3.5,6,8,4,0.8438187201543336,0.0,0.0,-0.5333333333333333,no switch,100.0,38.0
1119,3,8,22,4.25,2.25,3.5,4.0,5,7,4,0.8401853733263223,4823.010556400996,0.14166666666666666,-0.1111111111111111,no switch,100.0,45.0
1120,2,8,10,5.0,3.5,4.25,4.25,5,7,4,0.7746882860497487,24213.38251788808,-0.012500000000000002,-0.011111111111111108,no switch,0.0,33.0
1121,8,8,13,4.5,1.25,3.0,2.5,4,3,4,0.7905597768747459,16.765218530198286,0.024999999999999998,0.24444444444444446,no switch,40.0,45.0
1122,4,6,25,3.75,4.0,3.5,3.75,4,2,4,0.759580436294058,4717.878902760957,0.03333333333333333,0.20555555555555557,0.6211769251280818,60.0,45.0
1123,3,8,21,4.0,4.0,4.0,4.5,5,5,4,0.8177873873905785,4.825761367031629,0.08888888888888889,-0.24444444444444446,no switch,100.0,73.0
1124,0,6,28,4.5,1.0,4.5,3.5,2,3,4,0.8426589235942982,no switch,no switch,no switch,no switch,40.0,32.0
1125,2,8,0,4.25,2.75,3.75,4.25,4,6,4,0.847330140686385,4367.87697866769,-0.05555555555555555,0.05,no switch,0.0,55.0
1126,3,6,7,5.0,3.25,3.5,4.75,5,2,4,0.7285979918612384,1046448.5942936015,-0.025694444444444447,-0.21666666666666667,no switch,40.0,48.0
1127,5,8,3,4.75,3.75,5.0,4.75,5,8,4,0.8146929092805509,695.1780868195025,0.013888888888888888,-0.1111111111111111,1.3501209091277144,60.0,48.0
1128,1,7,34,4.25,2.0,3.75,3.5,4,6,4,0.7855384993954486,0.0,0.26666666666666666,0.0,0.8876099747089672,40.0,20.0
1129,5,8,30,3.75,2.5,2.5,4.0,5,7,2,0.8499172437889319,16.765218530198286,0.11875000000000001,-0.1111111111111111,no switch,40.0,45.0
1130,3,6,30,4.75,2.75,3.75,3.5,5,3,3,0.8106226403778226,380.4213374892099,0.09444444444444444,0.2833333333333333,1.25709062465384,60.0,42.0
1131,5,8,26,4.5,2.75,3.75,4.75,7,6,4,0.8495639022343257,4424.191468273483,0.015972222222222224,-0.061111111111111116,0.9404587162736096,100.0,44.0
1132,1,8,7,4.75,2.25,4.5,4.0,6,4,4,0.8443390361274589,0.0,0.0,0.08333333333333333,no switch,40.0,53.0
1133,11,7,5,3.75,2.0,4.5,4.0,6,6,3,0.8558756070810376,0.0,0.0,-0.17777777777777778,no switch,60.0,45.0
1134,0,4,9,4.75,2.0,3.25,2.5,3,7,4,0.8202180358658439,no switch,no switch,no switch,no switch,40.0,45.0
1135,7,8,0,5.0,2.25,3.5,3.5,6,8,4,0.7040068127320365,0.9315923415345702,0.024305555555555552,0.3444444444444444,0.5262639084697417,0.0,45.0
1136,8,6,21,4.5,1.5,4.0,4.5,6,7,4,0.8554837686074225,0.0,0.0,0.41111111111111115,0.2778557218195714,80.0,36.0
1137,2,8,13,5.0,4.0,3.0,2.0,6,7,4,0.827517477407143,0.0,0.0,0.21666666666666667,1.3892644756210073,0.0,0.0
1138,11,8,0,5.0,3.0,4.5,5.0,6,8,4,0.755894526392794,0.0,0.0,0.5555555555555555,0.7270134564022138,0.0,0.0
1139,11,8,0,4.5,3.0,4.5,3.5,6,7,4,0.8356495239555732,0.0,0.0,0.24444444444444446,no switch,100.0,55.0
1140,6,7,4,4.0,3.75,4.0,3.5,7,3,4,0.8509561680697493,20772.84470154402,0.31527777777777777,-0.06666666666666667,0.8876099747089672,100.0,100.0
1141,0,8,4,3.75,2.25,3.5,2.5,7,7,4,0.8544458104210384,0.0,0.0,0.0,0.8876099747089672,100.0,39.0
1142,0,7,3,5.0,2.25,4.25,4.75,6,5,4,0.8698372495658035,1.7144237181276818,0.14513888888888887,0.2888888888888889,no switch,80.0,33.0
1143,2,8,10,4.25,1.75,4.5,3.75,6,6,4,0.8260620684484277,109.95741500707037,0.0361111111111111,0.08888888888888889,0.6545866001758853,60.0,33.0
1144,11,7,10,2.75,2.75,4.0,4.5,5,8,4,0.8197023778503519,1501199899206174.2,0.0,0.48888888888888893,no switch,80.0,65.0
1145,0,7,18,4.0,3.5,3.0,2.5,4,6,4,0.6352150321046895,no switch,no switch,no switch,no switch,40.0,42.0
1146,10,7,6,5.0,3.0,4.0,4.75,5,4,3,0.797653592551134,0.0,0.0,0.23888888888888893,no switch,40.0,45.0
1147,2,8,16,5.0,2.75,3.25,3.5,7,5,4,0.8817049131074898,0.0,0.0,-0.044444444444444446,1.6710194613885434,100.0,31.0
1148,3,8,12,4.5,3.25,3.75,3.25,6,5,4,0.8803612987099799,800.3097404595413,0.1777777777777778,0.06666666666666667,0.8982283219962782,100.0,90.0
1149,9,3,2,3.0,1.5,3.75,3.25,6,8,4,0.8304685699617512,0.0,0.0,0.2611111111111111,0.3244460592562617,0.0,29.0
1150,7,5,4,3.0,2.5,3.5,3.0,5,6,2,0.8285362434386666,5.050210716011396,0.024305555555555552,-0.24444444444444446,no switch,40.0,49.0
1151,2,6,11,4.5,3.25,2.25,3.5,5,8,4,0.8402028827228972,380.4213374892099,0.027777777777777776,0.2111111111111111,no switch,0.0,0.0
1152,7,6,7,3.75,3.5,3.5,3.5,7,8,4,0.8709765902970981,14.13655013736249,-0.015972222222222218,-0.12222222222222223,no switch,20.0,33.0
1153,6,8,8,5.0,2.5,3.0,1.0,5,6,3,0.8562122601544143,40.57579006699883,-0.048611111111111105,-0.15555555555555556,no switch,40.0,45.0
1154,0,2,16,4.5,2.5,4.25,3.75,4,5,4,0.8475157547116162,no switch,no switch,no switch,no switch,80.0,45.0
1155,8,6,6,3.25,2.0,4.25,3.75,6,7,4,0.863000525437693,4735.5225292277155,0.06527777777777777,0.027777777777777776,no switch,40.0,17.0
1156,0,6,0,4.25,3.5,4.0,3.5,7,7,4,0.8594648133863552,0.0,0.0,0.022222222222222223,3.6408176145124105,60.0,0.0
1157,11,8,7,5.0,3.25,3.5,3.25,5,5,3,0.8133046976907263,5.050210716011396,-0.008333333333333333,-0.4,no switch,40.0,57.0
1158,12,6,1,5.0,2.5,3.5,3.25,4,4,4,0.694919586365545,20772.84470154402,0.09444444444444444,0.8333333333333334,no switch,20.0,23.0
1159,11,8,9,3.75,1.0,4.25,3.5,4,5,4,0.8577239077844387,40.57579006699883,0.044444444444444446,0.6111111111111112,0.08969476015419972,20.0,45.0
1160,10,5,7,4.0,4.0,3.25,4.75,7,5,4,0.8386001142969717,16645.01223196253,-0.035416666666666666,0.07222222222222223,0.5460764865850027,60.0,57.0
1161,5,8,20,4.25,4.25,4.0,4.25,4,1,4,0.6094247663958233,1501199875790166.0,-0.16458333333333333,-0.2111111111111111,no switch,40.0,63.0
1162,6,6,0,4.75,2.5,4.25,3.75,6,7,4,0.8363449560573434,0.3104781772960677,0.07569444444444444,-0.08333333333333333,no switch,100.0,45.0
1163,2,2,10,3.0,2.0,2.0,3.0,6,8,4,0.815067011208621,0.0,0.0,0.3888888888888889,0.4404407218511019,100.0,40.0
1164,8,8,5,4.75,1.5,4.5,2.0,5,7,4,0.8313811258097015,10.156376671056016,-0.020833333333333332,0.25555555555555554,0.5253311321458287,20.0,45.0
1165,6,0,36,3.25,2.5,3.75,4.25,4,4,4,0.7487465382488994,0.0,0.0,0.5555555555555555,no switch,20.0,26.0
1166,8,8,20,3.5,1.5,3.5,2.75,5,4,4,0.8208685745779991,455.1335777333058,0.013888888888888886,-0.06666666666666667,no switch,80.0,45.0
1167,2,0,14,4.25,1.75,3.75,3.75,5,3,4,0.8127731055901875,1501199876836663.2,-0.11944444444444442,0.13333333333333333,0.3902573713114361,0.0,62.0
1168,10,8,4,4.75,3.0,4.5,4.0,6,7,4,0.7511154255636516,423.0284478242843,0.06180555555555556,0.06666666666666667,no switch,40.0,39.0
1169,1,7,19,5.0,2.25,4.5,4.5,6,6,4,0.8011360806673666,1501199875790532.8,-0.11666666666666665,0.24444444444444446,no switch,60.0,55.0
1170,5,5,14,4.5,3.5,3.0,4.5,4,2,4,0.8207369144008198,479262623.1702538,-0.07638888888888888,-0.03888888888888888,no switch,40.0,33.0
1171,7,8,2,4.75,3.25,5.0,4.75,5,6,4,0.8594007784821512,0.0,0.0,0.0,no switch,80.0,55.0
1172,9,8,1,4.0,2.75,3.75,3.25,7,7,4,0.8992827252161437,0.0,0.0,0.0,1.0294547707426824,100.0,8.0
1173,6,5,5,4.5,3.0,4.75,4.5,6,4,4,0.7820948719446844,0.3104781772960677,-0.008333333333333333,0.06666666666666667,no switch,20.0,35.0
1174,4,8,11,5.0,2.0,3.5,1.0,4,3,4,0.8590318105364162,346.58010826706703,0.04930555555555555,0.2333333333333333,0.2684888601223636,40.0,48.0
1175,7,8,12,3.5,1.75,4.25,4.5,4,4,4,0.7637876533082227,0.0,0.043750000000000004,0.27777777777777773,no switch,40.0,45.0
1176,2,6,18,5.0,2.25,4.0,3.0,6,8,4,0.8305900352790637,4823.010556400996,0.041666666666666664,0.26666666666666666,0.8611118285364975,40.0,51.0
1177,2,8,1,4.5,2.5,4.25,3.5,6,7,4,0.8936191230013367,109.95741500707037,0.08055555555555555,0.18888888888888888,no switch,20.0,33.0
1178,9,3,5,4.0,2.25,3.75,2.75,5,5,4,0.8216597452908049,4377.101762997211,-0.07638888888888888,0.24444444444444446,no switch,40.0,45.0
1179,4,8,1,4.25,1.5,5.0,3.75,6,4,4,0.8419233582177187,1501199875790515.0,-0.008333333333333333,0.0,0.6691716488985238,100.0,100.0
1180,11,8,0,4.75,3.75,3.5,2.5,3,3,1,0.7328644438822624,0.0,0.0,-0.35555555555555557,no switch,100.0,55.0
1181,4,8,2,4.5,2.75,2.75,3.25,4,7,4,0.7601271319860484,0.0,0.0,-0.05555555555555555,0.8769916274216562,0.0,0.0
1182,4,5,8,4.5,3.25,2.75,2.75,6,7,4,0.8052305383141661,0.0,0.0,0.3111111111111111,no switch,0.0,0.0
1183,4,8,20,3.5,1.25,4.5,3.75,4,3,4,0.8157090300388352,39.95467590276033,-0.005555555555555554,0.3666666666666667,no switch,40.0,45.0
1184,7,8,1,5.0,2.75,2.5,3.75,6,7,4,0.8429289660120133,0.0,0.0,0.0,0.8876099747089672,0.0,0.0
1185,2,8,10,4.75,2.5,3.25,3.5,5,8,4,0.8214746970678954,0.0,0.0,0.0,1.0933206088271756,60.0,31.0
1186,0,6,15,4.75,2.25,3.25,3.5,6,6,4,0.7695285340437379,90.62807202723366,0.005555555555555554,0.35555555555555557,no switch,40.0,21.0
1187,2,6,7,3.75,1.5,3.5,2.75,5,5,4,0.8334890809625208,6.229706907863243,0.21458333333333335,-0.016666666666666666,no switch,40.0,45.0
1188,9,7,6,4.75,1.5,5.0,4.5,5,2,4,0.6466735868265057,0.0,0.032638888888888884,-0.15555555555555553,no switch,40.0,30.0
1189,3,1,10,2.25,3.75,4.0,3.5,4,7,4,0.8416845452805649,0.0,0.0,0.27777777777777773,no switch,100.0,46.0
1190,0,5,9,3.5,1.75,4.0,4.25,5,5,4,0.7955904281015238,0.0,0.0,0.45555555555555555,0.6917422914636097,40.0,45.0
1191,5,6,8,4.75,2.25,2.5,1.75,5,3,4,0.7426379114289035,-0.6379688129049731,0.075,0.6111111111111112,0.2131119179228923,100.0,45.0
1192,3,3,36,3.25,2.5,3.5,4.0,6,6,3,0.7853562644734583,1046421.0021413403,-0.043750000000000004,0.15555555555555556,no switch,20.0,33.0
1193,5,7,10,3.75,2.5,3.5,3.75,4,6,4,0.8162975985850013,423.0284478242843,-0.006250000000000001,0.12222222222222223,no switch,40.0,43.0
1194,1,0,18,4.25,1.5,2.25,1.0,5,7,4,0.8408304387271925,0.0,0.13055555555555554,0.13888888888888887,0.6647987572788558,20.0,18.0
1195,6,5,8,3.25,1.0,4.0,3.5,5,8,4,0.765073130234461,0.0,0.0,0.6111111111111112,0.350103251323047,100.0,55.0
1196,8,8,2,5.0,3.75,3.75,4.0,5,8,4,0.8633148004683628,4823.010556400996,-0.061111111111111116,0.17777777777777778,no switch,60.0,44.0
1197,9,7,9,3.5,2.5,2.25,4.0,6,8,4,0.6891774582537935,4477.834393674761,-0.03333333333333333,0.1,0.9063883015124318,100.0,55.0
1198,11,8,0,5.0,2.25,4.75,5.0,7,7,4,0.8089876856790762,16750.143885602567,-0.006944444444444445,0.005555555555555559,1.0391041867780204,40.0,35.0
1199,10,7,0,3.5,2.5,3.75,3.5,7,5,4,0.8124560648545905,4823.010556400996,-0.01527777777777777,0.0,0.8876099747089672,60.0,15.0
1200,7,8,1,5.0,2.75,5.0,5.0,4,8,4,0.8649152837855316,0.3104781772960677,0.010416666666666666,0.13333333333333333,no switch,60.0,45.0
1201,5,1,16,3.75,4.0,4.0,3.0,5,2,4,0.8323810953108547,-0.6658272331016108,0.09722222222222221,0.49444444444444446,no switch,60.0,63.0
1202,0,7,2,4.0,3.25,4.0,4.0,3,3,4,0.8655387194382135,0.0,0.0,no switch,no switch,0.0,0.0
1203,3,7,4,4.75,4.0,3.25,4.75,5,8,4,0.8636359526727798,0.9315923415345702,-0.016666666666666666,-0.08888888888888889,no switch,20.0,0.0
1204,6,6,14,4.5,2.25,4.0,4.0,6,6,4,0.7979647775517462,87.99940363439786,0.04652777777777778,0.016666666666666666,1.6680644958499538,100.0,45.0
1205,8,6,4,4.0,3.25,4.25,4.75,5,6,4,0.7524247122641886,20667.713047903984,0.10208333333333335,0.06666666666666667,0.6336244993665461,100.0,43.0
1206,9,8,2,4.25,2.5,3.75,3.0,6,8,4,0.8784105004366558,4428.085637298981,0.043750000000000004,0.06666666666666667,1.4786645292888698,40.0,45.0
1207,3,8,20,5.0,5.0,3.25,4.75,4,3,4,0.7489584102957546,no switch,no switch,0.6111111111111112,no switch,20.0,28.0
1208,6,8,12,4.5,3.5,4.75,5.0,6,8,4,0.8419558086984097,800.3097404595413,-0.10833333333333334,0.2777777777777778,no switch,100.0,100.0
1209,11,6,16,4.75,2.0,4.5,4.25,4,2,2,0.8921913616860976,8263.54837274505,-0.059722222222222225,0.16666666666666666,0.5812291396570317,20.0,52.0
1210,0,8,6,4.0,2.75,3.75,4.75,3,4,4,0.7094913929566484,no switch,no switch,no switch,no switch,100.0,55.0
1211,6,7,14,4.5,1.0,3.25,2.25,7,7,4,0.8642863468807886,0.0,0.0,0.4222222222222222,no switch,80.0,55.0
1212,4,4,26,5.0,3.75,3.75,4.75,5,5,4,0.7550190412172066,0.0,0.016666666666666666,0.03888888888888889,no switch,20.0,37.0
1213,0,8,18,5.0,2.0,3.75,3.5,1,5,4,0.8448092225585379,no switch,no switch,no switch,no switch,40.0,46.0
1214,3,7,10,4.75,1.25,3.0,4.75,7,5,4,0.8289803482645038,479262535.68222666,-0.03888888888888888,0.33888888888888885,no switch,40.0,45.0
1215,7,8,21,4.0,1.75,3.0,2.5,6,4,4,0.8748976499919464,44.46995909249589,0.048611111111111105,-0.2111111111111111,no switch,40.0,45.0
1216,11,8,1,3.75,2.0,4.75,4.5,6,6,4,0.8806680854113419,0.0,0.0,-0.2888888888888889,no switch,60.0,45.0
1217,6,8,2,4.25,2.75,3.75,4.75,6,6,4,0.8343410224697125,14.050545696553074,-0.006944444444444445,-0.18888888888888888,no switch,40.0,38.0
1218,11,8,0,5.0,3.75,4.5,5.0,7,8,4,0.678677111374658,4.825761367031629,0.13055555555555554,-0.17777777777777778,no switch,40.0,33.0
1219,12,8,13,3.25,2.0,5.0,4.5,5,5,4,0.8617853923544425,4717.878902760957,0.24444444444444446,0.10000000000000002,no switch,60.0,49.0
1220,3,0,27,4.25,2.75,2.0,2.75,5,1,2,0.8556175226476879,501632134.2128388,0.08333333333333333,0.5277777777777778,no switch,0.0,48.0
1221,3,8,9,3.0,2.25,3.75,3.0,6,6,4,0.7322512462905606,0.0,0.0,0.0,no switch,100.0,45.0
1222,6,4,14,4.0,3.75,2.25,4.25,6,4,4,0.9042105971842602,0.0,0.0,0.03888888888888889,no switch,40.0,45.0
1223,5,6,10,4.25,3.25,4.0,2.75,5,2,4,0.8049128482414457,0.3104781772960677,0.07361111111111111,-0.03333333333333333,no switch,40.0,61.0
1224,13,8,7,4.0,1.75,4.0,3.5,6,7,4,0.8403398511440429,0.0,0.0,0.37777777777777777,no switch,60.0,45.0
1225,10,8,0,4.75,2.0,2.75,3.5,7,7,4,0.7529026644282764,0.0,0.0,0.06666666666666667,0.9036683083403806,0.0,0.0
1226,0,5,24,4.5,2.5,4.75,4.75,4,5,4,0.856333911194145,no switch,no switch,no switch,no switch,40.0,29.0
1227,9,6,4,4.5,3.5,5.0,4.75,6,7,4,0.8354936890414113,26.58800620826653,0.052083333333333336,0.1111111111111111,no switch,60.0,48.0
1228,0,5,12,4.25,3.5,3.25,3.5,6,8,4,0.8351386761557169,4.825761367031629,0.016666666666666666,0.12222222222222223,1.119851512728974,80.0,34.0
1229,4,6,13,3.75,2.5,3.75,3.0,4,6,4,0.8549152062713873,3895.6713940773607,-0.011111111111111118,0.06666666666666667,0.6691716488985238,40.0,45.0
1230,6,8,6,5.0,3.0,4.25,3.25,6,8,4,0.8184158174632742,4428.085637298981,-0.0034722222222222216,0.038888888888888896,no switch,60.0,45.0
1231,12,7,4,4.0,2.75,3.25,3.0,4,5,4,0.8102206830192022,0.0,0.0,0.0,no switch,100.0,41.0
1232,6,6,48,3.75,3.5,3.5,3.75,3,0,3,0.8838623395996871,13713587916.22429,0.075,no switch,no switch,100.0,86.0
1233,4,6,4,3.0,2.25,4.0,4.75,6,6,4,0.8313869960437447,0.0,0.028125,0.16111111111111112,1.3043701390860023,40.0,45.0
1234,8,8,1,5.0,2.25,4.0,3.25,6,6,4,0.8217383577935469,0.0,0.0,0.05833333333333333,0.9317301600601382,40.0,40.0
1235,9,3,9,4.5,1.0,3.0,1.5,6,7,4,0.8896704490532499,90.62807202723366,0.000694444444444442,0.24444444444444446,no switch,60.0,55.0
1236,6,8,0,5.0,2.25,3.75,3.25,5,4,4,0.8293635621441208,-0.333223269233891,0.26111111111111107,-0.016666666666666666,1.00212308228762,40.0,45.0
1237,12,8,4,2.5,1.0,3.0,5.0,6,6,4,0.8892579444923044,356.5980400299527,-0.022222222222222223,0.6111111111111112,no switch,0.0,0.0
1238,12,7,1,4.25,2.75,3.75,4.0,4,1,2,0.8929232525558487,1501213588328252.2,-0.1611111111111111,0.48888888888888893,no switch,0.0,55.0
1239,10,7,5,3.5,2.5,3.25,3.75,5,8,4,0.8296072520294107,8.944379741508454,-0.057638888888888885,-0.1277777777777778,no switch,60.0,55.0
1240,4,8,17,4.75,4.25,3.5,3.5,5,3,4,0.7139347138281652,0.0,0.0,0.09444444444444444,no switch,40.0,30.0
1241,8,7,6,4.0,3.5,3.75,3.25,5,6,4,0.7511694345997558,0.0,0.1972222222222222,0.0,no switch,40.0,28.0
1242,3,2,18,4.75,4.0,3.5,4.0,5,5,4,0.8627645122514338,0.0,0.05625,0.0,2.5207211030607635,40.0,48.0
1243,4,7,11,4.0,2.0,3.25,3.5,6,6,4,0.7631986632844899,0.0,0.0,0.6111111111111112,no switch,40.0,45.0
1244,0,3,10,2.0,2.0,4.0,4.0,3,3,4,0.8239011736766777,no switch,no switch,no switch,no switch,40.0,45.0
1245,0,8,6,4.75,3.5,3.5,3.5,6,5,4,0.8101533304352208,0.0,0.0,-0.30000000000000004,no switch,60.0,55.0
1246,2,8,14,5.0,2.0,3.75,4.75,5,4,4,0.7006781103273706,1054306.757844989,0.1638888888888889,0.022222222222222223,1.028298128193813,40.0,40.0
1247,0,5,0,3.5,3.75,3.75,3.0,6,8,4,0.8439019526936115,0.0,0.0,0.25,no switch,100.0,31.0
1248,7,8,2,4.25,2.0,4.5,2.25,5,7,4,0.748163397474653,0.0,0.0,0.24444444444444446,no switch,80.0,45.0
1249,6,5,13,4.25,3.5,4.75,4.25,5,4,4,0.7937919510012472,0.0,0.03333333333333333,0.3555555555555556,no switch,20.0,33.0
1250,3,7,8,4.0,3.25,3.75,4.5,6,6,4,0.8289735899999805,4.4290965517728935,0.02291666666666667,0.06666666666666667,no switch,20.0,22.0
1251,6,5,9,4.5,2.5,3.5,3.25,6,7,4,0.7702998277116162,0.0,0.07638888888888888,0.0,no switch,80.0,43.0
1252,0,8,0,4.25,3.25,4.0,5.0,3,2,4,0.9188259714181305,no switch,no switch,no switch,no switch,0.0,49.0
1253,13,7,5,5.0,2.25,4.5,3.75,4,1,3,0.7715667135439834,1046393.2113963371,-0.11666666666666665,0.0,no switch,40.0,55.0
1254,4,7,4,5.0,4.0,3.75,4.5,3,3,4,0.8615358355048719,4428.085637298981,0.043750000000000004,-0.17777777777777778,no switch,40.0,55.0
1255,8,8,3,4.75,3.0,3.75,4.0,6,8,4,0.7858207834930306,4.825761367031629,0.21805555555555553,0.0,0.8876099747089672,80.0,36.0
1256,4,8,3,5.0,3.5,3.75,4.75,4,4,3,0.6520144823152494,2.7146728336452117,0.19652777777777777,0.1111111111111111,no switch,0.0,41.0
1257,9,6,6,3.0,1.75,4.0,3.0,7,4,4,0.7571926838286803,0.3104781772960677,0.06666666666666667,-0.43333333333333335,no switch,80.0,33.0
1258,3,1,3,3.75,3.0,2.75,3.25,5,8,3,0.8399087608539832,1501199875790515.0,-0.013888888888888886,0.09444444444444444,no switch,40.0,49.0
1259,5,6,10,4.5,2.5,2.5,4.5,5,7,4,0.7631269619841684,4.825761367031629,0.20555555555555557,0.1,0.7591011446739782,40.0,28.0
1260,5,8,30,4.5,1.5,4.25,3.75,7,5,4,0.846080141916647,0.0,0.0,0.4444444444444444,no switch,40.0,46.0
1261,11,8,17,4.5,2.5,4.5,4.5,6,8,3,0.7681548415098381,478216290.1675162,0.05486111111111111,0.13333333333333333,no switch,60.0,55.0
1262,4,7,15,3.25,2.75,3.75,4.0,4,4,4,0.8538946042212374,87.99940363439786,-0.020833333333333332,0.10555555555555557,0.7884285020133663,40.0,35.0
1263,5,8,9,5.0,4.0,2.25,3.75,4,7,4,0.8187935692961043,111.36136054790198,0.25625000000000003,no switch,no switch,0.0,0.0
1264,0,1,33,4.25,3.5,1.75,1.75,3,2,4,0.8905793754543498,no switch,no switch,no switch,no switch,0.0,0.0
1265,9,8,4,3.75,3.0,4.75,4.0,5,6,4,0.8265466176429787,0.0,0.0,0.3833333333333333,no switch,100.0,55.0
1266,4,0,18,4.0,1.0,3.0,3.5,6,8,4,0.7931141976504423,4.825761367031629,0.09722222222222221,-0.5333333333333333,no switch,40.0,36.0
1267,0,8,2,4.5,3.0,3.75,4.75,4,6,3,0.8840322598537589,no switch,no switch,no switch,no switch,40.0,42.0
1268,7,8,0,5.0,3.5,3.5,3.5,5,6,4,0.7945698626952279,380.4213374892099,0.061111111111111116,-0.1111111111111111,no switch,20.0,28.0
1269,8,8,7,4.25,2.75,4.25,3.75,6,3,4,0.7756780966620811,0.9315923415345702,0.27777777777777773,0.0,no switch,0.0,33.0
1270,4,8,13,2.5,2.25,5.0,4.75,5,4,4,0.8259044943854843,4.825761367031629,0.06458333333333334,0.0,no switch,0.0,22.0
1271,12,7,7,4.75,2.5,5.0,5.0,4,6,4,0.796703341031764,4.825761367031629,0.13055555555555554,-0.2222222222222222,0.8769916274216562,100.0,55.0
1272,0,5,15,4.75,2.5,3.25,4.0,2,4,4,0.8431962297584557,no switch,no switch,no switch,no switch,20.0,0.0
1273,7,8,6,5.0,3.25,5.0,4.5,6,6,4,0.8173583221432029,350.00192409326706,0.08888888888888889,-0.17777777777777778,1.4623653549133524,60.0,48.0
1274,2,7,11,4.0,3.25,3.75,3.75,6,7,3,0.7925166536467835,0.0,0.03333333333333333,0.15,no switch,40.0,42.0
1275,0,4,0,4.25,4.25,4.25,3.5,6,8,4,0.8844858120205209,380.4213374892099,-0.051388888888888894,-0.061111111111111116,1.3501209091277144,80.0,36.0
1276,9,8,4,3.75,1.75,3.25,3.25,5,4,4,0.7559875558013661,4717.878902760957,0.06666666666666667,-0.1111111111111111,no switch,20.0,45.0
1277,6,7,29,4.5,1.5,3.75,3.75,6,6,4,0.8448294153766063,4390.34636650148,-0.04027777777777778,-0.027777777777777776,0.3902573713114361,40.0,48.0
1278,5,8,17,4.75,1.75,3.0,2.25,5,8,4,0.8720933618536414,4717.878902760957,-0.05486111111111111,0.05000000000000001,0.9170066487997428,60.0,45.0
1279,0,6,5,4.25,3.25,3.5,4.5,6,5,4,0.8064193414461311,4823.010556400996,0.1972222222222222,0.22777777777777777,0.9369053053140788,40.0,45.0
1280,9,7,10,4.75,2.5,4.0,4.25,6,5,1,0.8249897421135974,0.0,0.0,0.0,no switch,40.0,45.0
1281,7,7,35,3.0,1.0,5.0,2.75,6,5,4,0.7944281920600769,20667.713047903984,-0.020833333333333332,0.13333333333333333,no switch,40.0,28.0
1282,12,8,1,1.25,1.75,5.0,3.75,4,4,4,0.8066828658488236,no switch,no switch,-0.35555555555555557,no switch,60.0,55.0
1283,10,7,3,4.5,4.0,3.75,4.5,4,3,4,0.7751556124757023,6585.51954975222,0.175,0.13333333333333333,1.6593225812067822,40.0,48.0
1284,9,8,1,4.75,2.25,4.25,4.25,5,8,4,0.8769025963296412,0.0,0.0,-0.1111111111111111,no switch,100.0,56.0
1285,5,3,2,5.0,3.0,3.0,3.5,6,8,4,0.7447977483768806,36.64912030380606,-0.03819444444444444,-0.3111111111111111,no switch,40.0,43.0
1286,6,8,3,4.75,2.75,5.0,5.0,6,8,4,0.8049735173749035,0.0,0.1638888888888889,0.0,no switch,60.0,49.0
1287,6,6,14,5.0,2.5,4.25,4.0,7,8,4,0.8324490549877093,400.55905999049463,0.02847222222222223,0.12222222222222223,1.1630814615744276,100.0,36.0
1288,7,8,27,5.0,3.75,3.5,5.0,5,2,3,0.681804439579094,23420377.26261364,0.027777777777777752,-0.4,no switch,0.0,37.0
1289,7,8,6,2.5,2.25,3.75,3.25,6,8,4,0.7967675704895715,0.3104781772960677,0.07361111111111111,0.24444444444444446,0.4675497841931587,20.0,35.0
1290,1,3,12,4.25,3.0,3.25,3.0,6,7,4,0.8569349396954467,0.0,0.0,0.0,1.0933206088271756,100.0,29.0
1291,8,3,1,3.25,3.0,3.25,3.0,7,5,4,0.8653925025052143,20685.356674370745,-0.1326388888888889,0.022222222222222223,1.0204903506951037,60.0,50.0
1292,8,5,20,4.5,2.5,5.0,4.5,4,4,4,0.8580335109665874,0.0,0.0,0.2222222222222222,no switch,40.0,43.0
1293,9,8,8,2.75,2.0,4.5,4.75,7,3,3,0.8207904348057613,8.944379741508454,0.10625,-0.06666666666666667,no switch,20.0,32.0
1294,3,5,5,5.0,4.25,3.25,2.25,7,8,4,0.8160652840758054,4428.085637298981,0.0861111111111111,0.0,1.0933206088271756,60.0,48.0
1295,13,8,21,4.75,3.25,4.75,4.25,5,2,4,0.6872662444875152,478232442.30689955,-0.03888888888888888,0.29444444444444445,1.0811134283953419,40.0,61.0
1296,1,8,9,4.75,2.0,4.75,4.75,5,5,4,0.8225298470513026,4428.085637298981,-0.027777777777777776,0.27777777777777773,no switch,40.0,46.0
1297,13,8,0,5.0,4.0,4.5,3.5,7,8,4,0.841088565256343,0.0,0.0,0.25555555555555554,0.5310903565424278,0.0,0.0
1298,5,3,0,5.0,2.75,3.0,3.25,5,5,4,0.8569728900671639,0.0,0.0,0.07777777777777777,0.4638864773363002,60.0,82.0
1299,3,8,22,4.25,3.5,4.0,4.25,4,6,4,0.7689153900785014,1046738.3875590634,-0.011111111111111108,0.016666666666666666,no switch,40.0,44.0
1300,12,5,7,4.0,2.75,3.5,4.0,7,8,4,0.7943039339964812,-0.333223269233891,0.17013888888888892,0.22777777777777777,no switch,0.0,0.0
1301,11,8,4,5.0,2.0,4.75,5.0,6,8,4,0.8862996792563214,0.0,0.03333333333333333,0.5555555555555555,0.06578139059137558,40.0,45.0
1302,7,7,18,4.0,3.75,4.0,3.25,6,2,3,0.7764829654089439,4503599627370495.0,0.0,0.4444444444444444,no switch,40.0,35.0
1303,12,7,1,4.0,1.25,4.25,3.25,5,5,4,0.7889927741318005,8.944379741508454,-0.035416666666666666,0.4611111111111111,no switch,40.0,45.0
1304,9,8,1,4.0,2.25,3.75,4.25,7,7,4,0.8589800729640682,0.0,0.0,-0.14444444444444446,no switch,100.0,55.0
1305,0,7,21,4.5,3.0,3.25,3.5,6,7,4,0.8359969407113007,0.0,0.016666666666666666,0.24444444444444446,0.4282864329972367,40.0,37.0
1306,8,8,0,4.0,3.25,3.5,4.5,6,7,4,0.8423503190103986,4.825761367031629,0.13055555555555554,-0.03333333333333333,no switch,100.0,45.0
1307,5,8,3,4.75,4.5,1.25,1.75,5,7,4,0.8340509130167074,16.765218530198286,0.01805555555555555,0.13888888888888887,no switch,0.0,19.0
1308,3,4,7,4.5,1.5,4.25,4.25,5,4,4,0.8269036337581563,0.0,0.03333333333333333,0.10000000000000002,no switch,40.0,37.0
1309,3,7,36,4.0,3.75,4.5,3.25,5,5,2,0.8775786547191281,1.4039455408316142,0.04097222222222222,0.044444444444444446,0.6827716597079352,40.0,19.0
1310,2,5,22,4.5,3.0,4.25,3.5,4,4,4,0.8134170229370514,1050761.088375005,0.041666666666666664,0.0,no switch,40.0,68.0
1311,1,2,9,3.5,2.5,1.75,2.5,6,8,4,0.843626407674301,0.9315923415345702,0.11388888888888887,0.4888888888888889,0.30759360304557193,100.0,30.0
1312,4,5,11,4.25,3.25,3.25,3.0,6,6,3,0.8125884840339822,1046501.0577228108,-0.041666666666666664,0.5055555555555555,no switch,0.0,40.0
1313,0,8,4,4.75,3.0,3.5,3.25,1,6,4,0.8025338138996028,no switch,no switch,no switch,no switch,60.0,67.0
1314,8,8,4,4.0,2.0,4.0,4.0,5,3,4,0.8354552910071094,4717.878902760957,0.10972222222222222,0.41666666666666663,no switch,40.0,39.0
1315,5,8,4,4.0,3.25,3.75,3.75,6,7,4,0.7518588184948358,12.249935340462725,0.008333333333333333,-0.07777777777777778,1.5521619707880143,40.0,54.0
1316,8,6,33,5.0,1.5,2.25,4.25,7,5,3,0.8471073236004636,800.3097404595413,0.013888888888888888,0.06666666666666667,no switch,40.0,33.0
1317,8,2,2,4.75,3.75,3.5,3.0,4,2,4,0.7915212307958613,-0.333223269233891,0.10972222222222222,0.1111111111111111,no switch,20.0,31.0
1318,0,8,8,4.75,4.75,4.25,4.75,1,6,4,0.8213619940958296,no switch,no switch,no switch,no switch,40.0,43.0
1319,5,8,6,3.0,2.75,4.25,4.0,5,7,4,0.865287304973091,0.0,0.016666666666666666,0.24444444444444446,0.5460764865850027,100.0,73.0
1320,6,7,28,4.25,1.5,5.0,4.25,2,3,0,0.7938253162599315,33.20424684683372,0.4583333333333333,0.1611111111111111,no switch,20.0,52.0
1321,8,7,3,4.0,2.25,4.25,3.75,6,4,4,0.8186900171046685,4374.1066855755535,0.04791666666666666,0.20000000000000004,no switch,40.0,54.0
1322,13,7,0,4.0,2.75,4.75,3.75,5,8,4,0.8112376020373812,32.754951278309,0.05486111111111111,-0.05555555555555555,no switch,100.0,73.0
1323,4,3,11,3.75,2.0,4.25,3.5,6,6,4,0.8736404431590682,0.0,0.13055555555555554,0.3277777777777778,0.4798689080625695,60.0,45.0
1324,4,8,6,5.0,2.0,4.0,4.5,6,5,4,0.8343090281479043,0.0,0.0,0.049999999999999996,0.5045857777066546,80.0,32.0
1325,12,7,0,5.0,4.0,5.0,5.0,4,4,4,0.8478952431457913,0.0,0.38888888888888884,0.13333333333333333,no switch,60.0,55.0
1326,2,6,10,3.75,2.25,4.0,3.75,5,5,4,0.8077195971651019,4823.010556400996,-0.005555555555555559,-0.4,no switch,40.0,45.0
1327,8,8,0,5.0,1.0,4.25,1.75,7,6,4,0.7731004367899047,0.0,0.0,-0.07777777777777777,no switch,100.0,55.0
1328,13,8,2,2.75,1.75,5.0,3.25,4,6,4,0.821658738325733,4823.010556400996,0.0,0.18888888888888888,0.7507053977850676,40.0,60.0
1329,5,8,23,4.0,2.5,4.0,3.5,6,4,4,0.794794533673525,-0.333223269233891,0.07222222222222223,-0.37777777777777777,no switch,40.0,51.0
1330,9,7,4,5.0,3.0,4.25,3.5,3,4,4,0.8231100432876222,0.0,0.0,-0.43333333333333335,no switch,40.0,49.0
1331,3,1,1,5.0,4.75,2.75,5.0,4,6,4,0.8369091817212949,4.825761367031629,-0.03333333333333333,-0.04444444444444443,2.5953007408343534,40.0,33.0
1332,7,1,15,5.0,1.5,3.0,4.75,2,4,4,0.8327206261158312,4399.571150831001,0.22361111111111112,0.18333333333333335,no switch,60.0,67.0
1333,4,6,18,5.0,2.75,3.25,3.75,7,8,4,0.8601919238262175,-0.333223269233891,0.09305555555555556,-0.12777777777777777,1.00212308228762,60.0,56.0
1334,0,8,9,2.0,1.0,5.0,3.75,6,8,4,0.8029198711031825,0.0,0.0,-0.1388888888888889,no switch,100.0,45.0
1335,0,8,13,3.75,2.75,2.75,2.75,1,5,4,0.8537030115063593,no switch,no switch,no switch,no switch,60.0,55.0
1336,0,8,2,3.75,2.25,5.0,4.0,5,2,4,0.8323592872267004,-0.333223269233891,0.18611111111111112,0.4444444444444444,0.44769960732401193,40.0,7.0
1337,2,4,22,3.25,3.0,2.5,2.5,5,5,4,0.8254530072879526,0.0,0.0,0.16666666666666666,0.8769916274216562,40.0,37.0
1338,6,4,7,4.5,2.25,3.75,3.0,6,6,4,0.8396647796114819,510.51647499756496,0.24375,0.1,2.6667264953950487,60.0,45.0
1339,8,4,24,4.5,2.25,3.5,3.5,5,3,4,0.6836726533720703,5.050210716011396,0.08958333333333333,0.3833333333333333,no switch,0.0,33.0
1340,8,8,3,2.75,2.25,4.25,3.75,5,8,4,0.8391249684384325,0.0,0.0,-0.2111111111111111,no switch,60.0,45.0
1341,0,2,3,4.5,3.75,3.5,2.5,6,7,4,0.8200476796497534,0.0,0.0,no switch,no switch,40.0,40.0
1342,4,8,0,4.0,1.25,3.5,3.5,5,8,4,0.8371726440637373,0.0,0.0,0.5055555555555555,0.30759360304557193,60.0,33.0
1343,6,8,5,4.0,3.25,3.25,4.5,4,8,4,0.7994561103606221,0.0,0.0,0.16666666666666666,0.4371818592809512,0.0,0.0
1344,4,8,30,4.5,2.75,4.0,3.5,6,7,4,0.8016059538944663,0.0,0.0,0.0,no switch,100.0,87.0
1345,3,0,4,5.0,2.0,2.25,1.0,7,8,4,0.8763637121588901,0.0,0.0,0.2222222222222222,1.0308957236922813,100.0,38.0
1346,9,8,0,5.0,2.5,3.0,4.25,7,8,4,0.7669244411374759,0.0,0.0,0.0,0.8876099747089672,100.0,55.0
1347,1,0,2,4.5,2.75,3.0,2.5,6,8,4,0.6712411365553839,0.0,0.0,-0.06666666666666667,no switch,100.0,52.0
1348,3,7,4,4.75,2.25,3.75,3.25,4,5,4,0.8191225589145578,4823.010556400996,0.041666666666666664,0.16666666666666666,0.535252347091009,40.0,55.0
1349,4,7,2,4.25,3.0,4.25,4.25,6,7,4,0.845116105312594,0.0,0.0,0.16666666666666666,no switch,60.0,55.0
1350,4,7,3,4.5,2.5,4.0,3.75,5,8,4,0.8281435547268109,0.0,0.0,0.09444444444444444,0.8080970721990017,20.0,48.0
1351,1,5,14,3.25,2.5,4.5,3.5,7,6,4,0.8746968545888306,0.0,0.0,0.17777777777777778,0.7434961301658056,80.0,48.0
1352,3,3,10,2.75,1.5,2.0,1.0,6,4,4,0.8507339994619278,4717.878902760957,0.0,0.0,0.8982283219962782,100.0,33.0
1353,1,6,33,5.0,3.75,5.0,1.25,6,8,4,0.8283157126822072,1046410.8550228039,-0.024999999999999998,0.022222222222222223,no switch,40.0,45.0
1354,9,8,4,4.25,2.0,3.5,4.0,6,2,4,0.8618071001207033,1054306.757844989,-0.075,0.0,0.8982283219962782,40.0,45.0
1355,9,8,3,3.75,2.5,5.0,4.75,4,5,2,0.8392576793661299,2.335537882366184,0.032638888888888884,0.18888888888888888,no switch,40.0,45.0
1356,6,2,8,3.75,2.75,3.75,3.0,6,8,4,0.876086081060522,41.84129069966009,0.07361111111111111,0.044444444444444446,0.6827716597079352,80.0,67.0
1357,8,7,13,3.25,2.5,5.0,4.25,6,6,4,0.8762817583679192,0.0,0.013888888888888888,0.022222222222222227,no switch,40.0,31.0
1358,0,6,1,4.25,3.75,4.25,3.5,4,7,4,0.8243206032411907,no switch,no switch,no switch,no switch,100.0,27.0
1359,0,5,7,4.75,3.5,3.5,4.25,4,7,4,0.7794613272694276,no switch,no switch,no switch,no switch,100.0,55.0
1360,6,3,20,3.25,2.25,3.5,4.0,3,5,2,0.8522496624892366,0.9315923415345702,0.14722222222222223,0.13333333333333333,no switch,100.0,47.0
1361,13,7,0,3.75,2.25,4.5,3.0,5,4,3,0.8639848649098129,119.18219933659181,0.41250000000000003,0.06666666666666667,no switch,100.0,53.0
1362,8,7,2,4.0,2.75,4.75,2.5,5,7,4,0.8034150335833321,9.535262506817514,0.09722222222222221,-0.0888888888888889,no switch,60.0,55.0
1363,9,8,21,4.0,2.5,5.0,4.75,5,3,4,0.7936762184815618,0.0,0.0,0.10555555555555556,0.7591011446739782,40.0,55.0
1364,11,7,0,4.75,3.5,5.0,5.0,6,8,4,0.823043832578842,2.7146728336452117,-0.013888888888888888,-0.25555555555555554,no switch,60.0,45.0
1365,8,8,7,3.75,2.25,4.25,4.0,7,4,4,0.7491222026589286,4381.927524364243,-0.06527777777777777,0.17777777777777778,no switch,80.0,62.0
1366,7,8,12,4.75,2.25,3.75,2.75,6,8,4,0.8269501973630176,35.24517476297444,0.006944444444444445,0.07777777777777778,0.7878905426958098,80.0,29.0
1367,3,5,19,4.25,3.0,4.75,3.75,5,8,4,0.8472084046654175,0.0,0.09791666666666667,-0.016666666666666666,2.168872978391796,40.0,55.0
1368,3,1,5,3.25,2.75,3.25,3.0,6,8,4,0.8242028514382977,0.0,0.0,-0.24444444444444446,no switch,100.0,46.0
1369,5,6,16,3.75,4.0,3.25,3.0,6,4,4,0.8577962486183437,1054306.757844989,-0.075,0.03333333333333333,no switch,20.0,9.0
1370,9,7,23,3.75,4.0,3.25,3.5,6,5,1,0.836423152844511,0.9315923415345702,-0.016666666666666666,0.6111111111111112,no switch,40.0,45.0
1371,5,7,6,4.75,2.75,5.0,4.5,5,7,4,0.7816575729696285,0.0,0.016666666666666666,-0.2,2.6667264953950487,40.0,45.0
1372,8,4,17,4.25,2.0,4.5,4.5,4,4,4,0.8229435145283049,1501199875794643.0,0.0861111111111111,no switch,no switch,0.0,42.0
1373,0,7,5,3.25,2.5,2.5,1.5,1,5,4,0.8216539790113263,no switch,no switch,no switch,no switch,40.0,30.0
1374,6,8,7,4.75,2.75,4.0,3.5,6,5,4,0.8175656159456501,0.0,0.0,0.17777777777777778,0.3244460592562617,60.0,44.0
1375,7,8,4,4.0,2.25,4.5,3.75,7,6,4,0.817949345694935,0.0,0.03333333333333333,0.25,0.5045857777066546,40.0,34.0
1376,10,8,10,4.75,2.75,5.0,2.0,4,3,4,0.7688829358228355,1046498.3430499771,-0.15,-0.1,no switch,60.0,33.0
1377,7,8,1,5.0,1.25,3.75,4.0,3,7,4,0.8144124228554682,4717.878902760957,-0.06388888888888887,0.4166666666666667,0.258209206458881,60.0,67.0
1378,5,8,10,4.5,3.5,4.0,3.75,6,4,3,0.8007687440399627,405.3848213575263,0.39375,0.2111111111111111,no switch,100.0,100.0
1379,8,8,7,3.25,1.5,4.75,5.0,7,6,4,0.8082145472095629,0.0,0.0,-0.35555555555555557,no switch,100.0,29.0
1380,6,3,2,3.75,2.0,3.75,2.5,4,7,4,0.8541487604168619,0.0,0.061111111111111116,-0.027777777777777776,1.5521619707880143,20.0,33.0
1381,8,8,1,4.75,3.75,5.0,4.25,7,7,4,0.771182683738717,0.0,0.0,0.3055555555555555,0.7273847512977416,0.0,0.0
1382,3,7,18,5.0,4.25,3.5,4.5,4,8,4,0.8242876723141271,0.0,0.0,0.39999999999999997,0.31189809289601517,40.0,48.0
1383,2,8,6,4.25,3.75,3.5,3.75,7,8,4,0.8716402176416647,0.0,0.0,-0.09166666666666666,no switch,100.0,29.0
1384,2,4,6,2.75,2.0,3.75,3.25,4,4,4,0.7629532249042758,1501199875790225.0,-0.1708333333333333,0.3333333333333333,1.540727457091638,0.0,48.0
1385,6,7,6,4.75,3.5,3.5,2.75,6,5,4,0.7988674305196145,0.9315923415345702,0.027777777777777776,0.22222222222222224,0.73866747325516,40.0,47.0
1386,9,8,9,4.75,2.5,4.25,5.0,5,5,2,0.8068039514705726,1046388.38563497,0.02638888888888889,-0.1111111111111111,no switch,40.0,45.0
1387,6,7,15,4.5,3.5,4.25,3.5,5,4,4,0.8160728903047495,4823.010556400996,-0.06666666666666667,-0.08888888888888889,no switch,100.0,61.0
1388,9,6,0,3.75,3.0,5.0,4.25,5,2,4,0.8097923056576303,457.848250566951,0.075,0.5111111111111112,no switch,0.0,0.0
1389,5,7,19,4.75,1.25,4.25,3.5,5,5,4,0.8359395614557621,0.0,0.0,0.6111111111111112,no switch,40.0,45.0
1390,9,7,8,3.75,2.75,4.75,3.75,6,7,3,0.8239810336993684,0.0,0.03333333333333333,-0.04444444444444443,no switch,20.0,55.0
1391,2,8,2,4.25,3.25,3.0,4.25,5,4,4,0.8073631565089213,0.0,0.0,0.061111111111111095,no switch,80.0,0.0
1392,4,4,11,4.0,3.0,3.0,3.0,5,4,4,0.7720656934440524,4823.010556400996,-0.1638888888888889,0.18888888888888888,0.8403727396051378,40.0,33.0
1393,11,8,30,4.0,4.0,4.0,4.0,6,1,3,0.8749254905015449,22.469387833789707,0.07291666666666667,0.3111111111111111,no switch,0.0,11.0
1394,2,8,12,4.25,3.5,2.0,2.5,6,7,4,0.8684709947633336,0.0,0.0,0.22777777777777777,no switch,40.0,45.0
1395,3,8,0,4.75,5.0,2.5,1.75,7,8,4,0.7939252811778726,0.0,0.0,0.38888888888888884,0.37156586890624915,40.0,47.0
1396,8,0,0,3.0,3.0,3.0,3.0,6,8,4,0.8077113129396796,4.825761367031629,0.11388888888888887,0.3055555555555556,no switch,0.0,0.0
1397,10,8,7,4.5,2.75,3.5,4.0,6,4,4,0.8342001229450053,0.0,0.01875,-0.4,no switch,20.0,27.0
1398,2,2,5,3.75,2.25,3.0,4.0,3,1,4,0.8124577378205291,2092886.7286849471,-0.06944444444444443,0.4777777777777778,no switch,60.0,53.0
1399,7,8,8,4.0,3.5,4.25,4.25,4,2,2,0.7957340431360728,350.00192409326706,0.08888888888888889,-0.1111111111111111,2.061513184378268,40.0,26.0
1400,0,3,41,4.0,4.25,3.75,3.5,4,5,4,0.8119615919947568,0.0,0.0,-0.48888888888888893,no switch,60.0,47.0
1401,2,5,20,5.0,3.0,3.25,5.0,2,2,4,0.7786185989692767,0.0,0.05486111111111111,0.25555555555555554,no switch,20.0,38.0
1402,11,7,5,4.5,2.75,2.75,2.75,6,7,4,0.8086097476454753,59.029162439439,-0.020833333333333332,0.19444444444444442,0.7240242420489165,40.0,35.0
1403,2,5,10,5.0,3.75,4.25,2.0,5,7,4,0.830543954104355,0.0,0.0,0.0,no switch,0.0,34.0
1404,4,8,1,3.75,1.5,3.75,3.75,6,7,4,0.8075264183659344,4428.085637298981,0.09930555555555555,-0.03333333333333333,0.6691716488985238,100.0,55.0
1405,5,7,2,5.0,1.0,4.25,4.25,6,8,4,0.791452613976519,1054306.757844989,-0.05416666666666667,0.15000000000000002,no switch,0.0,0.0
1406,4,7,5,5.0,1.75,3.75,1.75,6,8,4,0.8387219125133988,0.0,0.0,0.049999999999999996,1.1321901397442644,100.0,46.0
1407,0,8,1,4.0,3.0,4.75,4.25,4,6,4,0.8634250028327517,no switch,no switch,no switch,no switch,40.0,55.0
1408,0,6,13,4.75,4.25,1.25,2.5,6,5,4,0.8766037210920983,0.9315923415345702,0.18888888888888888,-0.027777777777777776,3.8400414273367702,40.0,48.0
1409,9,8,13,4.75,1.25,3.0,3.25,6,6,4,0.8590732193569475,0.0,0.0,0.45555555555555555,0.3902573713114361,40.0,55.0
1410,1,4,4,3.5,3.0,3.5,4.0,3,2,4,0.8652551065376229,16.765218530198286,0.02361111111111111,0.17777777777777778,no switch,20.0,23.0
1411,7,8,0,5.0,2.25,4.25,2.5,5,4,4,0.8068691884804209,359.22670842278853,0.004166666666666666,0.011111111111111118,no switch,20.0,37.0
1412,0,1,11,3.75,3.0,3.75,3.5,6,8,4,0.7983440087796325,347.5117006086016,0.051388888888888894,-0.2777777777777778,no switch,40.0,28.0
1413,7,8,1,5.0,4.25,3.0,3.5,6,7,4,0.8637409815390693,0.0,0.0,0.2888888888888889,0.4394393781094027,0.0,27.0
1414,5,8,8,4.75,3.25,4.0,4.25,5,4,4,0.8067104161789458,0.0,0.0,-0.1111111111111111,no switch,40.0,37.0
1415,11,7,0,5.0,2.25,3.25,3.0,4,5,4,0.8562939789057494,4717.878902760957,0.20972222222222223,-0.041666666666666664,1.1796046289659698,0.0,33.0
1416,8,8,2,4.25,2.25,4.75,3.5,5,6,4,0.8541164934431493,345.1761627262354,-0.041666666666666664,-0.016666666666666666,no switch,60.0,25.0
1417,0,8,5,3.5,1.25,3.5,2.75,1,3,3,0.8022006491891842,no switch,no switch,no switch,no switch,0.0,0.0
1418,0,7,1,4.5,1.25,5.0,4.5,6,7,4,0.803426695109239,5.050210716011396,0.0,-0.03333333333333333,no switch,40.0,45.0
1419,8,4,17,3.75,2.25,4.0,2.75,5,8,4,0.7534064415537027,0.3104781772960677,-0.008333333333333333,0.18888888888888888,0.3902573713114361,60.0,58.0
1420,2,8,5,4.5,3.0,3.75,2.5,6,8,4,0.7799754597152642,0.9315923415345702,0.14722222222222223,0.3111111111111111,no switch,40.0,38.0
1421,6,2,11,2.0,3.25,4.0,4.25,5,7,4,0.8167373711285427,5.050210716011396,0.007638888888888885,-0.09166666666666667,no switch,40.0,45.0
1422,10,6,8,4.25,1.25,4.5,3.25,5,5,4,0.8365835278895803,0.0,0.0,0.09999999999999999,no switch,40.0,45.0
1423,13,8,7,2.5,2.0,4.75,4.25,6,3,4,0.8536977502328927,405.3848213575263,0.09097222222222223,-0.04444444444444443,1.0047233035906424,80.0,45.0
1424,3,7,13,4.25,3.25,4.75,3.75,2,3,2,0.8224036160649844,1.7144237181276818,0.014583333333333332,-0.24444444444444446,no switch,40.0,45.0
1425,11,8,10,4.0,1.75,4.5,3.25,3,7,4,0.8386114161757229,4.825761367031629,0.03333333333333333,0.13333333333333333,no switch,100.0,55.0
1426,8,8,1,3.25,2.0,3.0,3.25,6,8,4,0.8008584008794682,0.0,0.0,0.24444444444444446,1.1258962988854673,100.0,50.0
1427,4,7,13,4.5,2.5,3.25,2.25,7,7,4,0.7833550409875611,0.0,0.0,0.0,0.8769916274216562,40.0,35.0
1428,6,6,10,5.0,1.75,2.5,3.75,5,1,3,0.8610307303844585,3002399773949950.5,0.0,0.17777777777777778,no switch,40.0,34.0
1429,11,8,2,4.25,3.75,4.25,4.25,4,7,4,0.7811631250446961,0.0,0.0,0.05555555555555556,no switch,0.0,0.0
1430,7,7,12,4.0,3.5,4.5,4.0,6,3,4,0.8615853397914617,4717.878902760957,-0.041666666666666664,0.0,no switch,20.0,33.0
1431,1,8,16,4.75,3.0,3.0,1.75,6,3,4,0.8391693320982431,0.0,0.0,0.16666666666666666,0.41143587767324796,40.0,38.0
1432,6,8,28,4.75,1.75,4.5,4.0,4,1,2,0.8091600981481526,346.8905864443631,0.004861111111111112,0.016666666666666666,no switch,40.0,45.0
1433,9,8,4,3.75,3.75,3.75,3.75,7,5,3,0.7348833467945102,0.0,0.0,0.25555555555555554,no switch,40.0,63.0
1434,8,8,0,4.0,1.25,4.0,2.0,7,4,4,0.8043213315124473,0.0,0.14722222222222223,-0.35555555555555557,no switch,20.0,53.0
1435,7,6,0,4.75,2.5,4.5,4.25,5,2,4,0.8337944208959088,-0.333223269233891,0.05555555555555555,-0.06666666666666667,1.2882232234827686,40.0,45.0
1436,7,7,14,4.25,1.75,3.5,2.5,4,2,2,0.8396632135292803,0.0,0.0,0.24444444444444446,0.3573517152838489,40.0,32.0
1437,4,6,6,4.75,3.0,3.25,3.75,6,6,4,0.8041332152213113,0.9315923415345702,0.14722222222222223,0.0,1.0,40.0,33.0
1438,4,1,32,4.0,3.5,4.0,3.5,3,3,4,0.8149213748175519,119.18219933659181,0.11805555555555554,0.15,no switch,60.0,33.0
1439,7,3,8,4.75,2.75,2.75,5.0,6,7,4,0.8338715985955378,1054306.757844989,-0.075,0.17777777777777778,no switch,20.0,45.0
1440,10,8,0,4.25,2.5,5.0,4.5,6,4,4,0.8358972014941694,0.0,0.0,0.038888888888888896,1.1435767577227596,40.0,45.0
1441,2,1,27,4.25,3.25,2.75,2.5,4,6,4,0.8699485815204512,16662.65585842929,-0.15416666666666667,0.03333333333333333,1.00212308228762,40.0,19.0
1442,7,8,2,4.0,3.75,4.25,4.0,6,6,4,0.8133153419978153,4823.010556400996,0.0027777777777777866,0.05000000000000001,no switch,40.0,45.0
1443,3,5,32,4.75,2.0,2.25,2.0,6,6,4,0.8585978015146546,4.4290965517728935,0.0,0.26666666666666666,no switch,80.0,45.0
1444,7,7,9,3.25,3.5,4.0,5.0,7,7,4,0.8273558035354247,16347.899109098997,0.044444444444444446,0.0,1.0294547707426824,40.0,54.0
1445,6,3,19,4.5,2.5,4.0,4.0,5,4,4,0.8558535975641808,16302.550742069938,-0.006944444444444445,0.12222222222222223,0.785926085354509,40.0,45.0
1446,7,6,6,4.25,2.5,3.75,2.5,6,8,4,0.8874185210357695,0.0,0.0,0.0,1.0294547707426824,100.0,46.0
1447,0,7,11,4.0,3.5,4.25,1.5,3,5,4,0.8139491321654287,no switch,no switch,no switch,no switch,40.0,42.0
1448,3,8,7,4.25,1.0,2.5,2.5,5,7,4,0.6936759183460264,0.0,0.0,-0.1111111111111111,no switch,100.0,45.0
1449,1,3,36,4.25,4.25,2.75,3.0,4,0,1,0.8317972971112191,0.0,0.0,0.05555555555555555,no switch,0.0,0.0
1450,7,2,10,3.5,2.25,3.0,3.25,6,8,4,0.8679654559533589,0.0,0.0,0.29444444444444445,0.8401832788474569,40.0,45.0
1451,2,8,5,4.75,4.5,2.75,3.5,6,6,4,0.869911083929809,0.0,0.0,-0.48888888888888893,no switch,60.0,0.0
1452,6,7,0,5.0,3.5,4.25,4.75,5,5,4,0.6780272627859968,0.0,0.09722222222222221,0.6111111111111112,no switch,100.0,55.0
1453,10,7,9,4.0,2.5,4.5,5.0,6,5,4,0.6074212229132531,1046388.38563497,-0.08333333333333333,0.26666666666666666,0.7277560461932695,40.0,45.0
1454,5,8,17,4.5,4.0,3.5,3.5,7,4,4,0.8000392480342284,40.57579006699883,0.0,0.11111111111111112,0.2684888601223636,60.0,53.0
1455,7,8,8,4.75,1.75,4.75,3.5,5,4,4,0.8072172813572094,478232529.7949267,-0.001388888888888884,-0.12222222222222223,no switch,40.0,43.0
1456,9,8,0,5.0,2.75,4.75,3.25,7,7,4,0.8106244833375331,0.0,0.0,0.5222222222222223,0.1846291843114378,100.0,29.0
1457,2,6,12,4.0,1.5,3.5,3.75,5,2,3,0.7604096330917163,13712542347.417496,-0.11666666666666665,-0.43333333333333335,no switch,40.0,45.0
1458,9,3,37,3.0,3.5,2.5,4.0,3,7,2,0.8790425890815278,1501199898159816.2,0.027777777777777776,0.41111111111111115,no switch,60.0,59.0
1459,1,8,15,5.0,3.5,3.0,1.75,7,8,4,0.8400996302599825,0.0,0.0,-0.016666666666666666,0.8876099747089672,100.0,28.0
1460,4,8,23,4.75,3.0,4.0,4.0,3,8,4,0.8305352946198085,1062793.3533578464,-0.020833333333333332,-0.1111111111111111,1.4623653549133524,40.0,43.0
1461,6,8,7,4.0,1.5,3.5,2.25,5,7,4,0.8214088836981358,0.0,0.016666666666666666,no switch,no switch,0.0,33.0
1462,6,8,5,3.25,3.5,3.5,4.25,6,3,3,0.8437453078390216,0.0,0.09305555555555556,-0.4,no switch,40.0,47.0
1463,3,2,7,4.25,2.25,3.75,4.25,6,8,4,0.6133072071516473,0.0,0.0,0.2111111111111111,0.870160481946439,100.0,38.0
1464,8,8,9,3.0,1.75,4.25,4.0,5,3,4,0.8196001564769648,4823.010556400996,-0.1638888888888889,0.0,no switch,60.0,58.0
1465,1,8,18,4.5,4.25,3.75,3.0,7,7,4,0.85216551876915,4.825761367031629,0.3277777777777778,0.13333333333333333,1.6809811287636154,0.0,12.0
1466,3,8,0,3.0,3.25,4.25,4.25,7,8,4,0.833429105580814,41.84129069966009,-0.032638888888888884,0.022222222222222223,1.0204903506951037,40.0,45.0
1467,4,8,9,4.25,3.25,4.5,3.5,6,8,4,0.8189439836316879,0.0,0.10833333333333334,0.06666666666666667,no switch,20.0,23.0
1468,7,3,2,3.75,3.0,3.75,4.0,6,6,3,0.8727217345738658,0.0,0.0,0.12222222222222223,no switch,40.0,38.0
1469,9,8,1,4.25,5.0,5.0,5.0,5,7,4,0.8456902679885163,6.229706907863243,-0.027083333333333334,-0.35555555555555557,no switch,40.0,31.0
1470,7,8,29,5.0,2.0,3.75,4.25,7,3,4,0.8540581944665535,0.0,0.0,0.03333333333333333,no switch,60.0,69.0
1471,3,6,13,4.0,2.75,3.25,3.75,4,5,4,0.8681545817969514,464.3583620628272,0.05555555555555555,0.06666666666666667,0.9036683083403806,60.0,60.0
1472,7,3,3,4.25,2.5,3.25,3.25,3,6,4,0.8262241859129702,20685.356674370745,-0.004166666666666666,0.15555555555555556,no switch,60.0,46.0
1473,12,8,0,4.5,1.5,4.5,4.5,5,2,4,0.7471398254024284,0.9315923415345702,0.06527777777777777,0.25555555555555554,no switch,20.0,37.0
1474,6,8,12,5.0,1.5,2.75,3.25,6,5,4,0.8547111985861254,1050866.220028645,0.12222222222222223,0.39444444444444443,no switch,40.0,45.0
1475,1,0,12,4.75,2.25,2.75,3.0,6,8,4,0.7831688227389676,22.469387833789707,0.45,0.0,0.8769916274216562,40.0,0.0
1476,0,8,35,5.0,3.75,5.0,5.0,2,2,4,0.7952905751573626,no switch,no switch,no switch,no switch,60.0,44.0
1477,10,8,0,4.25,2.25,3.5,3.25,7,8,4,0.8937004491990063,0.0,0.0,0.06666666666666667,0.6256111853973975,0.0,33.0
1478,11,8,1,4.75,3.5,4.5,4.75,6,2,4,0.8304865844088672,0.0,0.10277777777777779,-0.03333333333333333,1.540727457091638,20.0,42.0
1479,8,7,20,5.0,1.5,3.25,4.0,4,5,2,0.8346701935290975,0.0,0.5,0.06666666666666667,no switch,0.0,33.0
1480,3,6,17,3.25,1.0,3.0,2.0,5,5,4,0.8405586798461895,0.0,0.0,-0.1,no switch,40.0,29.0
1481,9,7,24,4.5,4.0,4.25,4.75,6,8,4,0.8222415201754661,4823.010556400996,0.23194444444444443,0.19999999999999998,0.9682142184093917,40.0,33.0
1482,8,5,12,4.5,3.5,3.75,3.25,3,4,4,0.7442861635123664,380.4213374892099,0.061111111111111116,0.26111111111111107,0.4799546349003192,20.0,35.0
1483,4,1,15,3.0,2.0,4.25,3.75,5,5,4,0.7752633506542891,7973.755107283075,0.3131944444444444,0.18333333333333335,1.3096115905041923,60.0,48.0
1484,3,8,7,4.0,2.75,3.5,3.75,6,4,4,0.8367423130367487,16.765218530198286,0.0625,0.24444444444444446,0.4352612729206322,20.0,38.0
1485,5,7,2,3.25,2.5,3.5,3.25,4,3,4,0.827687246141522,4717.878902760957,-0.09722222222222221,0.06666666666666667,no switch,40.0,43.0
1486,0,8,0,3.75,2.0,4.5,4.25,3,5,3,0.7892800494124661,no switch,no switch,no switch,no switch,40.0,31.0
1487,5,8,5,4.5,4.25,4.0,5.0,6,8,4,0.8019280052703953,0.0,0.0,0.07222222222222223,no switch,20.0,37.0
1488,3,8,10,4.5,2.25,4.0,4.0,5,8,4,0.7041597525045665,4.4290965517728935,0.013888888888888888,-0.05555555555555555,0.6601194549491868,20.0,45.0
1489,5,6,24,4.75,2.25,4.25,4.25,4,2,4,0.7952014260483711,13734911966.220404,0.15277777777777776,0.6111111111111112,no switch,0.0,42.0
1490,2,2,12,4.5,3.0,4.0,3.75,3,2,4,0.765841058563736,140.37682840301318,0.21944444444444444,-0.37777777777777777,no switch,20.0,27.0
1491,6,7,2,2.5,1.5,4.75,3.75,6,4,4,0.7130175459427359,4381.927524364243,0.012499999999999999,-0.3333333333333333,no switch,20.0,46.0
1492,3,1,10,4.0,2.0,3.25,4.0,3,4,2,0.7648525924187324,4717.878902760957,0.0,-0.09444444444444444,no switch,40.0,55.0
1493,11,7,35,4.75,1.5,5.0,4.0,6,2,4,0.805574096569382,33554949.26424409,0.020833333333333332,-0.24444444444444446,no switch,100.0,68.0
1494,5,8,12,4.5,3.0,2.75,3.25,5,8,4,0.8571343824888001,5.050210716011396,-0.022222222222222223,0.15,0.4394393781094027,60.0,43.0
1495,9,8,2,4.25,1.75,3.75,4.0,6,7,4,0.8289514671533983,20772.84470154402,-0.048611111111111105,-0.027777777777777776,no switch,60.0,35.0
1496,0,8,4,4.0,3.25,3.5,3.5,4,8,4,0.8132389316042522,no switch,no switch,no switch,no switch,40.0,55.0
1497,8,7,0,5.0,2.0,3.75,2.25,6,8,4,0.8367661029033931,0.0,0.0,0.0,0.8876099747089672,100.0,43.0
1498,5,5,10,3.75,2.5,3.75,4.25,4,6,4,0.784005035825471,0.0,0.0,0.13333333333333333,0.8879264587506396,40.0,46.0
1499,7,8,15,5.0,4.0,3.0,4.5,5,6,4,0.7952082321822804,0.0,0.0,-0.12222222222222223,no switch,40.0,28.0
1500,4,5,35,4.75,2.0,2.75,2.5,4,8,4,0.7497756025895489,14.050545696553074,0.15833333333333333,0.016666666666666666,6.347007590862816,40.0,33.0
1501,10,8,20,4.25,2.25,3.25,3.75,4,4,4,0.8162660750740626,1241797.805087363,0.2833333333333333,0.06666666666666667,no switch,0.0,37.0
1502,10,7,7,4.75,4.25,4.0,4.5,2,3,3,0.8407026794159278,1.7144237181276818,0.013888888888888888,-0.08888888888888889,1.1435767577227596,40.0,40.0
1503,3,8,10,3.75,2.5,3.5,2.25,5,8,4,0.7808633238723871,4.825761367031629,0.1722222222222222,0.1111111111111111,0.9201155095929905,60.0,33.0
1504,0,7,9,5.0,1.25,2.75,1.25,6,8,4,0.8653960871937961,90.62807202723366,0.07152777777777779,0.12222222222222223,0.577422502488953,100.0,28.0
1505,0,7,35,4.0,1.75,4.25,2.25,3,8,4,0.7759391480246322,no switch,no switch,no switch,no switch,60.0,55.0
1506,0,0,9,4.25,4.0,4.25,4.5,6,6,4,0.7099520944591817,800.3097404595413,-0.024305555555555552,0.06666666666666667,1.0396808666629835,100.0,56.0
1507,8,7,5,3.75,2.25,5.0,5.0,6,4,4,0.7817761615517586,0.3104781772960677,0.08472222222222221,0.10000000000000002,no switch,40.0,51.0
1508,3,1,0,4.0,2.75,3.5,3.25,5,8,4,0.8848763032170938,0.0,0.0,0.5111111111111112,no switch,100.0,45.0
1509,3,8,26,4.75,1.5,4.25,2.25,5,8,4,0.8249968150765641,0.0,0.0,0.36111111111111116,0.253919113523234,100.0,48.0
1510,4,6,48,4.25,3.25,3.0,4.75,3,4,3,0.8575579578700605,62.92333146493605,0.05833333333333333,-0.005555555555555559,no switch,40.0,32.0
1511,8,6,6,3.5,1.75,4.75,4.75,6,7,4,0.8199039783555345,0.0,0.0,-0.06666666666666667,no switch,60.0,52.0
1512,11,8,9,3.25,1.75,2.75,3.5,5,3,3,0.7492809930230818,-0.33260396386771984,0.0,0.4444444444444444,no switch,0.0,0.0
1513,0,6,14,5.0,3.0,4.5,4.5,3,4,4,0.7424858102097874,no switch,no switch,no switch,no switch,40.0,43.0
1514,7,8,6,4.5,2.75,3.25,4.5,5,5,4,0.8419137075186625,0.0,0.24722222222222223,0.06666666666666667,no switch,40.0,29.0
1515,0,8,2,4.5,2.5,3.5,3.5,6,8,4,0.811544633549617,0.0,0.0,-0.10000000000000002,no switch,40.0,23.0
1516,8,8,0,4.0,2.0,3.5,3.5,6,8,4,0.8266851522393076,2.335537882366184,0.010416666666666666,-0.016666666666666666,1.0294547707426824,40.0,45.0
1517,0,8,1,3.5,2.5,3.75,4.0,6,8,4,0.8718419782431328,26.58800620826653,0.1729166666666667,0.24444444444444444,no switch,40.0,45.0
1518,4,7,9,4.5,3.5,3.25,4.25,6,5,1,0.6507614405078435,0.0,0.0,0.03333333333333333,no switch,0.0,38.0
1519,0,8,17,4.25,2.5,4.25,3.75,4,6,4,0.8474138667270017,4372.7027400347215,0.20555555555555557,-0.43333333333333335,no switch,20.0,46.0
1520,6,8,7,4.5,4.0,4.5,4.0,5,7,4,0.8234697509346254,8.944379741508454,0.13958333333333334,0.15555555555555556,0.8695307646373616,40.0,50.0
1521,8,8,2,3.75,2.25,5.0,4.5,6,6,4,0.850151704107622,0.0,0.0,0.5444444444444444,no switch,0.0,45.0
1522,1,4,16,4.0,3.5,3.75,3.25,5,2,4,0.8070639843595357,0.0,0.0,no switch,no switch,40.0,30.0
1523,0,6,33,4.5,4.0,3.5,2.75,6,7,4,0.8471942650757391,0.0,0.0,no switch,no switch,40.0,9.0
1524,0,8,8,4.75,1.75,4.0,5.0,2,3,4,0.7683981503159417,no switch,no switch,no switch,no switch,40.0,45.0
1525,1,4,24,4.0,3.75,2.75,5.0,5,8,3,0.8480792811271524,36.64912030380606,-0.0034722222222222216,-0.1,no switch,80.0,40.0
1526,8,6,21,4.5,3.75,4.5,3.75,3,4,4,0.8770029965831465,149.60161273253462,0.21805555555555553,0.15000000000000002,no switch,40.0,32.0
1527,5,8,10,3.5,1.25,4.0,4.25,5,0,4,0.7931072254916967,16302.550742069938,-0.02777777777777778,-0.1722222222222222,no switch,40.0,67.0
1528,5,6,0,5.0,3.5,3.0,2.75,5,7,4,0.8491428940166096,35.24517476297444,-0.004166666666666666,-0.1722222222222222,0.6318434611903163,40.0,45.0
1529,6,7,4,3.75,3.0,3.25,3.75,6,7,4,0.8903160375917801,8263.54837274505,-0.010416666666666666,0.10000000000000002,no switch,80.0,37.0
1530,12,8,1,4.5,1.75,5.0,4.25,7,7,4,0.8571274358069694,0.0,0.0,0.0,1.0933206088271756,100.0,45.0
1531,6,7,12,5.0,3.25,4.5,3.5,6,8,4,0.8176006682203981,86.7339030017366,-0.024305555555555552,-0.17777777777777778,no switch,40.0,40.0
1532,1,0,28,4.0,2.25,4.0,4.0,4,5,4,0.7905620023560339,0.0,0.0,-0.13333333333333333,no switch,60.0,45.0
1533,3,1,12,4.0,3.75,3.5,4.25,6,3,4,0.8171635896867963,0.0,0.16666666666666666,0.024999999999999994,no switch,40.0,37.0
1534,8,8,4,4.25,3.25,4.25,4.75,5,3,4,0.820291967711,4.825761367031629,0.3138888888888889,0.5,no switch,40.0,37.0
1535,4,7,19,4.25,3.75,4.0,4.0,3,1,3,0.8073534336508222,1501200354006399.8,-0.2465277777777778,0.03333333333333333,1.8520424722698337,40.0,45.0
1536,9,8,17,5.0,4.25,3.5,1.5,4,3,4,0.8136293717875897,0.0,0.0,-0.24444444444444446,no switch,0.0,0.0
1537,9,8,35,5.0,3.75,4.5,4.5,5,7,4,0.7754319522445953,0.0,0.0,-0.5333333333333333,no switch,0.0,21.0
1538,7,8,9,4.0,2.25,4.5,2.25,4,6,4,0.8155013885059649,712.8217132862605,-0.0375,-0.4222222222222222,no switch,80.0,59.0
1539,0,7,3,5.0,2.5,3.75,4.0,1,3,4,0.8438346904129164,no switch,no switch,no switch,no switch,40.0,41.0
1540,11,8,9,3.5,3.25,3.75,3.5,5,7,4,0.8259047237450653,34.02045191097026,0.035416666666666666,0.19999999999999998,no switch,60.0,58.0
1541,2,8,20,4.75,3.0,4.0,4.0,4,5,3,0.8137214723388211,0.0,0.06666666666666667,-0.06666666666666667,no switch,40.0,56.0
1542,11,8,1,4.5,3.25,3.75,3.25,5,4,4,0.8526561678335405,16662.65585842929,0.009722222222222222,0.06666666666666667,no switch,100.0,55.0
1543,12,8,1,3.75,2.75,5.0,5.0,4,3,4,0.7384948853275147,4240.8475568035965,-0.18333333333333335,-0.4,no switch,20.0,33.0
1544,13,6,22,3.75,1.25,5.0,4.25,6,7,4,0.801219779251113,0.0,0.0,-0.061111111111111116,no switch,20.0,33.0
1545,7,8,0,4.75,3.5,3.0,4.0,5,8,4,0.8335346698905405,0.0,0.0,-0.05555555555555555,2.3747157107264787,100.0,53.0
1546,6,2,23,3.25,1.0,5.0,3.5,6,7,4,0.8418891003660829,1046843.5192127033,0.125,0.4222222222222222,no switch,100.0,45.0
1547,1,5,3,5.0,3.0,2.0,2.0,6,7,3,0.7841619078687161,0.0,0.0,-0.061111111111111116,no switch,100.0,25.0
1548,0,4,1,5.0,2.75,4.25,2.5,6,4,4,0.7760755817116485,0.0,0.0,-0.05,no switch,40.0,43.0
1549,8,6,6,3.5,2.25,3.25,3.75,4,4,4,0.7909645977487078,56.31448960579379,0.09999999999999999,0.027777777777777776,no switch,60.0,55.0
1550,0,3,19,4.25,3.5,4.25,2.25,6,5,4,0.7846838896111509,402.75615296469044,0.07013888888888888,0.13333333333333333,0.5460548060208694,60.0,27.0
1551,11,8,9,4.5,1.5,4.0,4.5,5,8,4,0.8748489822700889,23432304.395942837,-0.06666666666666667,0.12222222222222223,no switch,20.0,28.0
1552,4,7,9,4.5,3.75,3.75,4.0,6,6,4,0.8808585709999527,402.75615296469044,0.032638888888888884,-0.027777777777777776,1.1796046289659698,60.0,25.0
1553,12,8,0,4.5,1.75,4.0,3.5,6,1,3,0.8038832069737332,3895.6713940773607,-0.03194444444444445,0.49444444444444446,1.0191192653447294,40.0,44.0
1554,4,8,1,5.0,4.0,3.75,3.75,6,7,4,0.8098964809058968,377.7926690963741,0.036111111111111115,0.24444444444444446,no switch,20.0,26.0
1555,0,1,19,4.5,3.5,4.25,2.5,4,4,4,0.8444695811281522,no switch,no switch,no switch,no switch,100.0,100.0
1556,6,6,18,4.5,3.0,3.25,3.5,5,4,3,0.8496962355572821,423.0284478242843,-0.08194444444444444,-0.005555555555555554,0.8769916274216562,80.0,45.0
1557,11,8,1,4.75,3.5,3.75,4.0,6,5,4,0.7829810187518335,20772.84470154402,0.31527777777777777,0.25,no switch,0.0,0.0
1558,0,4,10,4.75,3.5,4.25,4.25,4,5,4,0.8085564246748489,no switch,no switch,no switch,no switch,60.0,45.0
1559,3,8,17,3.5,3.75,4.0,4.0,1,3,4,0.6323012640798384,167.04204082185296,0.165625,0.2833333333333333,1.236179711248626,0.0,53.0
1560,4,8,5,4.5,2.75,3.25,2.75,5,8,4,0.8076481312639497,4.825761367031629,0.09722222222222221,0.049999999999999996,2.6667264953950487,60.0,33.0
1561,0,7,22,4.0,2.75,2.75,4.25,2,8,4,0.8628844151822503,no switch,no switch,no switch,no switch,20.0,60.0
1562,0,4,13,3.75,3.0,3.75,3.5,2,6,4,0.8096471914328982,no switch,no switch,no switch,no switch,40.0,47.0
1563,6,3,6,4.25,3.75,1.75,3.5,6,8,4,0.8166709809656285,16750.143885602567,0.09027777777777779,-0.24444444444444446,no switch,100.0,43.0
1564,6,6,7,5.0,1.75,4.25,3.25,6,3,4,0.7930068615730291,90.62807202723366,0.013888888888888888,-0.2,no switch,20.0,55.0
1565,0,4,13,3.75,3.0,4.5,2.25,7,6,4,0.816030283706447,0.0,0.0,0.13333333333333333,no switch,100.0,55.0
1566,6,6,4,4.5,3.0,3.25,4.75,5,5,4,0.7741983517478148,4428.085637298981,0.18819444444444444,0.22777777777777777,no switch,40.0,45.0
1567,0,6,6,4.5,2.5,4.25,2.75,6,7,4,0.7911675603740351,0.0,0.0,0.03333333333333333,1.1649988807655616,40.0,55.0
1568,8,8,29,4.75,2.25,4.0,4.5,3,1,2,0.7965519003668228,1501199876836663.2,-0.19444444444444442,0.5277777777777778,no switch,40.0,23.0
1569,5,5,28,4.0,2.0,4.25,4.75,3,3,4,0.7763243366590814,1062705.865330673,-0.07916666666666666,0.0,no switch,40.0,43.0
1570,0,8,3,5.0,3.75,3.75,3.75,5,7,4,0.7167656361331145,0.0,0.0,0.11666666666666665,0.7014070498514664,40.0,45.0
1571,6,8,0,4.0,3.75,3.75,2.5,6,8,4,0.8813799851515329,0.0,0.0,0.3444444444444444,0.4364869096967337,60.0,45.0
1572,4,8,21,4.0,2.25,4.0,3.75,5,7,4,0.7230144286759778,0.0,0.008333333333333333,0.35555555555555557,no switch,20.0,42.0
1573,10,5,10,5.0,2.5,4.5,4.0,6,2,4,0.8434767288903674,1501199876840103.8,-0.06666666666666667,0.027777777777777776,no switch,100.0,100.0
1574,6,7,6,4.0,2.75,4.5,4.0,6,8,4,0.7392322013668475,0.3104781772960677,0.008333333333333333,0.13888888888888887,0.4548079386629187,40.0,14.0
1575,9,1,2,4.5,1.5,2.5,4.5,2,3,4,0.7748915233966169,0.0,0.0,0.0,no switch,0.0,7.0
1576,11,8,6,4.75,2.5,4.0,1.5,6,8,4,0.8466251052240232,800.3097404595413,-0.15,0.0,0.8876099747089672,100.0,45.0
1577,1,8,13,3.25,3.0,4.0,4.0,7,8,4,0.7881722017921114,1.7144237181276818,0.01736111111111111,-0.20555555555555557,no switch,40.0,33.0
1578,10,8,6,5.0,3.5,4.75,4.5,5,7,4,0.8430951059441602,0.0,0.032638888888888884,0.33888888888888885,no switch,40.0,29.0
1579,12,7,14,4.0,1.5,4.25,3.5,5,3,4,0.8457493641281149,0.0,0.0,0.06666666666666667,no switch,60.0,67.0
1580,6,7,49,5.0,3.75,4.25,3.25,6,6,4,0.8253819866541651,20667.713047903984,0.019444444444444448,no switch,no switch,100.0,100.0
1581,7,8,16,5.0,2.5,3.75,2.25,5,4,4,0.8200405336968649,4823.010556400996,0.05416666666666667,0.13333333333333333,no switch,40.0,45.0
1582,9,4,46,4.0,3.0,3.0,3.25,2,0,3,0.8554683013227737,14213123723.17063,-0.019444444444444448,0.5055555555555555,no switch,100.0,0.0
1583,7,7,2,3.5,3.5,3.25,3.75,6,8,4,0.8378069921380809,380.4213374892099,-0.044444444444444446,-0.1111111111111111,no switch,100.0,31.0
1584,1,8,4,5.0,4.0,4.5,5.0,6,7,4,0.843808478886311,195.7597256672724,0.03819444444444444,0.36111111111111116,no switch,0.0,0.0
1585,0,6,3,4.75,3.5,4.0,4.75,7,5,4,0.7936697009872224,0.0,0.0,no switch,no switch,100.0,64.0
1586,0,5,8,4.0,1.5,4.25,2.0,3,7,4,0.8768391349772643,no switch,no switch,no switch,no switch,60.0,52.0
1587,9,8,15,5.0,1.75,4.75,3.5,4,4,2,0.8535942949876109,0.0,0.0,0.17777777777777778,0.5321268067382117,40.0,45.0
1588,3,6,32,4.75,4.5,3.25,4.5,6,6,4,0.8282830478066764,0.3104781772960677,0.013888888888888888,0.06666666666666667,1.4623653549133524,100.0,33.0
1589,2,2,14,4.5,1.5,4.25,3.5,6,8,4,0.8547004606260028,62.11358555925397,-0.09027777777777778,0.0,no switch,100.0,28.0
1590,9,7,11,4.5,4.0,4.25,4.25,5,4,4,0.8830170798367208,1050761.088375005,0.03680555555555556,-0.2,no switch,40.0,38.0
1591,0,7,18,4.0,3.25,3.5,3.0,1,6,4,0.8508584714794306,no switch,no switch,no switch,no switch,20.0,11.0
1592,12,6,4,3.5,1.75,4.75,4.25,2,0,4,0.887016100382178,1258092.8153952325,-0.18125,0.38888888888888884,no switch,20.0,37.0
1593,1,2,31,4.0,1.75,3.75,4.75,4,3,3,0.8091294177175218,80.56695793169412,0.04097222222222222,no switch,no switch,40.0,44.0
1594,12,8,24,3.75,1.25,5.0,4.75,5,4,4,0.8106890280725477,4533.21729093902,0.010416666666666666,0.3333333333333333,no switch,20.0,43.0
1595,0,4,17,4.0,2.75,2.0,3.5,2,4,4,0.7990771351642272,no switch,no switch,no switch,no switch,0.0,0.0
1596,5,6,8,4.25,3.75,4.25,2.75,7,8,4,0.8727100124169024,0.0,0.0,no switch,no switch,100.0,35.0
1597,7,4,15,4.0,2.75,4.0,4.0,6,4,2,0.8642992109220602,1050866.220028645,-0.20555555555555557,0.22777777777777777,no switch,100.0,75.0
1598,0,1,18,4.75,4.0,3.0,2.5,4,7,4,0.7891367705866466,no switch,no switch,no switch,no switch,0.0,33.0
1599,2,1,20,3.25,2.25,3.25,4.75,7,8,4,0.852417062656056,0.0,0.0,0.6111111111111112,no switch,100.0,55.0
1600,8,7,15,4.5,3.5,3.5,3.0,6,7,4,0.6772320013536374,4377.101762997211,0.08750000000000001,0.016666666666666666,no switch,100.0,45.0
1601,7,8,23,2.75,2.5,3.25,4.25,7,5,4,0.8315307564310226,1050866.220028645,0.29444444444444445,0.15,2.3747157107264787,60.0,42.0
1602,4,7,18,4.25,1.75,3.0,2.0,3,6,4,0.782292423032229,0.0,0.34722222222222215,0.038888888888888896,no switch,40.0,45.0
1603,12,8,8,3.25,2.75,4.25,3.75,2,2,4,0.8859190823879045,4477.834393674761,-0.08888888888888889,-0.06666666666666667,no switch,60.0,56.0
1604,12,8,3,4.25,2.5,5.0,5.0,5,4,4,0.8129499267672393,0.0,0.0,-0.022222222222222216,1.2363051384147574,100.0,58.0
1605,2,6,16,4.0,2.75,4.25,1.5,7,8,4,0.8068935064135264,0.0,0.0,0.6111111111111112,no switch,40.0,43.0
1606,7,3,36,4.5,3.25,4.25,3.75,3,1,4,0.7589738020273986,3002399751775739.5,-0.13888888888888887,0.32222222222222224,no switch,60.0,57.0
1607,5,6,10,5.0,4.0,3.5,3.5,5,2,4,0.7614046958472048,405.3848213575263,0.005555555555555554,0.19999999999999998,no switch,80.0,64.0
1608,4,4,32,5.0,3.0,3.5,2.0,5,8,4,0.8147742726080156,0.0,0.39999999999999997,0.43333333333333335,no switch,100.0,55.0
1609,10,8,0,4.25,3.0,4.75,5.0,6,4,4,0.8915692160219807,60.294663072100256,0.011805555555555555,-0.016666666666666666,0.8674116776978056,60.0,45.0
1610,5,5,5,3.25,4.25,4.75,4.0,6,3,4,0.7621710053365919,478216579.9607816,-0.08888888888888889,-0.17777777777777778,no switch,40.0,28.0
1611,7,8,2,5.0,4.25,4.25,4.25,5,6,4,0.8306040752324119,0.0,0.075,-0.1111111111111111,no switch,60.0,47.0
1612,7,5,10,4.5,4.0,3.0,3.5,6,8,4,0.8334508816531601,4.825761367031629,-0.006250000000000001,0.18888888888888888,no switch,40.0,36.0
1613,0,8,3,4.25,3.5,4.0,4.75,2,8,4,0.841484317563781,no switch,no switch,no switch,no switch,80.0,49.0
1614,3,8,1,3.5,1.75,4.75,4.0,6,7,4,0.7912864255333633,0.3104781772960677,-0.008333333333333333,0.07777777777777778,0.5186183635709287,100.0,43.0
1615,0,8,10,4.0,1.25,4.5,1.5,6,8,4,0.7155981801431927,0.0,0.0,0.06666666666666667,no switch,20.0,34.0
1616,0,8,2,5.0,1.0,5.0,3.5,2,4,4,0.777954267081199,no switch,no switch,no switch,no switch,0.0,0.0
1617,0,8,15,3.5,3.75,4.0,4.75,3,3,4,0.7590782529526089,no switch,no switch,no switch,no switch,60.0,55.0
1618,4,7,5,3.0,1.25,4.75,3.75,6,7,4,0.8129009130984405,41.84129069966009,0.032638888888888884,0.4777777777777778,no switch,100.0,55.0
1619,0,2,7,4.0,4.0,4.5,3.0,1,5,4,0.8773212973395699,no switch,no switch,no switch,no switch,40.0,45.0
1620,12,8,13,4.0,2.0,4.75,4.25,4,3,4,0.817202269495148,800.3097404595413,-0.15,-0.05,no switch,60.0,55.0
1621,2,2,6,4.0,1.5,3.75,3.25,6,5,4,0.8306128827644629,1501199898160131.2,-0.4305555555555556,0.25,no switch,20.0,23.0
1622,9,4,6,4.25,2.75,4.75,4.5,3,1,3,0.8251843865157357,1501199875790515.0,-0.1111111111111111,0.24444444444444446,no switch,40.0,42.0
1623,3,7,12,4.5,2.0,3.75,2.25,7,6,4,0.857737397964804,11.42187730371728,0.07083333333333333,-0.12777777777777777,no switch,40.0,41.0
1624,6,7,15,4.0,1.25,4.0,3.75,6,4,4,0.7913755527774713,4717.878902760957,0.36944444444444446,0.4444444444444444,no switch,40.0,36.0
1625,6,2,5,2.25,1.25,4.75,2.5,6,7,4,0.8288305343223957,0.9315923415345702,-0.008333333333333333,0.29444444444444445,0.7277560461932695,100.0,46.0
1626,12,7,2,5.0,2.0,5.0,4.5,5,2,4,0.8345954458873515,0.0,0.1638888888888889,0.3111111111111111,no switch,60.0,55.0
1627,5,5,31,4.25,2.5,4.0,2.25,4,7,4,0.8834272569618243,4717.878902760957,0.13333333333333333,-0.1111111111111111,0.9357849756032074,40.0,31.0
1628,10,7,1,4.0,2.75,4.0,4.5,6,3,2,0.8404002066384919,0.0,0.0,0.06666666666666667,no switch,60.0,52.0
1629,11,8,6,5.0,4.25,4.25,4.5,6,4,4,0.8301563489311987,5.050210716011396,-0.027083333333333334,-0.17777777777777778,no switch,80.0,83.0
1630,10,8,8,3.5,2.0,3.75,2.75,6,4,4,0.8778259513508048,13712545895.715635,-0.2125,0.061111111111111116,no switch,40.0,54.0
1631,8,4,4,3.75,3.25,2.5,3.75,7,7,4,0.7739135022598801,352.71659692691225,0.05833333333333333,0.5,0.4746428776901347,60.0,40.0
1632,6,6,2,3.75,3.0,3.5,3.0,6,7,4,0.8780369679694817,2.3820688697774917,0.02777777777777778,0.14444444444444446,0.6699229283374186,80.0,45.0
1633,10,8,0,2.5,2.0,5.0,4.75,6,7,4,0.8478223203544107,0.0,0.0,-0.4,no switch,0.0,0.0
1634,10,8,14,3.75,2.5,4.75,4.75,5,7,4,0.8250008923336367,0.0,0.0,-0.17777777777777778,no switch,40.0,41.0
1635,9,2,41,3.75,3.25,3.5,3.75,5,4,3,0.8894047529905634,0.0,0.0,-0.2,no switch,0.0,0.0
1636,9,8,6,5.0,3.0,4.0,4.25,5,2,2,0.8099948258305674,111.0281372786681,0.17569444444444446,-0.06666666666666667,no switch,60.0,57.0
1637,8,7,3,4.5,1.75,3.0,3.0,5,3,4,0.8108550319635083,0.0,0.0,-0.24444444444444446,no switch,40.0,42.0
1638,1,5,3,4.75,1.5,4.5,2.0,2,7,4,0.840380543458325,0.0,0.0,0.13333333333333333,no switch,100.0,55.0
1639,5,8,6,4.75,2.25,3.75,3.75,5,8,4,0.8692952066492051,0.0,0.0,0.12222222222222223,0.9296442631902169,100.0,36.0
1640,6,8,0,4.0,1.5,5.0,5.0,5,7,3,0.8296147244358615,1050761.088375005,-0.30277777777777776,-0.061111111111111116,1.3501209091277144,60.0,45.0
1641,1,8,24,4.75,3.25,4.0,4.75,3,4,4,0.8031263739315294,0.0,0.0,0.35000000000000003,no switch,0.0,0.0
1642,6,8,19,4.75,3.0,3.5,4.0,7,5,2,0.7946285992700944,1054306.757844989,0.1638888888888889,-0.07777777777777779,no switch,40.0,53.0
1643,1,3,14,3.5,1.25,3.5,3.0,5,1,4,0.8469656547768921,0.0,0.05555555555555555,0.0,no switch,60.0,40.0
1644,6,2,12,4.5,2.75,4.0,4.25,7,8,4,0.8114014028104982,4428.085637298981,0.010416666666666666,0.13333333333333333,0.7798853020664392,20.0,19.0
1645,6,7,8,4.0,2.75,3.5,4.0,7,8,4,0.8221566855631872,0.3104781772960677,0.0,0.1277777777777778,0.5323474250779657,0.0,28.0
1646,6,6,9,5.0,1.5,2.25,3.0,6,7,4,0.8109495976988618,112.67208784071558,-0.08055555555555556,-0.025,no switch,40.0,52.0
1647,9,8,3,4.75,2.5,3.0,3.5,5,5,2,0.7890622208780101,3.8132535254395723,-0.12152777777777779,-0.07222222222222223,0.8796402622806081,20.0,0.0
1648,0,8,0,4.25,2.25,4.5,4.5,2,2,4,0.7480404812036154,no switch,no switch,no switch,no switch,80.0,53.0
1649,5,3,22,3.0,3.0,4.0,2.75,4,6,4,0.7294408099640524,0.0,0.0,0.6111111111111112,no switch,100.0,41.0
1650,3,7,10,4.25,3.0,4.75,4.75,6,7,4,0.8678710493484477,0.9315923415345702,-0.016666666666666666,0.17777777777777778,no switch,100.0,43.0
1651,7,5,26,4.0,2.0,4.5,4.75,4,3,4,0.8437390184705559,478216124.8272038,-0.1111111111111111,0.32222222222222224,no switch,20.0,50.0
1652,11,6,6,4.25,1.0,5.0,4.25,2,2,4,0.8176636395652778,1501199898160131.2,-0.08055555555555556,0.39444444444444454,no switch,0.0,13.0
1653,0,5,6,3.5,2.0,4.0,3.25,6,7,4,0.8392066911833121,40.57579006699883,0.0,0.05000000000000001,0.7921193417105623,0.0,0.0
1654,10,8,5,5.0,3.75,4.5,4.5,3,5,4,0.8305099135341937,24462397.771269944,-0.06944444444444443,-0.2888888888888889,no switch,40.0,45.0
1655,12,7,0,4.25,3.75,4.75,5.0,2,1,4,0.7703804176412323,24462397.771269944,-0.027777777777777776,0.4583333333333333,no switch,60.0,37.0
1656,4,8,17,4.0,3.25,4.0,5.0,5,5,1,0.7462158350089438,1501199875790515.0,-0.18888888888888888,0.10555555555555556,0.86693495245805,40.0,47.0
1657,3,8,17,4.5,3.0,3.75,2.0,6,6,4,0.8074505173887147,0.0,0.0,0.06666666666666667,1.0434019718383203,100.0,48.0
1658,7,1,6,2.75,2.25,2.75,3.25,7,7,4,0.8949567310352605,0.0,0.08472222222222221,0.45,0.181500820105405,40.0,45.0
1659,5,4,20,4.0,3.25,3.5,2.25,6,8,4,0.8237318092344083,1501199875806464.8,0.03194444444444445,0.26111111111111107,no switch,40.0,46.0
1660,10,7,48,4.25,3.0,5.0,3.5,6,4,4,0.8601028119390438,0.0,0.1111111111111111,no switch,no switch,40.0,29.0
1661,4,1,36,3.25,1.25,3.5,3.5,5,5,4,0.8235534123340956,13734907943.519587,0.16666666666666666,0.4166666666666667,no switch,100.0,53.0
1662,2,8,7,4.5,2.5,3.25,4.0,5,6,4,0.825100855499076,0.0,0.0,0.6111111111111112,no switch,40.0,45.0
1663,5,4,10,3.25,3.75,4.5,3.75,3,6,4,0.7752016188498189,0.0,0.0,0.20000000000000004,0.7221524042906404,40.0,46.0
1664,0,6,10,4.25,1.25,4.75,4.5,3,2,3,0.8949357400219039,no switch,no switch,no switch,no switch,0.0,0.0
1665,11,8,2,4.5,2.0,4.5,1.25,5,7,4,0.8594170629885229,0.9315923415345702,-0.006250000000000001,0.1611111111111111,no switch,40.0,45.0
1666,2,3,10,5.0,2.5,5.0,3.5,4,5,4,0.7652275231665202,0.0,0.0,0.3055555555555556,no switch,60.0,55.0
1667,8,7,20,4.25,2.0,4.0,4.0,5,6,4,0.7690015786489982,32.754951278309,0.04791666666666666,0.1722222222222222,no switch,60.0,55.0
1668,4,6,4,4.25,2.75,3.5,4.5,5,8,3,0.814743863199109,0.0,0.0,0.06666666666666667,1.0115135467628324,60.0,36.0
1669,6,3,15,3.5,1.75,3.5,3.25,5,8,4,0.8840400392090327,0.0,0.0,0.49444444444444446,0.5045857777066546,20.0,25.0
1670,8,5,14,4.75,2.75,4.75,3.75,4,8,4,0.706886976379374,1501199875790620.2,0.08333333333333333,0.31666666666666665,no switch,0.0,0.0
1671,5,8,26,4.5,2.5,4.5,2.0,6,6,4,0.8607875356106484,0.0,0.09583333333333333,0.049999999999999996,1.2099292015784413,100.0,100.0
1672,6,2,1,3.75,2.25,3.5,3.25,7,7,4,0.9013825232589431,0.0,0.0,0.21666666666666667,no switch,40.0,45.0
1673,5,4,10,4.25,2.0,3.75,3.75,6,7,4,0.8739402692740391,4428.085637298981,0.015972222222222224,0.20555555555555557,1.1796046289659698,40.0,30.0
1674,0,6,2,5.0,3.5,4.0,3.75,3,8,4,0.7584645716635381,no switch,no switch,no switch,no switch,0.0,45.0
1675,0,1,15,4.25,2.5,3.75,4.25,4,1,4,0.7747382690930916,no switch,no switch,no switch,no switch,0.0,11.0
1676,8,4,3,4.25,3.0,4.5,3.5,5,6,4,0.8304970566039911,1062705.865330673,0.14027777777777775,0.2611111111111111,0.23577657282383763,20.0,45.0
1677,6,8,13,4.0,3.5,4.5,4.5,6,8,4,0.8230737987541299,2.335537882366184,0.02638888888888889,0.20000000000000004,no switch,40.0,43.0
1678,3,4,12,4.75,4.0,1.25,3.5,4,4,4,0.8513446562323723,0.0,0.0,0.2833333333333334,1.021310156665107,0.0,52.0
1679,4,6,0,4.0,3.5,4.0,4.0,5,5,4,0.8039396272335655,1501199875790620.2,-0.041666666666666664,0.11666666666666665,no switch,60.0,53.0
1680,8,8,2,4.5,3.0,4.5,4.5,5,7,3,0.8683697010076453,4717.878902760957,0.016666666666666666,0.08333333333333333,0.8982283219962782,40.0,42.0
1681,10,6,3,3.25,2.5,3.25,3.0,1,0,2,0.8087815492747097,13712733386.762877,-0.18888888888888888,0.6111111111111112,no switch,40.0,44.0
1682,1,7,0,4.0,3.5,4.0,3.75,6,7,4,0.8408203928731647,0.0,0.0,0.13333333333333333,1.4200635265078363,40.0,55.0
1683,10,4,0,4.75,2.5,4.5,2.75,4,1,0,0.9173609997922145,59.029162439439,-0.05347222222222222,-0.5333333333333333,no switch,100.0,80.0
1684,8,8,5,4.25,2.75,4.0,4.25,5,8,4,0.7783341022978093,380.4213374892099,0.08888888888888889,-0.17777777777777778,1.0047233035906424,80.0,43.0
1685,2,8,24,2.5,2.5,3.0,4.0,3,3,4,0.7950012798026007,0.0,0.0,no switch,no switch,40.0,49.0
1686,9,7,18,4.25,5.0,5.0,5.0,6,5,1,0.8118674660763133,1046419.1155265433,-0.11944444444444445,-0.00555555555555555,no switch,40.0,38.0
1687,10,7,0,4.75,2.75,4.75,4.5,6,6,4,0.8003703756618784,0.3104781772960677,0.032638888888888884,-0.022222222222222216,no switch,40.0,40.0
1688,3,8,11,4.0,2.5,3.75,4.0,5,7,4,0.7418725827373315,0.0,0.0,0.06666666666666667,no switch,100.0,45.0
1689,11,6,13,4.0,3.0,3.75,3.75,3,2,2,0.647114326896361,14.050545696553074,-0.004166666666666666,-0.24444444444444446,no switch,20.0,37.0
1690,3,8,1,5.0,3.75,4.75,3.75,6,8,4,0.8885300964894532,0.0,0.0,0.4277777777777778,0.0858432162071628,60.0,36.0
1691,4,5,34,4.0,2.25,4.0,4.5,3,3,4,0.6124787567691397,14.050545696553074,0.20972222222222223,-0.1111111111111111,no switch,20.0,33.0
1692,0,8,21,4.0,2.75,3.75,3.0,2,3,4,0.8472222296934329,no switch,no switch,no switch,no switch,60.0,55.0
1693,10,6,1,5.0,2.25,5.0,4.75,5,8,4,0.75500364422075,0.9315923415345702,0.0,0.03333333333333333,0.6442428466538572,20.0,36.0
1694,5,4,12,3.5,3.0,3.25,3.25,4,5,4,0.8348523813556606,0.0,0.10833333333333334,0.13333333333333333,no switch,60.0,55.0
1695,11,8,0,4.75,2.25,3.5,4.0,6,7,4,0.7525035618742678,4.825761367031629,-0.008333333333333333,-0.2,no switch,20.0,20.0
1696,6,6,17,4.0,3.25,5.0,4.75,4,6,3,0.8662682325126121,355.33253939729144,0.030555555555555558,0.25555555555555554,0.6450333256330524,40.0,37.0
1697,10,8,0,4.0,3.0,4.0,4.0,5,7,4,0.7771696857365864,4.4290965517728935,0.0,-0.016666666666666666,no switch,40.0,52.0
1698,7,4,10,4.0,1.75,4.75,4.5,5,4,4,0.7949470343577564,4425.456968906145,0.08402777777777777,0.5444444444444445,0.4371818592809512,60.0,52.0
1699,0,4,3,4.0,3.75,4.0,4.25,3,7,4,0.7711403498547056,no switch,no switch,no switch,no switch,40.0,60.0
1700,6,7,0,3.0,2.25,4.25,4.0,7,8,4,0.8441224615085403,0.0,0.0,0.48888888888888893,no switch,100.0,55.0
1701,10,6,3,4.75,4.75,4.5,4.75,4,8,2,0.8207500162942314,712.8217132862605,0.3666666666666667,0.24444444444444444,no switch,40.0,45.0
1702,2,5,23,5.0,4.0,2.5,2.75,5,3,1,0.8451693729382129,4367.87697866769,0.3444444444444444,-0.13333333333333333,no switch,60.0,40.0
1703,3,8,27,5.0,4.25,4.25,3.5,6,4,4,0.829623944122063,0.0,0.024999999999999998,0.36111111111111116,no switch,40.0,67.0
1704,0,6,30,3.75,1.75,4.75,2.0,4,8,4,0.844794042777734,no switch,no switch,no switch,no switch,80.0,59.0
1705,12,7,1,5.0,3.75,3.5,3.0,5,7,4,0.8067974335178455,0.0,0.0,-0.1111111111111111,no switch,0.0,0.0
1706,3,6,12,4.75,3.75,4.5,5.0,6,8,2,0.7407078540067991,4372.7027400347215,0.075,-0.3111111111111111,no switch,20.0,20.0
1707,8,6,36,4.25,3.75,4.25,4.0,1,8,4,0.8057407844689136,24462397.771269944,0.13333333333333333,0.5055555555555555,0.33797192202589116,60.0,39.0
1708,8,8,6,4.75,3.75,5.0,4.75,5,1,4,0.7894432226641132,551.4683258400377,-0.0875,0.3111111111111111,no switch,60.0,55.0
1709,5,5,3,4.0,2.25,3.0,3.25,6,7,4,0.8886696619930254,4477.834393674761,-0.06666666666666667,-0.07777777777777778,no switch,100.0,29.0
1710,5,4,27,3.25,2.75,3.25,3.0,6,8,2,0.8252380889277773,1501213610697763.2,0.041666666666666664,0.6111111111111112,no switch,20.0,52.0
1711,6,8,11,2.75,4.0,4.5,4.25,6,7,4,0.8278425139665505,2.7146728336452117,0.12222222222222223,-0.05555555555555555,no switch,40.0,36.0
1712,2,6,5,5.0,3.25,3.25,2.5,6,7,0,0.8540148175717678,0.0,0.0,0.24444444444444446,no switch,100.0,33.0
1713,10,8,19,5.0,3.75,4.25,4.75,6,7,4,0.8479466389021284,-0.333223269233891,0.05555555555555555,0.06666666666666667,1.6675089961988598,0.0,0.0
1714,7,8,1,3.5,2.25,5.0,3.5,5,4,4,0.8618044714707773,4823.010556400996,-0.03333333333333333,0.06666666666666667,1.6364720163613784,100.0,49.0
1715,6,4,7,4.75,3.25,4.5,4.25,4,5,4,0.8539379356831653,692.5494184266668,0.018055555555555554,0.18333333333333335,no switch,40.0,47.0
1716,0,8,5,3.25,2.5,3.5,3.5,3,6,4,0.8793102815855945,no switch,no switch,no switch,no switch,40.0,45.0
1717,9,8,10,3.75,1.25,4.25,4.75,6,8,4,0.8405609451710436,4.4290965517728935,0.022222222222222223,0.10555555555555556,0.5045857777066546,100.0,55.0
1718,0,8,3,4.0,2.75,3.0,4.0,6,7,4,0.8569261139649257,8263.54837274505,0.041666666666666664,0.0,0.8876099747089672,20.0,28.0
1719,6,8,12,4.0,2.75,4.0,4.75,6,7,4,0.7497990587271898,4715.250234368122,-0.024305555555555552,-0.25555555555555554,no switch,20.0,9.0
1720,0,8,4,5.0,1.0,4.75,5.0,4,5,2,0.691105124182101,no switch,no switch,no switch,no switch,40.0,63.0
1721,7,8,3,4.0,3.0,4.75,4.0,6,7,4,0.7546808509741363,0.0,0.0,0.5555555555555555,no switch,0.0,35.0
1722,8,8,12,3.0,2.75,4.0,3.75,5,6,4,0.8362535815907401,4823.010556400996,-0.1638888888888889,0.0,no switch,100.0,62.0
1723,1,3,24,4.25,2.0,2.75,3.0,5,7,4,0.7777651512962486,109.95741500707037,0.06388888888888887,0.35000000000000003,no switch,60.0,31.0
1724,9,6,10,4.75,2.25,3.25,2.75,5,4,2,0.8104251433286962,478216156.52137595,-0.10694444444444444,no switch,no switch,40.0,42.0
1725,2,1,16,5.0,4.25,4.75,3.5,4,4,4,0.8134986600331707,0.0,0.013888888888888888,-0.016666666666666666,no switch,40.0,53.0
1726,8,3,9,4.75,3.5,4.25,4.25,5,5,4,0.776308656609667,11.42187730371728,0.042361111111111106,-0.1111111111111111,no switch,40.0,42.0
1727,5,3,1,4.75,2.5,4.5,4.25,4,6,4,0.8605557880728473,1.7144237181276818,0.057638888888888885,0.06666666666666667,0.7120710830883044,40.0,28.0
1728,5,2,8,4.75,2.5,3.25,2.5,6,7,4,0.8374527149510715,6.315711348672657,0.032638888888888884,0.06666666666666667,no switch,20.0,33.0
1729,5,8,0,3.25,3.75,4.75,3.75,6,6,3,0.9237188387453065,800.3097404595413,0.30833333333333335,0.06666666666666667,no switch,100.0,33.0
1730,0,2,16,4.75,2.0,2.5,3.0,3,6,4,0.7543217075526605,no switch,no switch,no switch,no switch,60.0,41.0
1731,7,7,9,3.75,2.25,3.5,4.75,3,4,4,0.8494024130397241,3002399751580440.0,-0.06388888888888887,0.11666666666666665,2.088686904698025,0.0,41.0
1732,0,5,12,4.0,3.0,4.25,3.75,1,4,4,0.7848952466376904,no switch,no switch,no switch,no switch,80.0,55.0
1733,0,5,40,3.0,4.5,3.25,3.25,5,6,4,0.8708357020559448,13712542455.177818,-0.09583333333333333,0.0,no switch,100.0,55.0
1734,11,7,6,3.25,1.0,4.0,4.5,5,4,4,0.8154889350622407,41.84129069966009,-0.008333333333333333,-0.06666666666666667,no switch,80.0,33.0
1735,9,7,1,3.5,2.5,5.0,3.75,6,0,4,0.7950886806195467,0.0,0.0,0.5222222222222223,no switch,100.0,100.0
1736,0,8,21,4.25,3.0,3.25,4.5,6,5,4,0.8822159266551445,0.0,0.0,0.0,0.8876099747089672,40.0,67.0
1737,10,8,15,4.75,1.0,4.5,3.75,4,6,4,0.8832992634030038,0.0,0.0,0.03333333333333333,no switch,100.0,36.0
1738,6,5,8,4.25,2.5,3.0,3.0,7,7,4,0.7840393420127311,5.050210716011396,-0.008333333333333333,0.07777777777777778,0.8796402622806081,40.0,45.0
1739,0,6,7,4.25,3.75,4.0,2.25,1,5,3,0.8227554951426783,no switch,no switch,no switch,no switch,40.0,36.0
1740,3,7,27,4.5,3.5,4.0,3.75,6,7,4,0.8453487925347352,0.0,0.0,0.0,1.4623653549133524,100.0,28.0
1741,11,8,3,4.0,3.0,3.5,4.0,6,8,4,0.7794086292091822,350.00192409326706,0.3,0.4666666666666666,no switch,0.0,17.0
1742,9,4,1,4.25,3.5,3.0,3.5,2,3,3,0.7993314162299126,1054306.757844989,-0.075,-0.04444444444444443,no switch,20.0,37.0
1743,4,6,8,4.25,4.0,3.75,3.0,6,7,4,0.82096827603207,485.5529911292486,0.027777777777777776,0.0,0.8876099747089672,0.0,0.0
1744,10,8,1,5.0,3.0,3.5,3.25,5,8,3,0.7871987204093551,0.0,0.0,0.005555555555555554,1.9895006969819315,100.0,52.0
1745,10,6,6,4.0,2.0,3.75,3.5,6,3,4,0.8107674112717159,0.0,0.03333333333333333,0.2333333333333333,no switch,20.0,45.0
1746,11,8,0,5.0,4.0,5.0,5.0,3,3,4,0.8337532268980477,377.7926690963741,0.19166666666666665,0.6111111111111112,no switch,100.0,100.0
1747,3,8,1,3.5,3.5,4.75,4.75,5,7,4,0.8722767208543336,0.0,0.0,0.5222222222222221,0.39797646791572183,40.0,31.0
1748,5,4,26,4.0,3.25,3.75,2.75,5,6,4,0.7486400330745,6.315711348672657,-0.008333333333333333,-0.027777777777777776,no switch,20.0,38.0
1749,11,8,8,4.5,4.25,4.5,5.0,5,8,3,0.8176745696161257,2092778.9683629144,0.225,0.5,0.4746428776901347,40.0,36.0
1750,1,2,18,4.25,3.0,3.5,3.5,6,8,4,0.8596105209274291,0.0,0.0,0.0,0.8876099747089672,100.0,36.0
1751,1,2,9,3.75,4.0,3.25,5.0,2,4,4,0.7240775999402104,4.4290965517728935,0.041666666666666664,0.03888888888888889,no switch,0.0,20.0
1752,6,7,4,4.75,2.5,4.0,3.75,4,4,4,0.7410838655579045,0.0,0.0,-0.08333333333333333,no switch,60.0,55.0
1753,6,8,15,4.75,4.75,1.75,5.0,4,2,4,0.8660257180247037,1501199898159795.2,-0.020833333333333332,-0.03333333333333333,no switch,60.0,45.0
1754,10,7,24,4.5,2.25,3.75,3.75,4,4,4,0.8205339323088302,24213.38251788808,-0.1625,0.08333333333333333,no switch,0.0,28.0
1755,12,7,10,3.75,2.25,4.5,4.25,5,6,3,0.7379925750662897,14.050545696553074,0.10972222222222222,0.011111111111111118,0.5321268067382117,40.0,28.0
1756,8,8,4,4.5,2.5,4.0,4.25,5,4,1,0.707781673967164,2.7146728336452117,-0.013888888888888888,-0.13333333333333333,no switch,20.0,33.0
1757,9,8,4,4.5,2.25,4.0,3.75,6,6,1,0.8353552182076689,14.050545696553074,0.10972222222222222,-0.1111111111111111,no switch,20.0,0.0
1758,6,8,0,5.0,3.75,5.0,4.25,4,5,4,0.8467951033451374,12.871049504701228,0.013888888888888888,0.2916666666666667,0.2684888601223636,0.0,0.0
1759,12,8,0,4.25,2.25,5.0,4.25,5,7,4,0.7746239385539148,16407.682395709977,0.35694444444444445,0.21666666666666667,no switch,60.0,54.0
1760,0,8,0,3.75,3.0,3.75,4.25,3,4,4,0.7852983140852581,no switch,no switch,no switch,no switch,40.0,48.0
1761,8,8,2,3.5,1.75,4.75,3.75,6,7,4,0.8717268690758582,0.0,0.0,0.0,0.8876099747089672,100.0,36.0
1762,5,6,8,3.75,2.75,4.0,3.75,6,4,4,0.9114669534078672,6.739736104745864,0.225,0.10000000000000002,0.6090685840815291,20.0,33.0
1763,11,8,21,4.75,4.25,4.75,4.5,4,3,4,0.8646634906692572,0.0,0.0,0.19444444444444445,no switch,20.0,22.0
1764,0,4,32,4.5,4.75,4.75,1.75,3,5,4,0.8242756171353323,no switch,no switch,no switch,no switch,40.0,30.0
1765,7,7,11,4.25,2.5,3.5,3.25,5,7,4,0.861425198750403,40.57579006699883,0.06527777777777777,0.24444444444444446,0.9365318620771217,0.0,13.0
1766,0,2,7,4.75,1.75,3.75,4.0,3,5,4,0.8614593602335464,no switch,no switch,no switch,no switch,60.0,62.0
1767,8,8,27,3.5,2.5,5.0,4.0,6,7,4,0.7652245267693697,4487.059178004282,0.09583333333333333,0.10000000000000002,0.7221524042906404,60.0,38.0
1768,12,8,2,4.75,4.0,5.0,5.0,6,8,4,0.8292317959168152,0.0,0.0,0.36111111111111116,no switch,40.0,42.0
1769,5,7,1,5.0,3.75,4.5,3.25,7,7,4,0.8060690532085446,4.825761367031629,0.020833333333333332,-0.05555555555555555,2.3747157107264787,100.0,23.0
1770,3,6,0,3.75,3.5,4.0,3.0,5,8,4,0.7447364280963757,0.0,0.0,0.06666666666666667,0.6256111853973975,100.0,36.0
1771,5,8,0,4.5,3.25,3.25,4.25,6,3,3,0.626217155932728,1501199898159786.0,0.041666666666666664,0.21666666666666667,no switch,0.0,0.0
1772,8,8,1,2.75,2.0,4.5,4.5,7,6,4,0.7988414792881301,0.0,0.008333333333333333,0.06666666666666667,no switch,60.0,32.0
1773,8,3,1,3.0,2.5,3.5,3.5,6,7,4,0.834269253302712,44.46995909249589,0.0,0.15555555555555556,no switch,100.0,25.0
1774,0,8,9,4.0,2.5,4.5,3.0,4,5,4,0.853407471764536,no switch,no switch,no switch,no switch,60.0,54.0
1775,7,8,10,4.5,3.5,4.5,4.75,5,5,4,0.9009803801023273,0.0,0.0,no switch,no switch,0.0,0.0
1776,4,3,19,4.25,3.75,4.75,2.75,6,7,4,0.8385801295616888,12.871049504701228,0.016666666666666666,-0.14444444444444446,no switch,80.0,55.0
1777,3,8,5,3.5,2.5,4.0,3.75,6,6,4,0.8414302228588276,0.0,0.0,0.6111111111111112,no switch,100.0,55.0
1778,3,8,7,4.25,2.75,3.75,3.25,6,4,4,0.7769633305828578,347.5117006086016,-0.036111111111111115,0.005555555555555554,1.1745590747716035,40.0,36.0
1779,9,5,9,4.75,2.75,4.0,3.25,5,2,4,0.8470553396053222,13713779775.148512,0.15833333333333333,0.18333333333333335,no switch,60.0,39.0
1780,0,2,0,4.75,3.75,3.5,4.25,3,7,4,0.8820002802109566,no switch,no switch,no switch,no switch,60.0,42.0
1781,7,3,12,4.0,1.25,3.25,2.75,4,6,4,0.7438072125004089,0.0,0.0,0.37777777777777777,0.28642797369787765,40.0,44.0
1782,1,7,9,4.0,2.75,4.0,3.0,7,5,4,0.8175748093471399,0.0,0.03333333333333333,-0.2,no switch,40.0,35.0
1783,11,4,0,4.25,2.25,3.5,4.25,4,5,4,0.8125221869109673,6.229706907863243,0.12013888888888886,0.39999999999999997,0.1205480916168418,60.0,43.0
1784,0,5,7,4.75,1.75,4.5,4.0,4,5,3,0.8912273004594192,no switch,no switch,no switch,no switch,100.0,97.0
1785,9,8,7,4.5,1.75,4.75,3.5,5,8,4,0.7325381877923913,4.4290965517728935,0.0,0.6111111111111112,no switch,100.0,55.0
1786,8,6,10,4.25,2.5,4.0,3.5,4,6,4,0.8239439896706116,4.825761367031629,0.09722222222222221,0.3333333333333333,0.4414840526140209,40.0,45.0
1787,11,8,8,5.0,4.0,4.25,4.0,0,1,4,0.6835340320608171,349.66870082403324,0.2972222222222222,-0.18888888888888888,no switch,40.0,42.0
1788,6,5,16,4.0,1.75,4.0,4.75,7,6,4,0.8325210349424707,12.871049504701228,0.0,0.03333333333333333,no switch,40.0,42.0
1789,6,8,20,4.25,2.5,4.75,5.0,6,7,4,0.8335021862451506,0.9315923415345702,0.3,0.08888888888888889,0.8787943502595992,60.0,33.0
1790,8,4,11,4.25,1.5,3.0,3.0,6,7,4,0.7951033620528386,-0.333223269233891,0.05555555555555555,0.0,0.8876099747089672,40.0,36.0
1791,12,8,3,3.5,2.5,4.75,4.5,6,8,4,0.8324731833335121,457.848250566951,0.3361111111111111,0.08333333333333333,no switch,40.0,55.0
1792,0,2,3,4.25,1.5,4.75,3.25,3,7,4,0.7716143415331554,no switch,no switch,no switch,no switch,40.0,47.0
1793,10,7,0,3.0,3.25,3.5,3.0,2,8,4,0.857499028071449,8.944379741508454,0.0,0.25,0.35931760070252794,0.0,45.0
1794,10,8,11,4.75,3.25,4.75,4.0,5,6,4,0.8113255391875629,0.0,0.0,0.20555555555555557,0.40503009961918285,60.0,48.0
1795,0,7,17,4.5,1.75,3.25,4.5,3,5,4,0.8446519345417325,no switch,no switch,no switch,no switch,0.0,0.0
1796,3,8,3,5.0,4.25,4.25,3.75,7,7,4,0.853335435202528,0.0,0.0,-0.07222222222222223,no switch,100.0,52.0
1797,6,7,5,4.0,3.0,2.75,2.0,7,7,4,0.8841853181144894,8263.54837274505,-0.1638888888888889,0.4166666666666667,0.4234234010611572,0.0,0.0
1798,0,7,4,5.0,3.0,4.5,3.75,6,7,4,0.8447531057049341,0.0,0.0,0.049999999999999996,0.8982283219962782,40.0,31.0
1799,8,3,43,4.0,3.5,4.0,3.5,6,7,4,0.8190889599178292,1501200354009840.0,0.08055555555555556,0.43888888888888883,no switch,0.0,73.0
1800,6,3,5,4.5,3.0,3.5,4.25,5,7,4,0.8835917670066449,8.944379741508454,0.04791666666666666,0.17777777777777778,0.6153447233296165,40.0,32.0
1801,0,2,6,3.75,3.25,3.25,3.75,4,8,4,0.8578567807981703,no switch,no switch,no switch,no switch,40.0,33.0
1802,11,8,3,4.0,1.5,2.75,3.0,6,7,4,0.8223665281249719,0.3104781772960677,-0.008333333333333333,0.016666666666666666,1.2895659899303216,0.0,67.0
1803,5,8,12,5.0,2.25,4.25,4.75,6,3,4,0.7655869100603298,1501199875790167.2,-0.19166666666666665,0.049999999999999996,0.8982283219962782,60.0,67.0
1804,0,8,17,4.75,2.5,4.75,4.25,2,5,4,0.8320725159272945,no switch,no switch,no switch,no switch,40.0,31.0
1805,6,7,3,4.5,3.5,2.25,3.25,5,5,3,0.8349839643077498,0.0,0.0,0.5416666666666667,no switch,40.0,45.0
1806,5,7,24,4.0,4.0,4.0,4.0,6,8,4,0.8490819930947329,551.4683258400377,0.3625,0.3444444444444445,no switch,0.0,24.0
1807,4,7,16,5.0,3.25,3.75,3.25,5,8,4,0.8003406925002948,0.0,0.0,-0.03888888888888889,no switch,20.0,10.0
1808,6,3,9,4.5,2.0,4.5,3.75,5,6,4,0.8344200704238565,405.3848213575263,0.39375,0.09444444444444444,0.3902573713114361,60.0,48.0
1809,8,1,18,3.5,2.25,2.25,3.25,4,6,4,0.8411571561544844,24213.38251788808,0.08194444444444444,0.18888888888888888,0.5290159523290442,40.0,61.0
1810,10,7,9,5.0,2.25,4.0,4.5,6,3,4,0.8091513483677599,0.0,0.20833333333333334,0.08333333333333333,no switch,60.0,55.0
1811,2,7,22,4.75,2.25,4.0,3.0,5,6,4,0.8557550577734286,0.0,0.06805555555555555,0.13333333333333333,no switch,100.0,55.0
1812,3,8,26,4.75,3.75,4.5,4.0,4,5,4,0.8201250345327101,1046388.38563497,0.13055555555555554,0.06666666666666667,2.815885770942228,100.0,48.0
1813,0,6,1,3.0,1.25,4.75,2.75,6,8,4,0.8483415257947529,0.0,0.0,-0.016666666666666666,no switch,100.0,53.0
1814,6,7,28,4.5,1.75,4.25,4.0,3,2,3,0.8025941260204158,690.3523254524708,-0.08333333333333333,0.39444444444444454,no switch,60.0,58.0
1815,5,8,8,5.0,2.75,3.25,1.75,5,4,4,0.8393635585148217,121.89687217023702,0.029166666666666664,0.0,no switch,40.0,33.0
1816,3,1,6,3.25,2.5,3.5,4.0,6,7,4,0.9090276080734286,3895.6713940773607,0.022222222222222216,0.0,no switch,20.0,48.0
1817,0,8,13,4.5,2.25,5.0,3.75,3,4,4,0.7732364843988411,no switch,no switch,no switch,no switch,40.0,45.0
1818,5,6,16,3.25,2.5,4.75,2.25,5,4,4,0.7902415713749191,376.5271684637128,-0.01805555555555555,0.04166666666666667,no switch,40.0,40.0
1819,4,6,3,5.0,4.75,4.0,3.25,5,6,4,0.8333971252823487,4823.010556400996,0.225,0.0,2.6667264953950487,100.0,29.0
1820,5,8,7,4.5,2.5,4.25,1.75,6,3,4,0.8011102696458079,0.0,0.0,-0.05555555555555556,no switch,60.0,39.0
1821,4,8,2,4.25,3.0,4.5,3.25,6,7,4,0.7315528901310568,0.0,0.0,0.06666666666666667,no switch,100.0,55.0
1822,4,8,8,3.5,2.0,3.5,4.0,5,3,4,0.8241968044727326,4367.87697866769,-0.05555555555555555,0.0,no switch,20.0,67.0
1823,4,4,9,2.75,1.5,3.75,4.0,4,6,4,0.7507345061020338,0.0,0.0,0.2111111111111111,no switch,100.0,45.0
1824,11,8,6,4.75,3.0,3.5,3.75,6,3,4,0.8680515230423749,1501199898164154.0,0.1111111111111111,0.005555555555555554,no switch,40.0,53.0
1825,0,6,45,4.25,4.75,3.5,3.0,4,8,4,0.9280422592445203,no switch,no switch,no switch,no switch,20.0,50.0
1826,9,8,21,4.0,2.25,4.25,3.75,6,3,4,0.8035224630401827,0.0,0.08194444444444444,0.06666666666666667,no switch,100.0,73.0
1827,4,7,27,4.25,4.25,4.5,4.25,5,6,4,0.8321022992860901,-0.9569532193574597,0.05,0.6111111111111112,no switch,40.0,30.0
1828,5,8,5,3.0,2.0,4.75,2.75,4,4,2,0.7559481837664213,4.825761367031629,0.1361111111111111,-0.09444444444444444,2.109259688322346,40.0,21.0
1829,10,8,4,4.75,1.75,3.0,2.5,6,8,4,0.8357334450947439,0.0,0.0,0.3111111111111111,no switch,0.0,0.0
1830,0,7,0,3.0,2.25,4.0,3.75,4,6,2,0.8784562872165845,no switch,no switch,no switch,no switch,40.0,55.0
1831,3,2,14,4.75,2.5,3.75,4.0,6,5,4,0.8473876121703798,0.0,0.0,0.5611111111111111,no switch,40.0,55.0
1832,0,7,1,3.5,3.25,3.75,2.75,3,6,4,0.8380833708477722,no switch,no switch,no switch,no switch,100.0,38.0
1833,0,5,21,3.75,1.75,4.25,3.75,3,6,3,0.7954985354131341,no switch,no switch,no switch,no switch,40.0,47.0
1834,4,8,6,4.75,3.5,5.0,5.0,6,5,4,0.8515456729902136,1046843.5192127033,-0.025000000000000005,0.022222222222222227,no switch,40.0,67.0
1835,2,5,10,4.75,4.0,3.25,3.0,5,6,4,0.8493964063602139,0.0,0.0,no switch,no switch,0.0,0.0
1836,5,8,28,4.25,4.0,4.5,4.25,6,3,4,0.765392145111393,-0.333223269233891,0.05555555555555555,0.6111111111111112,no switch,40.0,33.0
1837,8,5,10,4.5,3.75,4.75,4.75,3,3,0,0.796378434150035,20772.84470154402,-0.09027777777777778,-0.3666666666666667,no switch,60.0,38.0
1838,0,6,7,4.75,2.25,2.5,2.5,2,6,4,0.8020641934542527,no switch,no switch,no switch,no switch,100.0,54.0
1839,1,4,20,3.0,3.0,3.75,3.75,6,7,4,0.8795506965488346,0.0,0.0,0.0,0.8876099747089672,100.0,46.0
1840,0,7,2,4.75,1.25,4.0,2.75,1,4,4,0.6525025534937305,no switch,no switch,no switch,no switch,40.0,57.0
1841,1,5,27,4.5,2.75,4.0,4.0,5,6,4,0.8298124684896273,485.5529911292486,0.13055555555555554,0.06666666666666667,no switch,40.0,37.0
1842,10,8,3,5.0,4.25,4.25,4.5,4,2,4,0.8322096250928575,1501213588523551.8,0.075,0.3277777777777778,no switch,40.0,46.0
1843,8,3,5,4.0,2.5,4.0,4.5,4,2,4,0.7600396187046786,691.2839177940054,0.15347222222222223,0.0,no switch,100.0,100.0
1844,5,3,10,4.0,2.5,3.75,3.5,5,4,4,0.8094664994611351,16662.65585842929,0.051388888888888894,0.1722222222222222,0.618248458211912,60.0,33.0
1845,12,8,0,4.0,2.75,4.0,4.0,5,6,4,0.7465141835579797,0.0,0.0,0.08333333333333333,no switch,100.0,55.0
1846,7,4,4,3.0,1.25,2.75,3.25,6,8,4,0.8383007894900419,4.825761367031629,0.13055555555555554,-0.041666666666666664,no switch,40.0,38.0
1847,3,7,2,5.0,2.5,3.0,4.25,6,7,4,0.8403221991260691,423.0284478242843,0.0,0.22777777777777777,0.46780981751548256,40.0,23.0
1848,0,8,0,5.0,4.0,5.0,5.0,4,4,3,0.7408560709288232,no switch,no switch,no switch,no switch,0.0,0.0
1849,6,8,23,4.5,2.75,3.25,2.75,5,0,4,0.873732251901595,22369966.176162723,-0.05833333333333333,0.5,0.08969476015419972,40.0,47.0
1850,6,2,6,2.75,2.5,3.5,3.0,6,8,4,0.8422496987389575,0.0,0.0,0.0,1.647921928268895,60.0,55.0
1851,2,8,11,4.25,2.75,3.5,4.25,6,8,4,0.7543317972543618,0.0,0.0,0.10000000000000002,0.5460764865850027,100.0,46.0
1852,3,8,27,4.5,4.25,4.0,4.5,6,5,4,0.7517803140698361,0.0,0.0,0.6111111111111112,no switch,40.0,23.0
1853,8,7,29,3.75,4.25,4.0,4.25,4,1,2,0.8615851133854274,60.294663072100256,0.09791666666666667,0.21666666666666667,no switch,40.0,31.0
1854,6,6,32,4.25,3.0,4.25,4.25,5,3,4,0.6737851260809641,4823.010556400996,0.25277777777777777,0.31666666666666665,no switch,80.0,13.0
1855,9,7,3,3.25,3.0,4.25,4.5,5,5,4,0.8557135940318242,-0.6658272331016108,0.15277777777777776,-0.1111111111111111,1.4623653549133524,60.0,55.0
1856,4,8,14,4.0,5.0,3.0,2.75,5,5,4,0.846860128243282,4367.87697866769,-0.05555555555555555,-0.24444444444444446,no switch,0.0,0.0
1857,3,8,26,4.25,4.25,4.5,4.5,6,3,4,0.6694027732714063,0.0,0.0,0.6111111111111112,no switch,40.0,45.0
1858,8,8,3,4.25,2.0,5.0,4.5,5,5,4,0.86998350858844,423.0284478242843,0.0,-0.17777777777777778,no switch,20.0,30.0
1859,9,8,0,5.0,3.25,2.75,3.25,5,3,4,0.8512033831864355,1054306.757844989,0.21944444444444444,0.0,no switch,100.0,54.0
1860,3,1,7,4.75,2.0,4.25,3.25,5,3,4,0.7611983048211769,0.0,0.0,0.02777777777777778,0.9160046386840262,60.0,55.0
1861,2,4,0,4.25,3.25,4.5,3.25,5,7,4,0.8293752827374054,44.46995909249589,0.020833333333333332,0.022222222222222223,2.3560132156686966,60.0,45.0
1862,10,8,10,4.25,2.0,3.5,2.0,6,8,4,0.8179067115393469,0.0,0.0,-0.016666666666666666,1.00212308228762,80.0,28.0
1863,2,5,8,2.5,2.75,3.75,4.75,5,3,4,0.8290404635955596,423.0284478242843,-0.12291666666666667,0.21666666666666667,0.31544645000794075,40.0,43.0
1864,10,7,8,4.25,3.5,4.0,4.0,3,4,3,0.8527905676061013,4.825761367031629,0.4666666666666666,0.13333333333333333,no switch,60.0,45.0
1865,2,8,16,4.0,2.75,4.5,4.0,7,7,4,0.838750742418935,0.0,0.0,0.24444444444444446,no switch,100.0,67.0
1866,0,6,7,4.75,2.0,2.5,4.25,3,5,4,0.808526962082242,no switch,no switch,no switch,no switch,0.0,0.0
1867,10,5,17,4.75,2.5,4.5,5.0,5,2,4,0.8609945003487269,0.0,0.3541666666666667,0.3444444444444445,no switch,40.0,62.0
1868,3,8,12,4.5,3.5,4.5,4.25,5,7,4,0.816485791384793,-0.6658272331016108,0.12222222222222222,0.11111111111111112,no switch,60.0,56.0
1869,11,8,1,4.75,3.75,4.5,4.5,6,8,4,0.7692948761387013,0.0,0.0,0.24444444444444446,no switch,60.0,45.0
1870,1,1,8,3.75,3.0,3.75,3.5,3,3,4,0.7382681429369683,90.62807202723366,-0.008333333333333333,-0.07777777777777778,no switch,40.0,72.0
1871,6,5,5,4.5,1.5,4.25,3.25,5,8,4,0.8165233458155893,-0.333223269233891,0.05555555555555555,0.21666666666666667,no switch,60.0,42.0
1872,1,5,7,4.75,4.25,4.5,4.25,5,6,3,0.8962215914426489,109.95741500707037,0.11805555555555554,-0.35555555555555557,no switch,100.0,25.0
1873,6,5,11,4.5,2.25,4.25,4.75,6,8,4,0.7595031104421053,0.0,0.0,0.05555555555555555,1.3094075718255966,20.0,52.0
1874,0,4,4,3.5,2.75,3.25,3.0,1,5,4,0.7902469047353504,no switch,no switch,no switch,no switch,0.0,0.0
1875,5,6,10,5.0,2.75,4.25,3.75,4,1,4,0.7861904226295043,0.0,0.0,0.6111111111111112,no switch,0.0,33.0
1876,12,8,1,3.5,3.25,4.5,4.75,5,3,2,0.8004658627569989,0.0,0.0,no switch,no switch,100.0,100.0
1877,8,2,9,4.5,2.0,3.75,5.0,3,6,4,0.8282241922540248,4.4290965517728935,0.041666666666666664,0.17777777777777778,no switch,60.0,55.0
1878,7,6,4,4.0,3.0,4.0,4.75,3,4,3,0.7662771688866311,1501199875793716.8,-0.27708333333333335,-0.15,no switch,20.0,24.0
1879,9,7,1,3.25,3.0,3.0,2.75,5,5,4,0.8771123543667175,0.0,0.0,-0.06666666666666667,no switch,20.0,45.0
1880,2,8,13,4.75,2.5,4.25,3.75,6,8,4,0.829299212010592,4.825761367031629,0.05555555555555555,0.03333333333333333,0.9863336078064345,40.0,28.0
1881,6,5,5,4.0,2.0,3.0,3.0,5,2,4,0.8911568108632043,-0.9711920821388641,0.0,0.35555555555555557,no switch,40.0,41.0
1882,6,8,7,4.25,3.75,3.75,4.75,6,7,4,0.8236646504894968,0.0,0.0,0.0,0.8876099747089672,0.0,0.0
1883,10,7,3,5.0,2.5,5.0,5.0,2,3,2,0.858375809329767,4713.3636195712215,-0.05416666666666667,0.22777777777777777,0.4336602234949209,60.0,49.0
1884,9,8,15,4.25,3.25,4.0,4.75,6,5,4,0.841255701825311,0.0,0.0,0.0,0.9514758127934604,100.0,55.0
1885,10,7,4,5.0,2.25,4.25,4.25,6,8,4,0.7647286699312074,0.0,0.0,0.33888888888888885,0.4643041575357752,100.0,36.0
1886,9,8,6,5.0,2.25,3.5,3.0,5,6,4,0.7501473744773216,4428.085637298981,-0.013194444444444444,0.061111111111111116,2.2759799244201884,40.0,45.0
1887,3,4,7,4.0,3.5,3.5,4.25,5,8,4,0.8682041115374977,4823.010556400996,0.3361111111111111,-0.041666666666666664,no switch,0.0,0.0
1888,0,8,17,5.0,2.0,4.25,3.25,3,2,4,0.8429441621700221,no switch,no switch,no switch,no switch,60.0,62.0
1889,5,8,13,4.25,3.25,3.25,3.0,6,6,4,0.8004623624097699,-0.9711920821388641,0.0,0.038888888888888896,no switch,100.0,55.0
1890,0,8,10,5.0,2.75,3.5,4.5,3,5,4,0.856361059278064,no switch,no switch,no switch,no switch,60.0,37.0
1891,10,7,4,4.0,3.0,4.25,3.5,5,6,4,0.7707388287797544,108.27169849399174,0.09652777777777777,-0.027777777777777776,1.028298128193813,20.0,32.0
1892,0,5,0,5.0,3.75,5.0,5.0,4,8,4,0.8775401826668474,no switch,no switch,no switch,no switch,100.0,55.0
1893,2,3,20,4.0,2.0,3.5,2.75,5,7,4,0.7870833328361266,0.0,0.0,0.3333333333333333,no switch,40.0,45.0
1894,0,8,5,4.25,4.0,4.0,4.75,3,7,4,0.874562422376166,no switch,no switch,no switch,no switch,40.0,39.0
1895,0,8,3,3.75,3.0,4.75,3.5,4,5,4,0.8423636367095364,no switch,no switch,no switch,no switch,100.0,54.0
1896,0,4,18,2.5,2.5,2.75,2.75,2,1,3,0.8457497305498002,no switch,no switch,no switch,no switch,40.0,33.0
1897,0,8,1,3.25,2.5,4.0,3.75,3,8,4,0.8353708645977497,no switch,no switch,no switch,no switch,40.0,43.0
1898,5,3,22,4.25,3.5,4.0,4.0,3,1,4,0.8178268289289173,4735.5225292277155,-0.004166666666666666,0.5777777777777778,no switch,40.0,45.0
1899,12,8,4,3.25,1.75,4.0,2.75,4,8,4,0.797243239127245,0.0,0.016666666666666666,0.18888888888888888,0.5321268067382117,100.0,48.0
1900,1,1,5,4.75,3.5,3.75,4.0,7,6,4,0.8576857399903478,478232529.7949267,0.02361111111111111,0.11666666666666668,no switch,0.0,28.0
1901,5,8,8,2.75,3.0,3.75,5.0,7,8,4,0.7550479510546644,0.0,0.06527777777777777,0.19444444444444442,0.44669592233266925,20.0,45.0
1902,12,0,37,2.25,2.5,4.25,4.0,6,8,4,0.8380270203684598,1046738.3875590634,-0.06041666666666667,0.03333333333333333,no switch,60.0,36.0
1903,5,8,15,3.75,2.5,3.75,4.0,6,6,4,0.8882256289181489,5.050210716011396,0.0,0.3277777777777778,0.39797646791572183,40.0,40.0
1904,2,8,26,4.0,2.75,3.25,3.0,4,4,4,0.8594367629089555,0.9315923415345702,0.1034722222222222,0.37777777777777777,no switch,40.0,52.0
1905,4,7,13,4.75,1.75,3.0,2.25,6,3,4,0.8820618994158614,1050866.220028645,0.05555555555555555,0.25555555555555554,0.910571218863833,100.0,46.0
1906,0,2,3,3.5,2.75,3.5,3.75,4,7,4,0.7956367744197227,no switch,no switch,no switch,no switch,20.0,52.0
1907,4,7,15,4.75,3.0,4.5,4.0,6,8,4,0.8438576180367152,0.0,0.0,0.09999999999999999,no switch,0.0,52.0
1908,2,8,10,2.0,3.0,3.75,4.0,6,4,4,0.8176321967984821,8.944379741508454,0.07569444444444444,-0.19444444444444445,no switch,100.0,40.0
1909,9,4,0,3.5,1.5,4.25,4.5,5,3,4,0.7776379636595285,0.0,0.0,0.19999999999999998,no switch,20.0,33.0
1910,7,8,28,4.5,4.25,3.5,3.75,6,7,4,0.834093795623072,44.46995909249589,0.029861111111111106,0.06666666666666667,no switch,20.0,32.0
1911,0,8,0,4.0,1.5,4.5,3.25,1,3,4,0.7779584398530467,no switch,no switch,no switch,no switch,60.0,55.0
1912,0,5,8,4.0,2.5,4.75,4.5,2,7,4,0.8387090746587532,no switch,no switch,no switch,no switch,0.0,35.0
1913,0,6,24,3.75,2.0,1.0,2.5,3,2,4,0.5761358404451918,no switch,no switch,no switch,no switch,0.0,0.0
1914,7,8,19,4.0,3.25,4.5,4.25,4,7,4,0.8406257571915494,8.944379741508454,0.08541666666666665,0.027777777777777776,1.2168135729407954,40.0,47.0
1915,0,1,24,4.5,4.0,2.5,2.25,6,8,4,0.8386741493292366,0.0,0.0,-0.044444444444444446,1.028298128193813,40.0,45.0
1916,0,7,1,3.75,1.75,4.75,4.5,1,7,4,0.8348661416338438,no switch,no switch,no switch,no switch,60.0,30.0
1917,13,8,0,5.0,4.25,5.0,5.0,4,2,4,0.8441530830738568,0.0,0.09375,0.016666666666666666,no switch,0.0,4.0
1918,5,7,11,3.75,2.25,4.75,4.5,3,3,4,0.8501969020031317,6.229706907863243,0.12013888888888886,0.16666666666666666,1.540727457091638,40.0,42.0
1919,6,3,0,3.75,3.0,4.25,4.25,6,7,4,0.806976699022907,5.050210716011396,-0.013888888888888888,0.03333333333333333,0.8420772036753936,100.0,28.0
1920,0,4,4,3.5,2.5,3.5,4.5,3,8,3,0.873257203011153,no switch,no switch,no switch,no switch,60.0,50.0
1921,0,8,3,4.75,3.0,4.0,4.5,4,8,4,0.8499026793725204,no switch,no switch,no switch,no switch,60.0,40.0
1922,0,4,14,3.75,3.5,3.25,3.5,2,3,4,0.8390711136141381,no switch,no switch,no switch,no switch,20.0,15.0
1923,12,8,0,2.75,2.75,4.0,4.0,6,8,4,0.7844918627531868,0.0,0.0,0.08333333333333333,no switch,80.0,45.0
1924,6,4,12,3.75,1.5,2.25,3.0,2,4,4,0.8370120045612207,0.0,0.1638888888888889,0.13333333333333333,0.7591011446739782,100.0,48.0
1925,0,8,2,3.0,3.5,5.0,5.0,3,2,1,0.8079028719007129,no switch,no switch,no switch,no switch,40.0,62.0
1926,6,4,4,4.0,3.0,4.5,4.0,6,5,4,0.7671939590148161,2.335537882366184,0.032638888888888884,0.016666666666666666,no switch,60.0,64.0
1927,2,8,1,5.0,4.5,3.75,4.0,6,8,4,0.8060505243588066,0.0,0.0,0.13333333333333333,2.147275150115549,0.0,45.0
1928,10,7,3,4.5,2.75,4.0,4.75,2,3,2,0.7621823516511828,1501199875790510.2,-0.20833333333333334,0.0,no switch,40.0,45.0
1929,0,1,4,3.25,2.25,4.0,4.0,3,4,4,0.8268100495009382,no switch,no switch,no switch,no switch,100.0,35.0
1930,5,7,30,3.5,3.0,3.0,4.75,4,6,4,0.8351843069128722,478232442.30689955,0.1875,no switch,no switch,60.0,46.0
1931,4,8,7,5.0,2.0,3.5,3.25,4,7,4,0.8755436712450849,0.0,0.03333333333333333,-0.07777777777777777,no switch,0.0,0.0
1932,1,8,15,4.25,3.0,3.0,3.5,4,6,4,0.7661749098212142,0.0,0.0,-0.17777777777777778,no switch,40.0,45.0
1933,6,6,12,3.0,1.75,4.75,3.75,2,5,4,0.8573761144912982,4.825761367031629,0.13333333333333333,0.03333333333333333,no switch,0.0,46.0
1934,5,5,33,3.25,2.75,3.0,3.25,4,2,2,0.8495652707420495,no switch,no switch,no switch,no switch,20.0,48.0
1935,8,8,7,4.5,3.75,4.0,5.0,6,7,4,0.7353363378750324,4823.010556400996,0.0,-0.06666666666666667,no switch,80.0,33.0
1936,9,7,9,3.75,2.75,4.0,4.0,5,3,4,0.8454117622348225,44.46995909249589,0.08194444444444444,0.15,0.8982283219962782,40.0,45.0
1937,4,3,2,3.0,3.0,4.25,4.25,5,4,4,0.7603887937659924,0.0,0.0,0.6111111111111112,no switch,60.0,55.0
1938,11,7,7,5.0,2.5,3.75,3.5,6,5,4,0.793503804450987,4.825761367031629,0.09722222222222221,-0.13333333333333333,no switch,20.0,18.0
1939,0,7,6,4.25,4.0,3.0,3.75,4,5,3,0.8185853486123493,no switch,no switch,no switch,no switch,80.0,43.0
1940,0,8,0,4.5,2.0,5.0,2.0,7,7,4,0.8473892411985787,0.0,0.0,-0.11111111111111112,1.1796046289659698,100.0,45.0
1941,0,8,7,4.75,4.75,3.5,4.0,2,7,4,0.830974374564608,no switch,no switch,no switch,no switch,80.0,39.0
1942,8,7,1,4.25,4.0,4.5,4.5,4,6,4,0.8855988322402227,90.62807202723366,0.28541666666666665,0.061111111111111095,no switch,100.0,36.0
1943,1,5,43,4.0,2.0,4.5,4.0,7,4,4,0.8409925267246194,0.0,0.0,-0.12777777777777777,no switch,40.0,44.0
1944,1,7,22,5.0,2.25,2.5,2.0,3,7,4,0.8138101287228533,380.4213374892099,-0.051388888888888894,0.0,no switch,40.0,7.0
1945,6,7,10,4.0,3.25,3.5,4.0,4,7,4,0.86227921548958,4.825761367031629,0.09722222222222221,-0.24444444444444446,no switch,20.0,18.0
1946,6,6,4,5.0,2.5,4.0,4.0,5,5,4,0.7690031807368146,0.5983690723006792,0.08263888888888889,0.33888888888888885,no switch,20.0,13.0
1947,0,4,22,4.25,2.25,3.25,3.75,2,2,4,0.8863356691060108,no switch,no switch,no switch,no switch,80.0,42.0
1948,5,3,9,4.75,3.5,3.75,1.5,6,4,4,0.8093908781921995,0.0,0.125,-0.12777777777777777,3.6408176145124105,40.0,22.0
1949,0,6,5,3.5,2.25,4.25,3.0,3,5,4,0.8675211074426687,no switch,no switch,no switch,no switch,100.0,27.0
1950,5,4,4,4.5,1.5,2.25,3.75,6,5,4,0.8122758076273179,1.7144237181276818,0.48125,0.19999999999999998,no switch,40.0,42.0
1951,8,2,5,3.25,2.0,3.25,2.75,6,5,4,0.8384698833354374,0.0,0.0,-0.17777777777777778,no switch,20.0,42.0
1952,7,5,1,3.0,1.25,3.75,4.0,5,7,4,0.870130907809271,0.0,0.14722222222222223,-0.2111111111111111,4.763064369718629,100.0,45.0
1953,0,4,5,4.5,2.5,3.75,4.5,4,8,4,0.8736445717088263,no switch,no switch,no switch,no switch,100.0,45.0
1954,10,6,38,4.25,2.25,3.5,4.25,4,8,4,0.6399168716072021,0.0,0.0,0.6111111111111112,no switch,40.0,45.0
1955,0,8,0,4.5,2.5,4.25,4.0,3,5,4,0.8468462578677899,no switch,no switch,no switch,no switch,20.0,44.0
1956,0,6,23,3.25,2.0,4.0,1.25,2,3,4,0.8084631392519556,no switch,no switch,no switch,no switch,40.0,45.0
1957,0,2,12,2.75,3.75,4.25,4.75,2,3,4,0.8209190065052008,no switch,no switch,no switch,no switch,40.0,55.0
1958,0,7,9,4.5,4.25,5.0,4.75,4,7,4,0.7824829698378074,no switch,no switch,no switch,no switch,40.0,46.0
1959,6,3,27,3.5,3.5,2.5,3.25,5,0,3,0.7973512962753379,1501200376375910.8,0.022222222222222216,0.47222222222222227,no switch,40.0,49.0
1960,0,8,3,4.75,3.5,3.75,4.5,3,6,4,0.8312278021005156,no switch,no switch,no switch,no switch,40.0,41.0
1961,8,6,31,4.75,3.0,4.0,4.0,6,5,4,0.8488155290704545,4823.010556400996,0.03333333333333333,0.05000000000000001,no switch,20.0,45.0
1962,5,8,4,5.0,2.25,3.0,3.25,6,7,4,0.8322806117078347,6.229706907863243,0.14513888888888887,0.0,0.9514758127934604,0.0,0.0
1963,6,5,9,4.0,3.0,4.0,3.25,6,5,4,0.8641973943266444,4823.010556400996,-0.1638888888888889,0.11666666666666665,0.8876099747089672,60.0,31.0
1964,5,8,20,4.75,4.25,3.25,2.5,7,7,4,0.8581439791962429,0.0,0.008333333333333333,0.05555555555555555,no switch,100.0,45.0
1965,5,2,22,4.75,4.0,3.0,3.25,5,4,4,0.8311188844084961,0.0,0.0,0.1,0.9357849756032074,20.0,38.0
1966,7,4,7,4.0,2.25,3.75,4.0,7,6,4,0.7197253126887581,695.1780868195025,0.013888888888888888,0.06666666666666667,0.9036683083403806,60.0,42.0
1967,0,1,13,5.0,4.0,2.5,2.75,4,4,4,0.7248332999962586,4735.5225292277155,0.0861111111111111,0.2833333333333333,no switch,20.0,9.0
1968,3,5,25,3.25,1.25,3.75,3.0,4,3,4,0.7926893830131705,-0.9711920821388641,0.5888888888888889,-0.3333333333333333,no switch,40.0,31.0
1969,0,8,5,4.25,1.75,4.25,3.75,1,5,4,0.8617045711920078,no switch,no switch,no switch,no switch,60.0,55.0
1970,2,4,4,5.0,3.0,2.25,5.0,4,3,4,0.789071475106545,478235970.3327431,0.12916666666666668,0.13333333333333333,no switch,20.0,33.0
1971,2,8,27,4.75,4.25,3.75,4.5,4,6,4,0.8383633370692539,0.0,0.1722222222222222,0.2888888888888889,no switch,20.0,42.0
1972,10,6,2,4.5,2.5,3.5,3.75,5,3,4,0.8150927546165175,7927.596994348336,-0.09444444444444444,-0.04444444444444443,no switch,80.0,51.0
1973,11,7,0,3.25,2.5,3.0,3.25,4,3,4,0.8444877985597999,0.0,0.24166666666666667,0.12222222222222223,2.815885770942228,20.0,27.0
1974,5,8,13,5.0,2.25,3.75,4.25,5,4,4,0.7360482913629414,-0.333223269233891,0.05555555555555555,-0.2222222222222222,no switch,40.0,45.0
1975,0,4,15,4.0,1.5,2.5,2.5,4,4,4,0.8595197493004162,no switch,no switch,no switch,no switch,100.0,100.0
1976,5,8,8,3.0,2.75,4.75,4.5,3,6,4,0.7612242626482116,4.825761367031629,-0.03333333333333333,-0.022222222222222216,1.229934891426367,100.0,49.0
1977,3,4,4,4.0,3.5,3.25,3.75,4,6,4,0.8223842924411536,0.0,0.0,0.08888888888888889,no switch,20.0,53.0
1978,7,0,0,1.5,2.0,2.25,1.5,5,7,4,0.7842314589917537,41.84129069966009,-0.01875,0.18333333333333335,0.5008563231305143,0.0,13.0
1979,10,8,8,4.75,1.75,3.0,2.75,7,5,4,0.8611928075233463,0.0,0.024999999999999998,0.16111111111111112,1.323087750276288,40.0,36.0
1980,0,3,18,3.25,1.75,4.0,2.75,2,6,4,0.8480056427077463,no switch,no switch,no switch,no switch,60.0,55.0
1981,0,8,22,4.0,2.25,2.75,3.5,2,7,4,0.8269254280521294,no switch,no switch,no switch,no switch,0.0,45.0
1982,6,5,22,3.25,2.5,2.25,3.75,5,5,4,0.7929573153368,1046501.0577228108,0.10277777777777779,0.17777777777777778,0.9495121836837661,40.0,42.0
1983,3,7,24,4.5,3.75,4.75,4.0,6,6,4,0.9091495876252464,4823.010556400996,0.3361111111111111,0.16666666666666666,0.8013627701118103,40.0,34.0
1984,0,8,1,4.0,3.0,5.0,4.75,4,7,4,0.8146294760319739,no switch,no switch,no switch,no switch,60.0,55.0
1985,6,6,9,4.5,2.75,4.25,4.0,6,6,4,0.86981613305164,4717.878902760957,-0.016666666666666666,-0.24444444444444446,no switch,40.0,32.0
1986,3,7,16,4.25,3.25,2.75,4.75,7,6,4,0.8527263629252637,0.0,0.0,0.17777777777777778,2.109259688322346,40.0,45.0
1987,2,7,4,4.25,3.75,3.25,4.0,7,7,4,0.8913742848063784,6.315711348672657,0.004861111111111112,-0.09444444444444444,no switch,60.0,0.0
1988,8,8,5,5.0,1.25,3.25,5.0,3,2,4,0.8909940578254203,4390.34636650148,0.0625,0.5555555555555555,no switch,40.0,37.0
1989,5,2,18,2.75,3.75,4.5,5.0,6,7,4,0.8603963001457192,0.0,0.0,-0.016666666666666673,1.938327848486745,40.0,45.0
1990,4,7,2,4.25,2.75,4.25,3.5,6,8,4,0.795206199539781,0.0,0.0,0.6111111111111112,no switch,100.0,100.0
1991,4,8,6,4.25,1.75,3.5,1.25,4,7,4,0.8236270975273852,0.0,0.0,0.16666666666666666,no switch,40.0,33.0
1992,0,8,6,3.75,3.0,4.75,4.5,3,6,4,0.8791222631923127,no switch,no switch,no switch,no switch,40.0,48.0
1993,0,8,1,4.75,4.0,3.75,3.25,4,8,4,0.7903843607857844,no switch,no switch,no switch,no switch,40.0,45.0
1994,13,7,0,4.0,3.25,3.0,3.75,6,8,3,0.8473413843880342,14.13655013736249,0.017361111111111115,0.25555555555555554,no switch,0.0,0.0
1995,8,3,29,3.0,2.75,4.0,3.5,7,8,3,0.8259996750162577,695.1780868195025,-0.008333333333333333,0.09444444444444444,no switch,20.0,7.0
1996,0,3,1,4.5,2.5,3.25,3.5,3,3,3,0.8368822532691383,no switch,no switch,no switch,no switch,40.0,30.0
1997,1,0,20,2.0,2.5,4.25,4.25,6,8,4,0.8566881460823303,376.87033488954654,-0.006250000000000001,0.26111111111111107,0.7014834245235493,100.0,40.0
1998,6,8,4,4.5,2.0,4.75,3.25,5,3,4,0.8011340009441199,4487.059178004282,0.12083333333333333,0.06666666666666667,0.9357849756032074,100.0,36.0
1999,3,2,3,5.0,1.5,2.75,4.75,5,3,4,0.8594019029000921,12.871049504701228,0.16666666666666666,0.027777777777777776,1.6365212753310079,100.0,45.0
2000,4,8,19,4.5,2.75,4.75,5.0,5,6,4,0.774225587328684,1501199875790171.0,-0.11180555555555556,0.011111111111111118,no switch,40.0,39.0
2001,9,8,16,3.75,2.5,4.25,3.5,4,5,4,0.6824260606107015,109.95741500707037,-0.06666666666666667,0.0,0.8876099747089672,100.0,33.0
2002,5,5,0,3.5,2.25,3.5,3.25,6,8,4,0.8210999247663514,0.9315923415345702,0.3833333333333333,0.3444444444444444,0.7225044091632986,40.0,41.0
2003,4,8,4,4.0,3.25,4.0,4.25,6,7,3,0.7687927334598819,423.0284478242843,0.04930555555555555,-0.24444444444444446,no switch,40.0,37.0
2004,0,8,2,4.0,3.0,4.25,4.25,3,6,4,0.8021256755632047,no switch,no switch,no switch,no switch,20.0,45.0
2005,8,7,6,4.25,3.5,3.5,4.75,6,8,4,0.827162574825499,0.0,0.0,0.06666666666666667,1.0890108542606218,40.0,0.0
2006,0,7,11,5.0,3.0,3.0,3.25,3,4,4,0.8451967393009013,no switch,no switch,no switch,no switch,40.0,47.0
2007,0,0,2,3.0,3.0,3.0,3.0,2,5,4,0.8777968421731905,no switch,no switch,no switch,no switch,0.0,28.0
2008,0,8,4,5.0,4.0,4.0,4.0,4,6,4,0.8092840077589948,no switch,no switch,no switch,no switch,20.0,29.0
2009,10,7,6,2.0,1.25,3.75,3.75,4,4,2,0.7218003731304767,2.197092974195832,0.02638888888888889,-0.17777777777777778,no switch,40.0,33.0
2010,3,6,3,5.0,2.25,2.25,2.0,6,8,4,0.7774853474612746,0.0,0.0,0.17777777777777778,0.7591011446739782,0.0,45.0
2011,7,4,12,5.0,3.0,4.5,4.0,6,3,4,0.7974850139311532,4717.878902760957,0.36944444444444446,0.03333333333333333,no switch,60.0,54.0
2012,8,4,7,5.0,2.75,3.0,4.5,5,7,4,0.7438910078590293,0.0,0.0,-0.12777777777777777,no switch,0.0,0.0
2013,8,7,7,3.75,2.5,3.25,4.0,5,4,4,0.8499368496362827,0.0,0.0,0.09444444444444444,0.9530350123447264,60.0,45.0
2014,2,3,32,4.25,3.75,4.25,4.0,4,8,4,0.854979020832789,1062793.3533578464,-0.07916666666666666,0.06666666666666667,0.8474430601385927,40.0,33.0
2015,0,8,0,4.75,4.5,4.75,5.0,3,5,4,0.7965423554384491,no switch,no switch,no switch,no switch,80.0,20.0
2016,6,3,19,2.75,2.25,5.0,4.25,6,5,4,0.8646216831301337,0.0,0.0,0.1388888888888889,no switch,40.0,51.0
2017,6,1,10,3.0,2.75,3.25,4.5,6,6,4,0.8593978107951826,14190757652.665861,-0.09722222222222221,0.05000000000000001,no switch,100.0,29.0
2018,2,6,4,4.5,2.25,3.75,4.0,5,7,4,0.8428221243724506,14.050545696553074,0.009722222222222222,-0.3333333333333333,no switch,40.0,27.0
2019,0,4,30,4.0,1.5,4.0,2.5,5,5,4,0.7755271765986776,0.0,0.1638888888888889,0.06666666666666667,no switch,40.0,45.0
2020,13,6,0,4.5,3.5,3.25,3.75,5,5,4,0.823552838131693,0.0,0.0,no switch,no switch,40.0,54.0
2021,6,6,16,2.0,2.75,3.75,3.75,7,5,4,0.8187718399925256,0.0,0.0,-0.14166666666666666,no switch,40.0,31.0
2022,9,8,3,4.0,2.5,4.25,4.5,5,6,4,0.8498555421404533,0.0,0.0,0.6111111111111112,no switch,20.0,45.0
2023,5,8,6,4.75,2.25,3.25,4.5,5,2,4,0.7497359820622493,0.9315923415345702,0.04097222222222222,0.1,no switch,60.0,57.0
2024,0,7,3,5.0,3.0,5.0,3.75,3,4,4,0.8438072846942667,no switch,no switch,no switch,no switch,20.0,40.0
2025,0,0,21,5.0,4.25,3.25,4.5,4,6,4,0.8445566891061229,0.0,0.0,0.175,no switch,40.0,48.0
2026,6,7,8,4.25,2.75,3.75,3.5,7,8,4,0.8662770820571236,0.0,0.0,0.25,0.6041189930274465,20.0,31.0
2027,5,6,0,5.0,1.0,1.5,1.75,5,8,4,0.8964774105630218,0.0,0.0,-0.061111111111111116,1.3501209091277144,100.0,28.0
2028,5,8,4,3.5,2.0,4.75,4.75,6,7,4,0.8410784145286684,0.0,0.0,0.13333333333333333,no switch,40.0,31.0
2029,0,5,14,3.5,3.0,3.0,3.5,2,5,2,0.8408766882383397,no switch,no switch,no switch,no switch,20.0,13.0
2030,8,8,14,4.5,2.0,5.0,4.75,4,3,4,0.7133161120654011,149.60161273253462,0.031944444444444435,0.0,2.0645459251542007,40.0,58.0
2031,8,8,2,3.5,4.25,5.0,3.5,4,5,4,0.7248355568845064,0.0,0.0,-0.17777777777777778,no switch,100.0,33.0
2032,2,8,2,4.5,3.25,3.75,2.5,5,8,4,0.849771301764811,0.0,0.0,-0.2888888888888889,no switch,20.0,21.0
2033,4,5,13,4.25,1.75,3.75,4.25,5,7,4,0.8374842589480698,4717.878902760957,0.0,-0.1111111111111111,0.3902573713114361,60.0,35.0
2034,4,5,5,4.5,2.25,3.75,3.75,5,8,3,0.9036874306870316,0.0,0.024305555555555552,0.18333333333333335,no switch,20.0,43.0
2035,5,5,25,4.75,3.5,4.75,5.0,5,4,4,0.7553129306194419,0.0,0.05555555555555555,0.2722222222222222,0.3926504432382259,60.0,46.0
2036,11,7,2,3.75,2.25,3.25,4.0,3,1,4,0.7579133828525388,22369966.176162723,-0.06666666666666667,-0.1111111111111111,2.3747157107264787,80.0,49.0
2037,7,8,2,4.0,1.75,4.5,4.5,6,6,3,0.8572572608792715,4425.456968906145,0.041666666666666664,0.0,1.1435767577227596,100.0,37.0
2038,6,8,8,3.25,4.25,3.75,5.0,4,5,4,0.8070864179690601,20685.356674370745,0.0625,0.24444444444444446,no switch,40.0,33.0
2039,0,8,0,4.75,2.25,4.5,4.75,4,7,3,0.8703262151466017,no switch,no switch,no switch,no switch,0.0,0.0
2040,0,5,13,4.25,1.5,3.5,2.5,2,5,4,0.8762756408358878,no switch,no switch,no switch,no switch,100.0,67.0
2041,0,5,5,4.5,1.5,4.75,3.75,4,8,4,0.7113969725453582,no switch,no switch,no switch,no switch,100.0,36.0
2042,4,8,4,4.0,3.0,3.5,3.5,5,5,4,0.8224118897635836,402.75615296469044,-0.013888888888888888,-0.0111111111111111,no switch,60.0,34.0
2043,0,5,18,3.25,3.5,5.0,4.75,2,6,4,0.8074801234321244,no switch,no switch,no switch,no switch,100.0,60.0
2044,8,7,5,4.5,5.0,3.5,4.5,5,5,4,0.9031423201710181,1569665.6527983516,-0.057291666666666664,0.4611111111111112,no switch,100.0,100.0
2045,0,8,26,4.25,3.5,3.75,3.75,4,7,4,0.780705529167168,no switch,no switch,no switch,no switch,40.0,55.0
2046,7,4,8,4.5,2.0,4.75,3.25,6,7,4,0.7276444284941753,0.9315923415345702,0.021527777777777774,-0.18333333333333335,no switch,40.0,41.0
2047,0,8,8,3.25,4.25,3.75,4.5,4,5,4,0.8622787562182125,no switch,no switch,no switch,no switch,40.0,16.0
2048,0,8,9,5.0,3.0,4.5,3.0,3,6,4,0.8376277004256962,no switch,no switch,no switch,no switch,40.0,45.0
2049,0,7,21,4.0,2.25,3.5,3.0,1,4,4,0.7932812697383522,no switch,no switch,no switch,no switch,60.0,44.0
2050,0,8,2,4.75,4.5,3.5,4.75,2,6,2,0.8625515039116162,no switch,no switch,no switch,no switch,40.0,33.0
2051,0,8,3,4.75,3.5,4.75,5.0,2,6,1,0.8296999888945643,no switch,no switch,no switch,no switch,40.0,36.0
2052,0,8,4,5.0,1.75,4.5,1.75,2,3,4,0.8278316985507115,no switch,no switch,no switch,no switch,60.0,32.0
2053,0,7,40,4.25,4.5,4.0,4.5,4,8,4,0.7913721750568802,no switch,no switch,no switch,no switch,100.0,42.0
2054,0,8,2,5.0,3.0,5.0,5.0,3,7,4,0.544903513274,no switch,no switch,no switch,no switch,40.0,44.0
2055,0,7,9,2.75,1.25,2.5,2.25,4,8,4,0.830889080734875,no switch,no switch,no switch,no switch,60.0,50.0
2056,0,6,28,3.75,3.0,3.0,3.5,4,8,3,0.8394368915877006,no switch,no switch,no switch,no switch,0.0,37.0
2057,0,7,12,4.25,3.25,4.0,2.75,2,7,4,0.8598754584640231,no switch,no switch,no switch,no switch,40.0,45.0
2058,0,8,1,4.75,5.0,4.5,4.75,4,8,4,0.8241545926026,no switch,no switch,no switch,no switch,100.0,0.0
